Timestamp,Target_Deg,Actual_Pos,Current_A,Voltage_V
0.0000,0.0000,8.0600,0.0000,0.0000
0.1053,1.3220,5.7000,0.6500,-27.5500
0.1203,1.5108,5.1600,8.1600,-22.8100
0.1306,1.6390,5.0000,8.6700,-16.3900
0.1408,1.7667,4.9200,5.6200,-9.0300
0.1509,1.8938,4.9300,11.9300,-0.7300
0.1611,2.0204,5.0300,6.5800,7.5700
0.1712,2.1475,5.2100,5.9500,14.4800
0.1813,2.2739,5.4500,3.7500,20.4600
0.1915,2.4009,5.7300,4.1000,24.6800
0.2017,2.5277,6.0600,1.3400,28.7500
0.2622,3.2799,8.1500,0.3000,31.8200
0.2724,3.4066,8.5000,0.0700,31.8100
0.2826,3.5322,8.8500,0.0100,31.8600
0.2928,3.6582,9.2000,0.1200,31.9900
0.3029,3.7832,9.5500,0.4100,31.8800
0.3489,4.3489,11.3000,0.0000,31.8000
0.3594,4.4776,11.6500,0.0800,31.8300
0.3698,4.6050,12.0000,0.0200,31.9000
0.3801,4.7307,12.3500,0.1700,31.8900
0.3904,4.8564,12.7000,-0.0400,31.7800
0.4008,4.9832,13.0600,0.0000,31.8800
0.4593,5.6920,15.1600,0.1100,31.8700
0.4696,5.8158,15.5100,-0.0300,31.8100
0.4801,5.9424,15.8600,0.3700,31.9600
0.4903,6.0648,16.2100,0.1900,31.8600
0.5006,6.1869,16.5600,0.2000,31.8800
0.5426,6.6874,17.9600,0.1400,31.8400
0.5529,6.8089,18.3100,0.0600,31.8300
0.5631,6.9292,18.6600,0.2000,32.0000
0.5732,7.0485,19.0100,0.4100,31.9300
0.5833,7.1673,19.3600,0.1500,31.8500
0.5934,7.2859,19.7100,0.0300,31.8000
0.6035,7.4036,20.0600,-0.2000,31.9400
0.6485,7.9260,21.8200,0.2200,31.9900
0.6588,8.0442,22.1700,0.1800,31.8800
0.6690,8.1610,22.5200,0.0400,31.7500
0.6791,8.2775,22.8700,-0.5000,31.8000
0.6893,8.3934,23.2200,0.1600,32.0700
0.6995,8.5096,23.5700,0.3600,31.9100
0.7097,8.6254,23.9200,0.1800,31.7700
0.7528,9.1111,25.3200,0.3300,31.7900
0.7631,9.2261,25.6700,-0.1500,31.7000
0.7735,9.3416,26.0200,0.0000,32.0700
0.7836,9.4541,26.3700,0.4800,32.0500
0.7938,9.5666,26.7200,0.4300,31.8700
0.8040,9.6786,27.0700,0.0600,31.7000
0.8507,10.1881,28.8300,-0.3100,31.8800
0.8610,10.2997,29.1800,0.1000,32.0700
0.8712,10.4097,29.5300,0.4200,31.9700
0.8816,10.5207,29.8800,0.1400,31.7000
0.8920,10.6312,30.2300,-0.1100,31.7200
0.9022,10.7399,30.5800,-0.0100,32.0500
0.9443,11.1828,31.9800,-0.0900,31.9600
0.9547,11.2905,32.3300,0.1400,32.0400
0.9649,11.3961,32.6800,0.1300,31.7900
0.9750,11.5001,33.0300,0.0300,31.5700
0.9852,11.6045,33.3800,-0.1200,31.9400
0.9953,11.7080,33.7300,0.1700,32.0400
1.0054,11.8108,34.0800,0.3600,31.8800
1.0498,12.2557,35.8300,0.0600,31.6200
1.0601,12.3577,36.1800,0.0700,31.8200
1.0702,12.4582,36.5300,0.0900,32.0100
1.0806,12.5593,36.8800,0.3500,32.0000
1.0908,12.6594,37.2300,0.2200,31.7000
1.1010,12.7577,37.5800,0.1300,31.7300
1.1444,13.1731,38.9800,0.0700,31.7000
1.1547,13.2703,39.3300,0.0000,31.9100
1.1649,13.3658,39.6800,0.1200,32.0300
1.1750,13.4605,40.0300,0.1800,31.8400
1.1852,13.5552,40.3800,0.2200,31.6500
1.1955,13.6499,40.7300,0.0800,31.8700
1.2057,13.7433,41.0800,0.0700,31.9700
1.2482,14.1262,42.8300,0.1100,31.9400
1.2585,14.2175,43.1800,0.0000,31.6800
1.2689,14.3090,43.5300,-0.0300,31.8300
1.2793,14.3998,43.8800,0.0000,31.9200
1.2895,14.4891,44.2400,0.2700,31.9900
1.2999,14.5785,44.5800,0.0900,31.7600
1.3102,14.6669,44.9400,0.0800,31.8300
1.3203,14.7531,45.2900,0.0400,31.9300
1.3305,14.8388,45.6400,0.1600,31.9800
1.3407,14.9248,45.9900,0.2000,31.8200
1.3510,15.0103,46.3400,0.1700,31.8800
1.3611,15.0944,46.6900,0.1000,31.8700
1.3713,15.1782,47.0400,0.1300,31.9700
1.3816,15.2623,47.3900,0.4300,31.8600
1.3919,15.3451,47.7400,0.1300,31.8600
1.4021,15.4268,48.0900,0.0000,31.8900
1.4485,15.7912,49.8400,-0.0200,31.8900
1.4587,15.8700,50.1900,0.1200,31.8700
1.4689,15.9473,50.5400,-0.1100,31.8300
1.4790,16.0241,50.8900,0.0700,31.8900
1.4892,16.0999,51.2400,0.0100,31.8200
1.4993,16.1752,51.5900,0.0000,31.8600
1.5096,16.2511,51.9400,-0.1700,31.8300
1.5538,16.5686,53.3400,-0.1900,31.8100
1.5641,16.6408,53.7000,0.3400,31.9900
1.5744,16.7119,54.0400,0.2100,31.8500
1.5846,16.7822,54.4000,0.1300,31.8500
1.5949,16.8520,54.7500,-0.1600,31.8300
1.6051,16.9210,55.1000,0.4500,32.0100
1.6498,17.2138,56.8500,0.6000,31.9600
1.6601,17.2791,57.2000,0.2400,31.8600
1.6703,17.3432,57.5500,0.1000,31.7800
1.6806,17.4073,57.9000,-0.1100,31.9800
1.6907,17.4698,58.2500,0.5500,32.0200
1.7009,17.5317,58.6000,0.3600,31.8400
1.7457,17.7955,60.0000,0.2800,31.9000
1.7563,17.8557,60.3500,0.0300,31.7400
1.7665,17.9131,60.7100,-0.5200,31.7900
1.7767,17.9697,61.0600,0.0300,32.0800
1.7868,18.0255,61.7600,0.0300,31.7600
1.7970,18.0803,62.1100,-0.3000,31.7200
1.8075,18.1362,62.4600,-0.0100,32.0700
1.8543,18.3763,63.8600,-0.0800,32.0400
1.8646,18.4271,64.2100,0.5000,32.0400
1.8748,18.4765,64.5600,0.3800,31.8700
1.8850,18.5254,64.9100,0.0100,31.6600
1.8952,18.5734,65.2600,-0.0900,31.9400
1.9054,18.6203,65.6200,0.3700,32.1100
1.9483,18.8105,67.3700,0.4600,31.9800
1.9588,18.8547,67.7100,0.1300,31.6900
1.9692,18.8981,68.0600,-0.0900,31.7200
1.9795,18.9400,68.4200,-0.0600,32.0400
1.9897,18.9805,68.7700,0.2200,31.9800
2.0000,19.0211,69.1100,0.1200,31.7300
2.0101,19.0600,69.4600,0.1300,31.6300
2.0205,19.0991,69.8200,-0.0400,31.9400
2.0311,19.1381,70.1700,0.0800,32.0400
2.0413,19.1750,70.5200,0.1300,31.7900
2.0515,19.2110,70.8600,0.1200,31.5700
2.0616,19.2462,71.2200,-0.1000,31.9200
2.0718,19.2806,71.5700,0.0600,32.0300
2.0820,19.3142,71.9200,0.2800,31.8900
2.0922,19.3470,72.2700,0.1200,31.5900
2.1025,19.3794,72.6200,0.0100,31.8500
2.1467,19.5091,74.0200,0.0100,31.8200
2.1571,19.5376,74.7200,0.2400,32.0000
2.1673,19.5647,75.0700,0.1000,31.7100
2.1775,19.5909,75.4200,0.0600,31.7600
2.1877,19.6162,75.7700,0.0300,31.9700
2.1978,19.6407,76.1200,0.2900,32.0100
2.2083,19.6650,76.4700,0.3800,31.7800
2.2548,19.7631,77.8700,0.3000,31.8600
2.2651,19.7825,78.2200,0.0400,31.7100
2.2753,19.8010,78.5700,-0.0200,31.8800
2.2855,19.8186,78.9200,0.0500,31.9700
2.2959,19.8357,79.2700,0.2000,31.9000
2.3061,19.8518,79.6200,0.0900,31.7100
2.3181,19.8695,80.3200,-0.0500,31.9400
2.3283,19.8837,80.6700,0.1700,31.9200
2.3385,19.8971,81.0200,0.0000,31.7200
2.3487,19.9097,81.3700,-0.0100,31.8400
2.3589,19.9215,81.7200,-0.0200,31.8900
2.3691,19.9324,82.0700,0.2300,31.9600
2.3792,19.9425,82.4200,0.0900,31.7800
2.3894,19.9517,82.7700,0.2200,31.8500
2.3997,19.9603,83.1200,0.0600,31.9100
2.4099,19.9680,83.4800,0.1700,31.9500
2.4516,19.9908,84.8800,0.0900,31.9400
2.4619,19.9943,85.2300,0.2500,31.8500
2.4720,19.9969,85.5800,0.2500,31.9000
2.4822,19.9987,85.9300,0.1100,31.8900
2.4923,19.9998,86.2800,0.1300,31.8800
2.5024,20.0000,86.6300,0.3500,31.8700
2.5441,19.9923,88.0300,0.1700,31.8600
2.5543,19.9884,88.3800,-0.1400,31.8800
2.5646,19.9836,88.7300,0.1600,31.9200
2.5749,19.9778,89.0800,0.0000,31.8200
2.5851,19.9714,89.4300,-0.0700,31.8400
2.5953,19.9642,89.7800,-0.3500,31.8600
2.6055,19.9561,90.1300,0.1400,31.9400
2.6530,19.9076,91.8800,0.2100,31.8600
2.6633,19.8948,92.2300,0.1400,31.8200
2.6735,19.8812,92.5900,-0.2300,31.8000
2.6838,19.8667,92.9400,0.3500,32.0400
2.6940,19.8516,93.2900,0.5800,31.9600
2.7041,19.8357,93.6400,0.2300,31.8300
2.7522,19.7495,95.3900,0.0800,31.7600
2.7627,19.7282,95.7400,-0.1400,32.0100
2.7729,19.7066,96.0900,0.5000,32.0700
2.7833,19.6839,96.4400,0.4100,31.8600
2.7935,19.6610,96.7900,0.0600,31.7400
2.8037,19.6370,97.1400,-0.5300,31.9000
2.8515,19.5141,98.9000,-0.0600,32.0800
2.8620,19.4848,99.2500,0.2000,31.9700
2.8722,19.4554,99.6000,0.0300,31.7500
2.8825,19.4253,99.9500,-0.2400,31.6900
2.8927,19.3944,100.3000,-0.0700,32.0500
2.9029,19.3627,100.6500,0.3600,32.0500
2.9625,19.1615,102.7500,0.0600,31.6200
2.9728,19.1239,103.1000,-0.0100,31.9100
2.9831,19.0857,103.4500,0.3400,32.1000
2.9933,19.0470,103.8000,0.4300,31.9300
3.0035,19.0076,104.1500,0.1100,31.6500
3.0476,18.8277,105.9000,0.0000,31.7200
3.0580,18.7835,106.2600,-0.0500,32.0300
3.0682,18.7389,106.6100,0.2000,32.0100
3.0784,18.6936,106.9500,0.1400,31.7500
3.0887,18.6475,107.3000,0.1900,31.6400
3.0991,18.5999,107.6600,0.0800,31.9200
3.1094,18.5517,108.0100,0.1600,32.0300
3.1591,18.3092,109.7600,0.0900,31.8900
3.1694,18.2571,110.1000,0.0700,31.5900
3.1795,18.2046,110.4600,-0.0300,31.8300
3.1897,18.1510,110.8100,0.0100,32.0300
3.1999,18.0972,111.1600,0.3000,31.9500
3.2101,18.0422,111.5100,0.0600,31.6400
3.2204,17.9862,111.8600,0.0300,31.8200
3.2305,17.9299,112.2100,0.0300,31.9700
3.2407,17.8729,112.5600,0.2600,32.0100
3.2509,17.8153,112.9100,0.1300,31.7200
3.2610,17.7570,113.2600,0.1100,31.7800
3.2711,17.6980,113.6100,0.0600,31.9600
3.2813,17.6381,113.9600,0.2800,32.0100
3.2915,17.5772,114.3100,0.2900,31.8000
3.3017,17.5156,114.6600,0.1000,31.7900
3.3512,17.2071,116.4100,-0.0600,31.8900
3.3615,17.1409,116.7600,0.0000,31.9500
3.3717,17.0745,117.1100,0.2400,31.9000
3.3819,17.0076,117.4600,0.0500,31.7700
3.3920,16.9399,117.8100,0.0400,31.8200
3.4022,16.8714,118.1600,0.0000,31.9200
3.4460,16.5702,119.5600,-0.0500,31.8600
3.4562,16.4978,119.9100,0.0900,31.9300
3.4663,16.4256,120.2600,-0.0200,31.8000
3.4764,16.3527,120.6200,0.1800,31.8600
3.4865,16.2792,120.9600,0.1000,31.8800
3.4967,16.2050,121.3200,0.1600,31.9200
3.5068,16.1301,121.6700,0.0400,31.8200
3.5510,15.7954,123.4200,0.4100,31.9500
3.5612,15.7162,123.7700,0.2200,31.9000
3.5715,15.6364,124.1200,0.1900,31.8600
3.5817,15.5561,124.4700,0.2900,31.8600
3.5919,15.4751,124.8200,0.1800,31.9700
3.6021,15.3935,125.1700,0.3400,31.8900
3.6479,15.0194,126.9200,0.0100,31.8400
3.6584,14.9322,127.2700,-0.0600,31.8100
3.6686,14.8465,127.6200,-0.4900,31.8800
3.6790,14.7588,127.9700,0.2000,31.9700
3.6892,14.6719,128.3200,0.0400,31.8700
3.6996,14.5830,128.6700,-0.0100,31.7800
3.7098,14.4948,129.0300,-0.4900,31.8200
3.7575,14.0755,130.7800,0.2900,32.0600
3.7678,13.9833,131.1300,0.6500,31.9900
3.7779,13.8917,131.4800,0.3400,31.8100
3.7882,13.7986,131.8300,-0.1300,31.7500
3.7984,13.7054,132.1800,-1.1900,32.0500
3.8086,13.6117,132.5200,-1.0400,31.2400
3.8563,13.1669,133.4400,-2.0600,17.6300
3.8665,13.0697,133.6000,-0.6100,15.3500
3.8767,12.9725,133.7600,-7.0600,4.0100
3.8869,12.8748,133.6900,-4.5500,-4.4300
3.8971,12.7768,133.5500,-5.2200,-11.1400
3.9072,12.6783,133.3600,-3.4200,-15.8400
3.9513,12.2448,132.3800,0.2100,-22.9500
3.9616,12.1428,132.1400,-5.5700,-22.4500
3.9717,12.0415,131.8500,-3.6200,-25.3600
3.9818,11.9398,131.5300,-2.2400,-28.6200
3.9920,11.8374,131.1900,-0.4100,-30.5400
4.0022,11.7335,130.8400,-0.0300,-31.5400
4.0447,11.2967,129.4400,0.0200,-31.7900
4.0550,11.1897,129.0900,-0.0900,-31.9600
4.0652,11.0827,128.7400,-0.1200,-31.9200
4.0754,10.9764,128.3900,-0.2200,-31.7500
4.0855,10.8697,128.0400,-0.0400,-31.7600
4.0960,10.7591,127.6900,0.0200,-31.9200
4.1062,10.6510,127.3400,-0.1000,-31.9000
4.1544,10.1331,125.5900,-0.1100,-31.8200
4.1647,10.0213,125.2400,0.0800,-31.7400
4.1749,9.9107,124.8900,-0.0400,-31.8800
4.1850,9.8000,124.5400,-0.0400,-31.8700
4.1951,9.6889,124.1900,-0.1300,-31.8800
4.2052,9.5776,123.8400,-0.0900,-31.7300
4.2522,9.0547,122.0800,-0.1100,-31.9000
4.2626,8.9386,121.7400,-0.0900,-31.8500
4.2728,8.8241,121.3800,-0.0400,-31.8900
4.2830,8.7088,121.0300,-0.1800,-31.8600
4.2932,8.5932,120.6800,-0.2500,-31.9600
4.3034,8.4774,120.3300,-0.1500,-31.8500
4.3483,7.9624,118.5800,0.0900,-31.8400
4.3586,7.8434,118.2300,-0.0600,-31.8700
4.3688,7.7258,117.8800,0.0300,-31.9400
4.3789,7.6079,117.5300,-0.2000,-31.8900
4.3891,7.4897,117.1800,0.0300,-31.8000
4.3992,7.3716,116.8300,0.2100,-31.8900
4.4094,7.2524,116.4800,0.3700,-31.9400
4.4522,6.7486,115.0700,0.3800,-32.0000
4.4624,6.6274,114.7200,-0.9000,-32.0600
4.4726,6.5072,114.3700,-0.1200,-31.8600
4.4827,6.3866,114.0200,0.1900,-31.8900
4.4930,6.2642,113.6700,0.3100,-31.9600
4.5033,6.1407,113.3200,-1.1800,-32.1700
4.5439,5.6539,111.9100,-0.7100,-32.1900
4.5541,5.5298,111.5600,-0.8100,-32.0300
4.5643,5.4072,111.2100,0.1300,-31.8900
4.5745,5.2841,110.8600,0.3600,-31.9300
4.5846,5.1606,110.5000,0.1700,-32.2000
4.5948,5.0376,110.1500,-0.7100,-32.1300
4.6050,4.9128,109.8000,0.0100,-31.8900
4.6479,4.3882,108.0400,0.1900,-31.8500
4.6582,4.2626,107.6900,0.6100,-32.0300
4.6684,4.1374,107.3300,-0.8500,-32.3000
4.6785,4.0128,106.9800,-0.6700,-32.0500
4.6886,3.8878,106.6300,-0.0600,-31.9000
4.6988,3.7623,106.2800,0.2100,-31.9300
4.7090,3.6364,105.9200,-0.3600,-32.3200
4.7542,3.0762,104.5100,0.5000,-32.2000
4.7645,2.9481,104.1600,-0.8200,-32.2200
4.7748,2.8206,103.8100,-0.1300,-31.9600
4.7851,2.6927,103.4600,0.0000,-31.8000
4.7953,2.5648,103.1100,0.7700,-32.0400
4.8057,2.4361,102.7500,-0.2200,-32.2000
4.8541,1.8307,101.0000,-0.3500,-32.0200
4.8644,1.7019,100.6500,-0.1700,-31.7700
4.8746,1.5743,100.3000,0.1000,-31.7800
4.8848,1.4470,99.9400,-0.0400,-32.1400
4.8949,1.3200,99.5900,-0.5100,-32.0600
4.9050,1.1927,99.2400,-0.3200,-31.8400
4.9457,0.6824,97.8400,-0.4900,-31.8400
4.9559,0.5544,97.4900,-0.0200,-31.7200
4.9661,0.4265,97.1400,0.1300,-31.9100
4.9762,0.2993,96.7900,-0.3100,-32.0500
4.9863,0.1716,96.4400,-0.2500,-31.9100
4.9965,0.0441,96.0900,-0.0800,-31.6800
5.0067,-0.0836,95.7400,0.1800,-31.8200
5.0493,-0.6190,93.9900,0.0100,-31.9700
5.0598,-0.7518,93.6400,-0.1200,-31.9200
5.0701,-0.8812,93.2900,-0.2000,-31.7500
5.0803,-1.0093,92.9400,0.0400,-31.7000
5.0905,-1.1370,92.5900,0.0000,-31.9300
5.1008,-1.2653,92.2400,-0.0600,-31.9200
5.1457,-1.8281,90.8400,0.0000,-31.9300
5.1561,-1.9590,90.4900,-0.2400,-31.8500
5.1664,-2.0874,90.1400,-0.0800,-31.7200
5.1770,-2.2198,89.4400,-0.0400,-31.9000
5.1873,-2.3478,89.0900,-0.2300,-31.9100
5.1975,-2.4754,88.7400,-0.1300,-31.7700
5.2079,-2.6056,88.3900,-0.1200,-31.9100
5.2514,-3.1462,86.9900,-0.0300,-31.8800
5.2617,-3.2734,86.6400,-0.1800,-31.8700
5.2721,-3.4023,86.2900,-0.0100,-31.8900
5.2824,-3.5304,85.9400,-0.2100,-31.8500
5.2926,-3.6566,85.5900,0.0000,-31.8800
5.3031,-3.7854,85.2400,-0.0300,-31.8500
5.3467,-4.3229,83.8400,-0.1300,-31.8700
5.3570,-4.4487,83.1300,-0.0700,-31.8500
5.3672,-4.5738,82.7800,0.1800,-31.9000
5.3773,-4.6973,82.4300,-0.2800,-31.9100
5.3874,-4.8207,82.0800,-0.0300,-31.8000
5.3976,-4.9441,81.7300,0.1500,-31.8900
5.4078,-5.0688,81.3800,0.1600,-31.8900
5.4197,-5.2135,81.0300,-0.7100,-32.0000
5.4299,-5.3366,80.6800,-0.0500,-31.8200
5.4400,-5.4594,80.3300,-0.0100,-31.8500
5.4503,-5.5835,79.9800,0.1400,-31.9500
5.4606,-5.7072,79.6300,-0.8800,-32.0600
5.4707,-5.8290,79.2800,-0.3700,-31.8700
5.4809,-5.9514,78.9300,0.0200,-31.8800
5.4911,-6.0736,78.5700,0.0700,-31.9500
5.5012,-6.1951,78.2200,-0.9100,-32.1500
5.5431,-6.6926,76.8200,-0.1700,-32.1300
5.5533,-6.8137,76.4700,-0.8000,-32.0300
5.5634,-6.9333,76.1100,0.0800,-31.8700
5.5736,-7.0525,75.7600,0.2500,-31.8900
5.5837,-7.1712,75.4100,0.5400,-32.1000
5.5939,-7.2909,75.0600,-0.7200,-32.1000
5.6040,-7.4093,74.7100,-0.0500,-31.8700
5.6467,-7.9049,73.3000,-0.3400,-31.9800
5.6572,-8.0254,72.5900,0.4500,-32.0300
5.6674,-8.1427,72.2400,-0.9400,-32.3100
5.6776,-8.2595,71.8900,-0.8500,-32.1000
5.6877,-8.3755,71.5400,-0.0400,-31.9200
5.6979,-8.4913,71.1800,0.2100,-31.9500
5.7080,-8.6063,70.8300,-0.0900,-32.3100
5.7577,-9.1658,69.0700,-0.7200,-32.2200
5.7681,-9.2814,68.7200,-0.2300,-31.9700
5.7782,-9.3943,68.3700,0.0400,-31.7900
5.7885,-9.5077,68.0100,0.7000,-31.9900
5.7987,-9.6204,67.6600,-0.4200,-32.2500
5.8091,-9.7347,67.3100,-0.4800,-32.0100
5.8518,-10.2005,65.9000,-0.5700,-32.0800
5.8621,-10.3109,65.5500,-0.3000,-31.8200
5.8723,-10.4209,65.2000,0.0300,-31.8000
5.8826,-10.5317,64.8500,0.0600,-32.1400
5.8928,-10.6401,64.5000,-0.7500,-32.1100
5.9029,-10.7475,64.1500,-0.4300,-31.8800
5.9423,-11.1614,62.7500,-0.3900,-31.8900
5.9526,-11.2683,62.4000,-0.0900,-31.7200
5.9628,-11.3738,62.0400,0.3000,-31.8500
5.9729,-11.4789,61.6900,-0.1500,-32.0700
5.9831,-11.5837,61.3400,-0.2800,-31.9200
5.9934,-11.6881,60.9900,-0.2200,-31.6900
6.0036,-11.7919,60.6400,0.1300,-31.7500
6.0450,-12.2086,59.2400,0.0700,-31.6700
6.0553,-12.3103,58.8900,-0.0300,-31.9800
6.0655,-12.4111,58.5400,-0.1300,-31.9500
6.0756,-12.5106,58.1900,-0.2100,-31.7800
6.0857,-12.6097,57.8400,-0.0100,-31.6700
6.0958,-12.7079,57.4900,-0.0600,-31.9300
6.1060,-12.8060,57.1400,-0.1700,-31.9500
6.1190,-12.9317,56.4400,-0.0800,-31.6700
6.1292,-13.0292,56.0900,-0.0300,-31.9200
6.1395,-13.1267,55.7400,-0.1000,-31.9500
6.1496,-13.2227,55.3900,-0.3300,-31.8700
6.1598,-13.3187,55.0400,-0.1700,-31.7500
6.1700,-13.4132,54.6900,-0.0700,-31.8700
6.1801,-13.5078,54.3400,-0.1900,-31.9400
6.1904,-13.6024,53.9900,-0.2100,-31.9300
6.2005,-13.6960,53.6400,-0.3100,-31.7900
6.2432,-14.0817,52.2400,-0.2000,-31.8400
6.2535,-14.1729,51.8900,0.0100,-31.7800
6.2637,-14.2633,51.5400,-0.0300,-31.8700
6.2739,-14.3529,51.1900,0.0000,-31.8800
6.2840,-14.4412,50.8400,-0.1900,-31.8300
6.2941,-14.5289,50.4900,0.0600,-31.8000
6.3043,-14.6159,50.1400,-0.0300,-31.8500
6.3456,-14.9656,48.7400,-0.2700,-31.9000
6.3559,-15.0509,48.3900,-0.0500,-31.8200
6.3661,-15.1354,48.0400,-0.1300,-31.8600
6.3763,-15.2187,47.6800,-0.0600,-31.8600
6.3865,-15.3014,47.3300,-0.5100,-31.9400
6.3968,-15.3845,46.9800,-0.0800,-31.8300
6.4069,-15.4655,46.2800,0.0000,-31.8800
6.4490,-15.7954,44.8800,0.0300,-31.9600
6.4593,-15.8743,44.5300,-0.5300,-32.0500
6.4695,-15.9519,44.1800,-0.4300,-31.9100
6.4797,-16.0289,43.8300,0.0800,-31.8700
6.4899,-16.1053,43.4700,0.1000,-31.9300
6.5002,-16.1821,43.1200,-0.1000,-32.0900
6.5451,-16.5070,41.7200,0.4300,-32.0300
6.5557,-16.5819,41.3700,-0.6000,-32.0400
6.5662,-16.6552,41.0200,0.1000,-31.8500
6.5767,-16.7276,40.6600,0.3100,-31.8600
6.5869,-16.7976,40.3100,0.6600,-32.0400
6.5971,-16.8667,39.6100,-0.3300,-31.9100
6.6074,-16.9365,39.2600,0.2200,-31.9000
6.6531,-17.2348,37.8500,-0.0300,-31.8900
6.6634,-17.3000,37.5000,0.3800,-32.0300
6.6736,-17.3639,37.1400,-0.4100,-32.2700
6.6837,-17.4268,36.7900,-0.9600,-32.1100
6.6939,-17.4891,36.4400,0.0400,-31.9300
6.7040,-17.5506,36.0900,0.3100,-31.9100
6.7483,-17.8104,34.3200,1.0700,-32.0500
6.7587,-17.8696,33.9700,-0.6900,-32.2800
6.7689,-17.9268,33.6200,-0.1800,-32.0300
6.7791,-17.9832,33.2700,0.0300,-31.8300
6.7895,-18.0399,32.9200,0.4500,-31.9800
6.7998,-18.0953,32.5600,-0.5000,-32.3000
6.8099,-18.1494,32.2100,-0.6700,-32.1100
6.8537,-18.3736,30.8000,-0.8500,-32.1600
6.8640,-18.4243,30.4500,-0.4500,-31.8800
6.8744,-18.4747,30.1000,0.0000,-31.8200
6.8845,-18.5230,29.7500,0.3900,-32.0800
6.8947,-18.5707,29.4000,-0.6600,-32.1600
6.9048,-18.6174,29.0500,-0.3100,-31.9400
6.9476,-18.8074,27.2900,-0.0900,-31.7400
6.9579,-18.8510,26.9400,0.4100,-31.7700
6.9681,-18.8934,26.5900,-0.0200,-32.1100
6.9783,-18.9350,26.2400,-0.1400,-31.9800
6.9888,-18.9771,25.8900,-0.1000,-31.7300
6.9991,-19.0175,25.5400,0.1400,-31.7100
7.0092,-19.0566,25.1900,-0.0300,-32.0200
7.0525,-19.2147,23.7900,-0.0500,-31.9900
7.0627,-19.2499,23.4400,-0.2500,-32.0000
7.0729,-19.2841,23.0900,-0.3800,-31.8400
7.0830,-19.3175,22.7400,-0.0700,-31.7000
7.0932,-19.3503,22.3900,0.0300,-31.9200
7.1034,-19.3822,22.0400,-0.2500,-32.0000
7.1535,-19.5280,20.2900,-0.2700,-31.9200
7.1639,-19.5556,19.9400,-0.2100,-31.7900
7.1742,-19.5823,19.5900,-0.0300,-31.7800
7.1844,-19.6080,19.2400,-0.0800,-31.9300
7.1945,-19.6327,18.8900,-0.0700,-31.9300
7.2047,-19.6566,18.5400,-0.2100,-31.7900
7.2504,-19.7546,16.7900,0.0200,-31.7300
7.2607,-19.7743,16.4300,-0.0300,-31.8900
7.2709,-19.7931,16.0900,0.0200,-31.8700
7.2810,-19.8109,15.7400,-0.1300,-31.8500
7.2911,-19.8280,15.3900,0.0000,-31.8000
7.3013,-19.8443,15.0300,-0.1600,-31.8900
7.3448,-19.9049,13.6300,-0.3000,-31.9400
7.3550,-19.9171,13.2800,-0.0600,-31.8500
7.3653,-19.9284,12.9300,-0.2000,-31.8700
7.3755,-19.9388,12.5800,-0.1900,-31.8800
7.3856,-19.9484,12.2300,-0.3000,-31.9500
7.3959,-19.9573,11.8800,-0.1800,-31.8600
7.4061,-19.9652,11.5300,-0.0800,-31.8900
7.4480,-19.9893,9.7800,-0.0200,-31.9400
7.4583,-19.9931,9.4300,-0.0300,-31.9700
7.4685,-19.9961,9.0800,-0.3200,-31.9100
7.4786,-19.9982,8.7300,0.1200,-31.8300
7.4888,-19.9995,8.3800,0.0800,-31.8700
7.4990,-20.0000,8.0300,0.1900,-31.9800
7.5093,-19.9997,7.6700,-0.3000,-31.9600
7.5534,-19.9887,6.2700,-0.8700,-32.0700
7.5637,-19.9840,5.9200,-0.0700,-31.8600
7.5739,-19.9785,5.5700,0.0900,-31.8600
7.5842,-19.9720,5.2200,0.4000,-32.0300
7.5944,-19.9648,4.8600,-1.1800,-32.1800
7.6046,-19.9568,4.5100,-0.4200,-31.9400
7.6508,-19.9102,2.7500,-0.1600,-31.8600
7.6611,-19.8976,2.4000,0.3100,-31.9800
7.6712,-19.8843,2.0500,0.0500,-32.2000
7.6814,-19.8702,1.7000,-0.9800,-32.1100
7.6916,-19.8552,1.3500,0.0200,-31.9100
7.7018,-19.8395,0.9900,0.2400,-31.8800
7.7466,-19.7604,-0.4100,0.3200,-31.9000
7.7568,-19.7402,-0.7600,0.7400,-32.0300
7.7670,-19.7193,-1.4600,-0.4600,-32.0600
7.7772,-19.6974,-1.8100,-0.0700,-31.8600
7.7873,-19.6750,-2.1700,0.3100,-31.9700
7.7975,-19.6516,-2.5200,-0.3500,-32.2900
7.8076,-19.6275,-2.8700,-0.8900,-32.1300
7.8477,-19.5247,-4.2800,-0.7500,-32.2000
7.8579,-19.4964,-4.6300,-0.3200,-31.9300
7.8680,-19.4677,-4.9800,0.0400,-31.8400
7.8783,-19.4377,-5.3400,0.8200,-32.0400
7.8885,-19.4072,-5.6900,-0.4400,-32.2100
7.8988,-19.3756,-6.0400,-0.2700,-31.9700
7.9089,-19.3436,-6.3900,-0.1200,-31.7500
7.9523,-19.1979,-7.7900,0.0000,-31.7800
7.9626,-19.1611,-8.1500,0.1900,-31.7400
7.9729,-19.1237,-8.5000,-0.1200,-32.1300
7.9830,-19.0860,-8.8500,-0.3700,-32.0300
7.9931,-19.0476,-9.2000,-0.3200,-31.7700
8.0034,-19.0078,-9.5500,0.0100,-31.7100
8.0471,-18.8299,-11.3000,0.0700,-31.9900
8.0576,-18.7852,-11.6500,-0.4000,-32.0400
8.0678,-18.7408,-12.0000,-0.5000,-31.8900
8.0779,-18.6959,-12.3500,-0.1400,-31.7400
8.0881,-18.6502,-12.7000,0.0400,-31.8600
8.0982,-18.6037,-13.0500,-0.1800,-32.0200
8.1085,-18.5561,-13.4000,-0.1800,-31.9300
8.1571,-18.3195,-15.1500,-0.2100,-31.7800
8.1677,-18.2659,-15.5000,-0.0100,-31.6900
8.1778,-18.2136,-15.8500,-0.0100,-31.9300
8.1881,-18.1598,-16.2000,-0.0400,-31.9300
8.1984,-18.1051,-16.5500,-0.1100,-31.8000
8.2085,-18.0505,-16.9000,0.0300,-31.7100
8.2506,-17.8166,-18.3000,-0.0600,-31.7100
8.2608,-17.7580,-18.6500,-0.1600,-31.9100
8.2710,-17.6990,-19.0000,-0.0100,-31.9000
8.2811,-17.6391,-19.3500,-0.2800,-31.8700
8.2914,-17.5780,-19.7000,-0.1300,-31.7900
8.3015,-17.5170,-20.0500,-0.0900,-31.8900
8.3434,-17.2572,-21.4600,-0.1400,-31.9300
8.3536,-17.1920,-21.8100,-0.2000,-31.8800
8.3637,-17.1265,-22.1600,-0.2600,-31.8800
8.3739,-17.0601,-22.5100,-0.2600,-31.9000
8.3841,-16.9927,-22.8600,-0.1200,-31.9100
8.3943,-16.9248,-23.2100,-0.1900,-31.8700
8.4045,-16.8561,-23.5600,0.0200,-31.8700
8.4471,-16.5619,-25.3100,0.0000,-31.8900
8.4574,-16.4892,-25.6600,0.1700,-31.8800
8.4675,-16.4169,-26.0100,-0.2500,-31.9100
8.4776,-16.3439,-26.3600,0.0900,-31.8200
8.4877,-16.2704,-26.7100,0.0800,-31.8600
8.4978,-16.1963,-27.0600,0.3000,-31.9500
8.5079,-16.1215,-27.4100,-0.6000,-31.9800
8.5536,-15.7754,-28.8200,-1.0700,-32.1100
8.5639,-15.6955,-29.1700,-0.2200,-31.8800
8.5741,-15.6158,-29.5200,-0.0300,-31.8600
8.5843,-15.5355,-29.8700,0.1400,-32.0000
8.5944,-15.4547,-30.2200,-0.8200,-32.1400
8.6047,-15.3727,-30.5700,-0.6200,-31.9300
8.6507,-14.9961,-32.3300,0.0200,-31.8700
8.6610,-14.9105,-32.6800,0.3400,-31.9500
8.6712,-14.8248,-33.0400,0.5200,-32.1200
8.6813,-14.7388,-33.3900,-0.8000,-32.1300
8.6915,-14.6525,-33.7400,0.0400,-31.9000
8.7016,-14.5653,-34.0900,0.3000,-31.8800
8.7446,-14.1901,-35.5000,0.1200,-31.9000
8.7550,-14.0973,-35.8500,0.4400,-31.9900
8.7652,-14.0062,-36.2100,-1.0300,-32.3200
8.7755,-13.9137,-36.5600,-0.6700,-32.0800
8.7856,-13.8219,-36.9100,-0.1600,-31.8800
8.7959,-13.7285,-37.2600,0.2200,-31.9700
8.8060,-13.6354,-37.6200,-0.1000,-32.2800
8.8483,-13.2420,-39.3800,-0.7500,-32.2200
8.8587,-13.1439,-39.7300,-0.3000,-31.9600
8.8690,-13.0465,-40.0800,0.0800,-31.8500
8.8792,-12.9484,-40.4300,0.8300,-31.9800
8.8894,-12.8511,-40.7900,-0.3800,-32.2400
8.8996,-12.7528,-41.1300,-0.2300,-32.0100
8.9097,-12.6543,-41.4800,-0.0300,-31.7700
8.9521,-12.2373,-42.8900,-0.2200,-31.8200
8.9624,-12.1350,-43.2400,0.0300,-31.7500
8.9725,-12.0333,-43.6000,-0.0200,-32.1700
8.9827,-11.9309,-43.9500,-0.5600,-32.1100
8.9928,-11.8284,-44.3000,-0.4700,-31.8500
9.0030,-11.7251,-44.6500,-0.0100,-31.7600
9.0438,-11.3057,-46.0500,-0.1100,-31.7000
9.0541,-11.1991,-46.4000,0.2400,-31.9100
9.0643,-11.0930,-46.7500,-0.1700,-32.0500
9.0744,-10.9867,-47.1000,-0.3600,-31.9000
9.0845,-10.8802,-47.4500,-0.1900,-31.7200
9.0946,-10.7734,-47.8000,0.0800,-31.7500
9.1047,-10.6662,-48.1500,-0.0300,-32.0100
9.1494,-10.1874,-49.9000,-0.1300,-31.9400
9.1596,-10.0767,-50.2500,-0.0700,-31.7900
9.1697,-9.9670,-50.6000,0.0000,-31.6600
9.1798,-9.8567,-50.9500,-0.1000,-31.9600
9.1899,-9.7457,-51.3000,-0.0900,-31.9500
9.2001,-9.6345,-51.6500,-0.2300,-31.8300
9.2394,-9.1984,-53.0500,-0.3500,-31.8900
9.2497,-9.0836,-53.4000,-0.1900,-31.7100
9.2598,-8.9700,-53.7500,-0.0800,-31.9000
9.2700,-8.8557,-54.1000,-0.1500,-31.9200
9.2801,-8.7413,-54.4500,-0.3600,-31.9000
9.2902,-8.6269,-54.8000,-0.2700,-31.8100
9.3003,-8.5119,-55.1500,-0.0900,-31.8700
9.3440,-8.0125,-56.5500,-0.0700,-31.8800
9.3542,-7.8941,-56.9000,-0.0500,-31.8800
9.3644,-7.7762,-57.2500,-0.1100,-31.8800
9.3746,-7.6582,-57.6000,-0.2400,-31.8900
9.3848,-7.5396,-57.9500,-0.0600,-31.8200
9.3950,-7.4214,-58.3000,-0.1200,-31.8700
9.4051,-7.3024,-58.6500,-0.0200,-31.8500
9.4530,-6.7392,-60.4100,0.0400,-31.9000
9.4634,-6.6163,-60.7600,0.1000,-31.8600
9.4738,-6.4924,-61.1100,-0.4800,-31.9600
9.4839,-6.3719,-61.4600,0.0000,-31.8200
9.4942,-6.2502,-61.8100,0.9100,-31.7900
9.5044,-6.1277,-62.1400,20.8400,-30.2300
9.5501,-5.5790,-62.5100,0.7400,1.1500
9.5606,-5.4521,-62.4900,10.7400,2.3800
9.5710,-5.3262,-62.3700,5.2800,9.5700
9.5813,-5.2005,-62.1700,5.4600,16.2600
9.5916,-5.0754,-61.9100,3.8000,22.0200
9.6019,-4.9510,-61.6100,3.3200,26.2100
9.6430,-4.4485,-60.2300,0.0700,31.7600
9.6532,-4.3231,-59.8800,0.1000,31.8500
9.6635,-4.1976,-59.5300,0.0300,31.8700
9.6737,-4.0718,-59.1800,0.2200,31.8900
9.6840,-3.9454,-58.8300,-0.0200,31.8200
9.6941,-3.8206,-58.4800,0.0800,31.8500
9.7044,-3.6936,-58.1300,-0.0300,31.8700
9.7445,-3.1972,-56.7300,0.0600,31.8300
9.7547,-3.0701,-56.3800,0.1900,31.8900
9.7649,-2.9433,-56.0300,-0.0400,31.8300
9.7753,-2.8140,-55.6800,0.4900,31.9500
9.7856,-2.6859,-55.3300,0.2900,31.8900
9.7958,-2.5585,-54.9800,0.1500,31.8600
9.8060,-2.4320,-54.6300,-0.0100,31.8400
9.8442,-1.9546,-53.2200,0.0500,31.8300
9.8544,-1.8266,-52.8700,0.3100,32.0100
9.8646,-1.6996,-52.5200,0.4800,31.9800
9.8747,-1.5728,-52.1700,0.2600,31.8400
9.8849,-1.4457,-51.8200,0.0900,31.8200
9.8950,-1.3182,-51.4700,-0.1700,31.9800
9.9052,-1.1906,-51.1200,0.3900,31.9800
9.9456,-0.6830,-49.7200,0.2600,32.0500
9.9558,-0.5548,-49.3700,0.1500,31.8800
9.9660,-0.4270,-49.0200,0.0000,31.7700
9.9762,-0.2995,-48.6600,-0.4700,31.8300
9.9863,-0.1720,-48.3100,0.1500,32.0700
9.9964,-0.0447,-47.9600,0.3600,31.9600
10.0066,0.0832,-47.6100,0.1400,31.7800
10.0458,0.5755,-46.2100,0.3300,31.8300
10.0562,0.7066,-45.8600,-0.0800,31.7200
10.0665,0.8349,-45.5100,-0.0100,32.0500
10.0766,0.9620,-45.1600,0.5900,32.1000
10.0867,1.0894,-44.8100,0.4500,31.8800
10.0969,1.2168,-44.4600,0.0200,31.7000
10.1070,1.3435,-43.7500,0.3600,32.1100
10.1453,1.8238,-42.7000,-0.2300,31.8600
10.1556,1.9521,-42.3500,0.1400,32.1000
10.1657,2.0786,-42.0000,0.4100,31.9500
10.1758,2.2052,-41.6500,0.2000,31.7000
10.1860,2.3324,-41.3000,-0.1200,31.7400
10.1962,2.4595,-40.9500,0.0000,32.0100
10.2064,2.5867,-40.6000,0.2900,32.0100
10.2473,3.0949,-38.8500,0.1200,31.8300
10.2576,3.2229,-38.5000,0.0500,31.6000
10.2678,3.3490,-38.1500,-0.0400,31.9300
10.2779,3.4744,-37.8000,0.2200,32.0800
10.2882,3.6014,-37.4500,0.3200,31.8800
10.2984,3.7281,-37.1000,0.0900,31.5900
10.3085,3.8529,-36.7500,0.0200,31.8900
10.3486,4.3460,-35.3500,0.0500,31.8000
10.3589,4.4720,-35.0000,0.0700,32.0500
10.3691,4.5966,-34.6500,0.2700,32.0100
10.3792,4.7204,-34.3000,0.1700,31.7100
10.3894,4.8445,-33.9500,0.1300,31.7800
10.3995,4.9679,-33.6000,-0.0100,31.9900
10.4096,5.0911,-33.2500,0.2900,32.0600
10.4538,5.6252,-31.8500,0.1500,32.0100
10.4641,5.7492,-31.5000,0.2400,31.8600
10.4745,5.8744,-31.1500,0.2100,31.6900
10.4846,5.9960,-30.8000,0.0900,31.8500
10.4948,6.1180,-30.4400,0.1000,32.0000
10.5051,6.2416,-30.1000,0.1900,31.9000
10.5468,6.7372,-28.3400,0.0100,31.7200
10.5575,6.8635,-27.9900,0.0100,31.8300
10.5678,6.9844,-27.6400,0.0300,31.9600
10.5779,7.1040,-27.2900,0.2600,31.9800
10.5882,7.2250,-26.9400,0.1500,31.7700
10.5984,7.3436,-26.5900,0.1100,31.8700
10.6086,7.4630,-26.2400,0.0400,31.8900
10.6588,8.0439,-24.4900,0.1800,31.9500
10.6692,8.1633,-24.1400,0.3900,31.8800
10.6794,8.2804,-23.7900,0.1200,31.8900
10.6896,8.3967,-23.4400,0.0300,31.8600
10.6998,8.5132,-23.0900,0.0400,31.9400
10.7100,8.6289,-22.7400,0.2400,31.9000
10.7550,9.1356,-21.3400,0.1000,31.8800
10.7654,9.2523,-20.9900,-0.1200,31.8500
10.7758,9.3678,-20.6400,0.1100,31.8800
10.7860,9.4809,-20.2900,-0.0200,31.8600
10.7963,9.5940,-19.9300,0.0500,31.8500
10.8065,9.7061,-19.5800,-0.1700,31.8300
10.8495,10.1758,-17.8300,0.4200,31.9800
10.8598,10.2863,-17.4800,0.2800,31.9100
10.8699,10.3952,-17.1300,0.1100,31.8400
10.8800,10.5037,-16.7800,-0.1700,31.8300
10.8902,10.6121,-16.4300,0.4300,32.0600
10.9003,10.7200,-16.0800,0.4200,31.9300
10.9405,11.1429,-14.6800,0.6100,32.0100
10.9508,11.2496,-14.3300,0.3200,31.8400
10.9609,11.3544,-13.9800,0.0900,31.7900
10.9710,11.4588,-13.6200,-0.2200,31.9900
10.9812,11.5638,-13.2700,0.4600,32.0000
10.9914,11.6684,-12.9200,0.3400,31.8800
11.0016,11.7715,-12.5700,0.0700,31.7500
11.0412,12.1709,-11.1700,0.0000,31.7500
11.0515,12.2726,-10.8200,-0.5100,31.8000
11.0618,12.3747,-10.4700,-0.0200,32.0800
11.0720,12.4755,-10.1200,0.2700,32.0000
11.0821,12.5748,-9.7700,0.1000,31.7700
11.0924,12.6749,-9.4200,-0.2400,31.7200
11.1025,12.7731,-9.0600,-0.0900,32.1000
11.1412,13.1429,-7.6600,-0.0400,32.0200
11.1514,13.2396,-7.3100,0.5300,32.1000
11.1617,13.3360,-6.9600,0.4700,31.8800
11.1719,13.4311,-6.6100,0.0300,31.6600
11.1821,13.5257,-6.2600,-0.1100,31.9700
11.1924,13.6209,-5.9100,0.2600,32.1000
11.2026,13.7145,-5.5600,0.5000,31.9700
11.2407,14.0592,-4.1600,0.4000,31.9800
11.2509,14.1502,-3.8100,0.1900,31.7100
11.2611,14.2402,-3.4600,-0.0100,31.7100
11.2713,14.3299,-3.1100,-0.0100,32.0000
11.2815,14.4189,-2.7600,0.2200,32.0300
11.2918,14.5086,-2.4100,0.1800,31.7400
11.3019,14.5959,-2.0600,0.1500,31.6000
11.3414,14.9308,-0.6600,0.1500,31.5900
11.3517,15.0165,-0.3100,-0.0300,31.8900
11.3619,15.1008,0.0400,0.0800,32.0700
11.3721,15.1843,0.3800,0.3100,31.9100
11.3822,15.2671,0.7300,0.1500,31.6000
11.3924,15.3491,1.0800,0.0500,31.8700
11.4026,15.4311,1.4400,0.1400,32.0200
11.4444,15.7598,2.8400,0.0400,32.0200
11.4547,15.8394,3.1900,0.2300,32.0100
11.4648,15.9167,3.5300,0.2100,31.7400
11.4750,15.9937,3.8800,0.1300,31.7700
11.4852,16.0707,4.2400,0.0100,31.9400
11.4954,16.1466,4.5900,0.2500,32.0500
11.5056,16.2214,4.9400,0.3300,31.8300
11.5441,16.4997,6.3400,0.3200,31.8800
11.5545,16.5730,6.6900,0.1300,31.7300
11.5647,16.6449,7.0400,0.0400,31.8400
11.5749,16.7154,7.3900,0.0800,31.9800
11.5851,16.7854,7.7400,0.2300,31.9100
11.5953,16.8546,8.0900,0.0800,31.7100
11.6057,16.9247,8.4400,0.0000,31.8500
11.6179,17.0062,9.1400,0.1700,31.9500
11.6281,17.0733,9.4900,0.0200,31.7500
11.6383,17.1393,9.8400,0.0600,31.8300
11.6484,17.2045,10.1900,0.0000,31.9200
11.6586,17.2694,10.5400,0.2600,31.9600
11.6687,17.3335,10.8900,0.1000,31.7900
11.6789,17.3967,11.2400,0.1700,31.9000
11.6890,17.4592,11.5900,0.1200,31.8800
11.6992,17.5212,11.9400,0.2000,31.9600
11.7094,17.5826,12.2900,0.2200,31.8400
11.7531,17.8380,13.7000,0.3300,31.8800
11.7636,17.8973,14.0500,0.1900,31.9400
11.7738,17.9541,14.4000,0.1100,31.8600
11.7840,18.0099,14.7500,0.0900,31.9000
11.7942,18.0651,15.1000,0.2200,31.8800
11.8044,18.1197,15.4500,0.0000,31.9000
11.8466,18.3379,16.8500,-0.2100,31.8900
11.8568,18.3891,17.2000,0.2100,31.9100
11.8671,18.4394,17.9000,0.0200,31.8200
11.8775,18.4897,18.2500,-0.3500,31.8500
11.8877,18.5379,18.6000,0.2300,31.9900
11.8979,18.5856,18.9500,0.0900,31.8500
11.9081,18.6329,19.3000,0.0200,31.8300
11.9464,18.8023,20.3500,0.4100,31.9200
11.9566,18.8457,20.7000,0.1400,31.8200
11.9668,18.8879,21.0500,-0.1700,31.7900
11.9769,18.9294,21.7600,0.5100,31.9700
11.9870,18.9701,22.1100,0.2600,31.8600
11.9971,19.0100,22.4600,-0.0100,31.7900
12.0073,19.0492,22.8100,0.0500,32.0500
12.0475,19.1972,24.2100,-0.3100,31.9900
12.0579,19.2335,24.5600,0.3500,32.0600
12.0682,19.2683,24.9100,0.4600,31.9100
12.0786,19.3029,25.2600,0.1100,31.7300
12.0887,19.3360,25.6100,-0.4800,31.8500
12.0989,19.3682,25.9700,0.1500,32.0800
12.1091,19.3998,26.3200,0.2900,31.9300
12.1510,19.5210,27.7200,0.2700,32.0300
12.1612,19.5486,28.0700,0.1600,31.7700
12.1714,19.5753,28.4200,-0.1200,31.6700
12.1819,19.6018,28.7700,-0.1100,32.0700
12.1921,19.6268,29.1200,0.3800,32.0600
12.2022,19.6510,29.4700,0.3600,31.8500
12.2431,19.7400,30.8700,0.4400,31.8900
12.2533,19.7603,31.2200,0.0800,31.6400
12.2635,19.7797,31.5700,-0.0500,31.9100
12.2738,19.7984,31.9300,0.1700,32.0700
12.2840,19.8160,32.2700,0.5000,31.9900
12.2941,19.8329,32.6200,0.2800,31.6800
12.3043,19.8489,32.9700,0.0600,31.7900
12.3444,19.9045,34.3700,0.0800,31.6900
12.3547,19.9167,34.7300,0.0000,31.9700
12.3649,19.9280,35.0800,0.1800,32.0300
12.3751,19.9384,35.4200,0.2100,31.7600
12.3852,19.9480,35.7700,0.2300,31.5900
12.3954,19.9568,36.1300,0.0200,31.9200
12.4056,19.9649,36.4800,0.0300,32.0100
12.4481,19.9894,38.2300,0.2600,31.9300
12.4584,19.9932,38.5700,0.1200,31.6100
12.4685,19.9961,38.9300,0.0300,31.8600
12.4787,19.9982,39.2800,0.0500,32.0000
12.4889,19.9995,39.6300,0.3500,31.9900
12.4990,20.0000,39.9800,0.0900,31.7000
12.5091,19.9997,40.3300,0.0500,31.8100
12.5528,19.9890,41.7300,0.0800,31.8000
12.5632,19.9842,42.0800,0.0300,31.9100
12.5736,19.9786,42.4300,0.1800,32.0200
12.5838,19.9723,42.7800,0.3900,31.8500
12.5940,19.9651,43.1300,0.1500,31.7600
12.6041,19.9572,43.4800,0.0100,31.9000
12.6436,19.9187,44.8800,0.0400,31.8400
12.6538,19.9067,45.2300,0.0000,31.9600
12.6640,19.8939,45.5800,0.1800,31.9200
12.6741,19.8804,45.9300,0.0500,31.7500
12.6843,19.8660,46.2800,0.0000,31.8600
12.6945,19.8508,46.6300,-0.0300,31.8900
12.7047,19.8348,46.9800,0.1300,31.9300
12.7484,19.7569,48.7400,0.1100,31.8100
12.7590,19.7358,49.0900,0.2700,31.9200
12.7692,19.7147,49.4400,0.1200,31.8700
12.7794,19.6925,49.7900,0.1600,31.9400
12.7897,19.6697,50.1400,0.1500,31.8600
12.8000,19.6458,50.4900,0.3700,31.9400
12.8101,19.6216,50.8400,0.2000,31.9000
12.8203,19.5964,51.1900,0.1500,31.8900
12.8305,19.5704,51.5400,0.2500,31.8700
12.8406,19.5438,51.8900,0.2100,31.9800
12.8507,19.5164,52.2400,0.2700,31.8900
12.8608,19.4882,52.5900,0.1100,31.8900
12.8711,19.4589,52.9400,0.1400,31.8600
12.8812,19.4291,53.2900,-0.0400,31.9300
12.8913,19.3984,53.6400,0.1800,31.9300
12.9015,19.3671,53.9900,0.0200,31.8400
12.9428,19.2309,55.3900,0.1100,31.8700
12.9531,19.1950,55.7400,0.0000,31.8100
12.9633,19.1587,56.1000,-0.4300,31.8500
12.9735,19.1214,56.4500,0.2300,32.0400
12.9838,19.0831,56.8000,0.2200,31.8700
12.9940,19.0444,57.1500,0.0700,31.8100
13.0042,19.0049,57.5000,-0.3100,31.8000
13.0439,18.8436,58.9000,-0.1600,31.7600
13.0541,18.8002,59.2500,0.1500,32.0900
13.0644,18.7555,59.6000,0.5700,32.0000
13.0746,18.7108,59.9500,0.3200,31.8600
13.0847,18.6652,60.3000,0.0400,31.7500
13.0949,18.6188,60.6600,-0.1300,32.0300
13.1053,18.5710,61.0100,0.5600,32.0900
13.1515,18.3475,62.7600,0.4300,31.9500
13.1619,18.2953,63.1100,0.1400,31.7200
13.1721,18.2432,63.4600,-0.3300,31.8000
13.1823,18.1904,63.8100,0.0400,32.0900
13.1924,18.1368,64.1600,0.2800,31.9500
13.2027,18.0823,64.5100,0.1500,31.7200
13.2441,17.8537,65.9100,0.2000,31.7800
13.2543,17.7955,66.2600,-0.0300,31.6300
13.2644,17.7371,66.6200,-0.1200,32.0300
13.2745,17.6780,66.9700,0.3500,32.0700
13.2847,17.6182,67.3200,0.4400,31.8600
13.2948,17.5578,67.6600,0.0100,31.6200
13.3050,17.4958,68.0200,-0.0400,31.9300
13.3465,17.2371,69.4200,0.0100,31.8800
13.3567,17.1715,69.7700,0.1100,32.0600
13.3669,17.1060,70.1200,0.4400,32.0000
13.3770,17.0398,70.8200,0.1500,31.7600
13.3871,16.9728,71.1700,0.0100,32.0400
13.3972,16.9052,71.5200,0.3200,32.0300
13.4074,16.8364,71.8700,0.1800,31.7700
13.4485,16.5520,73.2700,0.1700,31.8100
13.4589,16.4787,73.6200,0.2500,31.6200
13.4691,16.4059,73.9700,0.0200,31.9100
13.4792,16.3324,74.3200,0.0500,32.0000
13.4894,16.2583,74.6700,0.1700,31.8700
13.4996,16.1835,75.0200,0.1600,31.6100
13.5097,16.1084,75.3700,0.0400,31.8300
13.5491,15.8101,76.7700,0.0400,31.8500
13.5593,15.7310,77.1200,0.0600,31.9800
13.5694,15.6522,77.4700,0.3200,32.0100
13.5796,15.5725,77.8200,0.1200,31.7400
13.5897,15.4924,78.1700,0.1000,31.8200
13.5998,15.4115,78.5200,0.0100,31.9700
13.6100,15.3299,78.8700,0.2000,32.0200
13.6201,15.2478,79.2200,0.2100,31.8100
13.6303,15.1652,79.5700,0.0900,31.8300
13.6404,15.0814,79.9300,0.0300,31.9000
13.6505,14.9979,80.2800,0.1800,32.0200
13.6606,14.9134,80.6300,0.4800,31.8700
13.6708,14.8285,80.9700,0.1500,31.8000
13.6809,14.7430,81.3300,0.0200,31.8900
13.6910,14.6568,81.6800,0.0600,31.9600
13.7011,14.5701,82.0300,0.3900,31.9100
13.7402,14.2292,83.4300,0.2200,31.9100
13.7504,14.1381,83.7800,0.0200,31.7900
13.7607,14.0470,84.1300,0.0200,31.8700
13.7709,13.9554,84.4800,-0.0100,31.8600
13.7811,13.8630,84.8300,0.0700,31.9100
13.7913,13.7700,85.1800,-0.0600,31.8100
13.8015,13.6775,85.5300,0.1500,31.8800
13.8401,13.3192,86.9300,0.4200,31.9500
13.8504,13.2228,87.2800,0.1800,31.8500
13.8606,13.1256,87.6300,0.1800,31.9100
13.8709,13.0281,87.9800,0.0600,31.8500
13.8811,12.9307,88.3300,0.4700,31.9800
13.8912,12.8334,88.6800,0.2500,31.9200
13.9014,12.7347,89.0300,0.1700,31.8700
13.9422,12.3358,90.4400,0.1500,31.8700
13.9524,12.2340,90.7900,0.0700,31.8300
13.9629,12.1296,91.1400,-0.0900,31.9600
13.9731,12.0273,91.4900,0.2900,31.9700
13.9835,11.9229,91.8400,0.1300,31.8300
13.9938,11.8189,92.1900,0.0000,31.8000
14.0040,11.7149,92.5400,-0.4100,31.9000
14.0524,11.2163,94.2900,0.1800,32.0700
14.0628,11.1085,94.6400,0.2500,31.9200
14.0731,11.0008,94.9900,0.1300,31.7900
14.0833,10.8933,95.3400,-0.2800,31.7800
14.0934,10.7860,95.7000,0.2300,32.0800
14.1037,10.6768,96.0500,0.6400,32.0000
14.1467,10.2165,97.4500,0.5800,32.0400
14.1570,10.1047,98.1500,0.1000,31.7200
14.1674,9.9918,98.5000,-1.6400,31.6200
14.1776,9.8803,98.8000,-17.7300,28.1200
14.1879,9.7682,98.9800,-3.7800,18.8800
14.1980,9.6569,99.1000,-8.1000,11.8300
14.2082,9.5448,99.1100,-13.7600,3.4200
14.2503,9.0766,98.6900,-0.6000,-10.9100
14.2605,8.9620,98.5600,-9.0600,-11.5500
14.2707,8.8472,98.3800,-3.8700,-15.8300
14.2809,8.7324,98.1400,-3.4800,-20.3800
14.2910,8.6179,97.8700,-3.8200,-24.2100
14.3012,8.5023,97.5500,-1.2800,-28.0000
14.3460,7.9891,96.1600,0.0900,-31.6100
14.3563,7.8703,95.8100,0.0000,-31.9900
14.3665,7.7524,95.4600,-0.1300,-31.9700
14.3768,7.6331,95.1100,-0.3000,-31.7800
14.3870,7.5147,94.4100,-0.0300,-31.9600
14.3972,7.3956,94.0600,-0.2400,-31.9800
14.4074,7.2763,93.7100,-0.3200,-31.8700
14.4484,6.7938,92.3100,-0.4500,-31.8900
14.4587,6.6714,91.9600,-0.2100,-31.7700
14.4690,6.5498,91.6100,-0.0300,-31.8600
14.4792,6.4284,91.2600,-0.1900,-31.9400
14.4894,6.3066,90.9100,-0.2200,-31.9300
14.4998,6.1827,90.5600,-0.2500,-31.7700
14.5100,6.0603,90.2100,-0.0300,-31.8300
14.5202,5.9384,89.8600,-0.0600,-31.9100
14.5305,5.8147,89.5100,-0.1800,-31.9000
14.5407,5.6921,89.1600,-0.2900,-31.8400
14.5508,5.5699,88.8100,-0.0800,-31.7700
14.5610,5.4464,88.4600,-0.0800,-31.9000
14.5713,5.3223,88.1100,-0.0500,-31.8900
14.5815,5.1986,87.7600,-0.2400,-31.8400
14.5920,5.0711,87.4100,0.0300,-31.8000
14.6023,4.9462,87.0500,-0.0300,-31.8800
14.6447,4.4274,85.6500,-0.2400,-31.9000
14.6552,4.2997,85.3000,-0.0100,-31.8500
14.6653,4.1753,84.9500,-0.1600,-31.8600
14.6755,4.0501,84.6000,-0.0800,-31.8500
14.6856,3.9249,84.2500,-0.4200,-31.9300
14.6958,3.7994,83.9000,-0.1600,-31.8400
14.7060,3.6732,83.5500,-0.1400,-31.9000
14.7467,3.1694,82.1500,-0.1200,-31.8700
14.7572,3.0395,81.4500,-0.4600,-32.0100
14.7676,2.9101,81.1000,-0.4200,-31.8900
14.7777,2.7839,80.7500,0.0300,-31.8600
14.7879,2.6574,80.4000,0.0000,-31.9100
14.7983,2.5279,80.0400,-0.1400,-32.0400
14.8084,2.4017,79.6900,-0.3600,-31.9300
14.8496,1.8873,78.2900,-0.4900,-32.0200
14.8599,1.7586,77.9400,0.0800,-31.8400
14.8701,1.6302,77.5900,0.2600,-31.8700
14.8803,1.5031,77.2400,0.5800,-32.0400
14.8905,1.3745,76.8800,-0.9300,-32.1200
14.9007,1.2473,76.5300,-0.2500,-31.8900
14.9437,0.7068,75.1300,-0.4300,-31.9900
14.9542,0.5752,74.7700,-0.0500,-31.8700
14.9646,0.4452,74.4200,0.3700,-32.0200
14.9747,0.3177,74.0700,-0.7200,-32.2600
14.9849,0.1899,73.7200,-0.9600,-32.0900
14.9950,0.0625,73.3700,-0.0200,-31.9300
15.0052,-0.0652,73.0100,0.3000,-31.9400
15.0500,-0.6287,71.2500,1.0100,-32.1000
15.0603,-0.7578,70.9000,-0.8000,-32.2900
15.0705,-0.8855,70.5500,-0.0900,-32.0200
15.0806,-1.0127,70.1900,0.0800,-31.8500
15.0908,-1.1410,69.8400,0.5100,-32.0100
15.1012,-1.2713,69.4900,-0.6200,-32.3000
15.1434,-1.7999,68.0800,-0.1600,-32.2900
15.1537,-1.9282,67.7300,-0.8600,-32.1600
15.1639,-2.0557,67.3800,-0.4200,-31.8800
15.1740,-2.1827,67.0300,0.0500,-31.8600
15.1843,-2.3111,66.6700,0.4300,-32.1500
15.1944,-2.4374,66.3200,-0.6800,-32.2000
15.2046,-2.5640,65.9700,-0.2400,-31.9400
15.2451,-3.0674,64.5600,-0.3200,-31.9400
15.2553,-3.1943,64.2100,-0.1000,-31.7500
15.2654,-3.3199,63.8600,0.4200,-31.7900
15.2756,-3.4454,63.5100,-0.0700,-32.1300
15.2857,-3.5715,63.1600,-0.2000,-31.9900
15.2959,-3.6969,62.8100,-0.0900,-31.7300
15.3060,-3.8219,62.4600,0.1000,-31.7200
15.3486,-4.3458,60.7100,-0.0500,-32.0300
15.3589,-4.4716,60.3600,-0.3100,-32.0300
15.3692,-4.5983,60.0100,-0.3900,-31.8400
15.3794,-4.7224,59.6600,-0.0800,-31.7100
15.3897,-4.8482,59.3100,0.0300,-31.9400
15.3999,-4.9722,58.9600,-0.3300,-32.0200
15.4101,-5.0962,58.6100,-0.4100,-31.9000
15.4202,-5.2192,58.2600,-0.2000,-31.7100
15.4304,-5.3427,57.9100,-0.0100,-31.8700
15.4406,-5.4662,57.5600,-0.1100,-31.9800
15.4507,-5.5886,57.2100,-0.2900,-31.9100
15.4609,-5.7113,56.8600,-0.2000,-31.7700
15.4711,-5.8338,56.5100,0.0200,-31.7700
15.4812,-5.9555,56.1600,-0.0600,-31.9500
15.4914,-6.0780,55.8100,-0.1600,-31.9200
15.5016,-6.1996,55.4600,-0.2800,-31.7800
15.5435,-6.6983,54.0600,-0.1400,-31.8500
15.5538,-6.8196,53.7100,0.0100,-31.7200
15.5641,-6.9411,53.3500,-0.0800,-31.9000
15.5742,-7.0602,53.0000,-0.0200,-31.8900
15.5845,-7.1810,52.6500,-0.1600,-31.8400
15.5947,-7.3006,52.3100,-0.0400,-31.7600
15.6049,-7.4198,51.9500,-0.1400,-31.9000
15.6456,-7.8924,50.5500,-0.3500,-31.9400
15.6559,-8.0104,50.2000,-0.0600,-31.8800
15.6662,-8.1291,49.8500,-0.2200,-31.8900
15.6763,-8.2451,49.5000,-0.1900,-31.8700
15.6865,-8.3612,49.1500,-0.2300,-31.9400
15.6966,-8.4773,48.8000,-0.2200,-31.8800
15.7069,-8.5935,48.1000,-0.2200,-31.8900
15.7471,-9.0476,46.7000,-0.0800,-31.9200
15.7577,-9.1659,46.3500,0.0300,-31.9200
15.7682,-9.2829,46.0000,-0.2800,-31.8900
15.7784,-9.3959,45.6500,0.0700,-31.8300
15.7886,-9.5089,45.3000,0.0000,-31.8700
15.7989,-9.6226,44.9400,0.2700,-31.9600
15.8093,-9.7368,44.5900,-0.3400,-31.9500
15.8507,-10.1884,43.1900,-0.8400,-32.0700
15.8610,-10.2993,42.8400,-0.0800,-31.8600
15.8711,-10.4086,42.4900,0.0700,-31.8700
15.8814,-10.5189,42.1300,0.2800,-32.0100
15.8917,-10.6281,41.7800,-1.0700,-32.1400
15.9019,-10.7363,41.4300,-0.3700,-31.9200
15.9462,-11.2019,40.0300,-0.7300,-32.0200
15.9565,-11.3088,39.6800,-0.1000,-31.8700
15.9667,-11.4142,39.3200,0.3700,-32.0000
15.9769,-11.5191,38.6200,-0.9600,-32.1100
15.9870,-11.6235,38.2700,0.0700,-31.9200
15.9973,-11.7277,37.9100,0.2900,-31.9100
16.0075,-11.8314,37.5600,0.8300,-32.1500
16.0504,-12.2620,36.1500,0.7100,-32.0300
16.0608,-12.3655,35.8000,-1.0600,-32.3000
16.0710,-12.4653,35.4500,-0.4900,-32.0500
16.0812,-12.5654,35.1000,-0.0800,-31.8700
16.0914,-12.6647,34.7400,0.3300,-32.0000
16.1015,-12.7630,34.3900,-0.5100,-32.3200
16.1410,-13.1408,32.9800,0.2900,-32.2600
16.1513,-13.2382,32.6300,-0.8700,-32.2200
16.1615,-13.3341,32.2800,-0.3400,-31.9500
16.1717,-13.4296,31.9300,0.0500,-31.8700
16.1819,-13.5242,31.5700,0.8200,-32.0500
16.1921,-13.6182,31.2200,-0.4600,-32.2300
16.2023,-13.7116,30.8700,-0.2100,-31.9800
16.2512,-14.1531,29.1100,-0.0600,-31.8100
16.2617,-14.2454,28.7600,0.1000,-31.7700
16.2720,-14.3358,28.4100,-0.1500,-32.1900
16.2821,-14.4249,28.0600,-0.4800,-32.0700
16.2923,-14.5133,27.7100,-0.3500,-31.8200
16.3026,-14.6019,27.3600,0.0000,-31.7600
16.3438,-14.9510,25.9500,-0.0800,-31.7000
16.3541,-15.0363,25.6000,0.1500,-31.9800
16.3643,-15.1204,25.2500,-0.2800,-32.0600
16.3745,-15.2039,24.9000,-0.4600,-31.8800
16.3847,-15.2867,24.5500,-0.1200,-31.7200
16.3948,-15.3688,24.2000,0.1400,-31.8300
16.4050,-15.4506,23.8500,-0.1600,-32.0300
16.4508,-15.8094,22.1000,-0.1800,-31.9300
16.4611,-15.8882,21.7500,-0.1200,-31.7800
16.4713,-15.9657,21.4000,0.0100,-31.6800
16.4815,-16.0426,21.0500,0.0000,-31.9700
16.4918,-16.1196,20.7000,-0.0400,-31.9500
16.5020,-16.1950,20.3500,-0.1200,-31.8100
16.5433,-16.4943,18.9500,-0.2400,-31.8800
16.5535,-16.5665,18.6000,-0.1300,-31.6900
16.5638,-16.6383,18.2500,-0.1500,-31.9100
16.5739,-16.7086,17.9000,-0.0600,-31.9300
16.5842,-16.7792,17.5500,-0.3100,-31.9000
16.5944,-16.8486,17.2000,-0.1300,-31.8000
16.6046,-16.9175,16.8500,-0.0700,-31.8900
16.6497,-17.2128,15.1000,-0.1200,-31.8800
16.6600,-17.2784,14.7500,-0.1900,-31.9000
16.6703,-17.3434,14.4000,-0.2400,-31.8900
16.6805,-17.4066,14.0500,-0.0200,-31.8500
16.6906,-17.4692,13.7000,-0.1200,-31.8600
16.7008,-17.5311,13.3500,0.0300,-31.8700
16.7477,-17.8072,11.5900,0.0400,-31.8900
16.7582,-17.8664,11.2400,0.2000,-31.8600
16.7684,-17.9236,10.8900,-0.2700,-31.9300
16.7786,-17.9804,10.5400,0.1000,-31.8200
16.7887,-18.0359,10.1900,0.0500,-31.8600
16.7992,-18.0921,9.8400,0.1600,-31.9400
16.8095,-18.1473,9.4900,-0.5500,-31.9900
16.8518,-18.3641,8.0900,-0.8500,-32.0800
16.8621,-18.4149,7.7400,-0.1900,-31.8700
16.8723,-18.4647,7.3900,-0.0400,-31.8500
16.8825,-18.5135,7.0400,0.0900,-31.9800
16.8927,-18.5614,6.6800,-0.7400,-32.1200
16.9028,-18.6085,6.3300,-0.5800,-31.9600
16.9447,-18.7948,4.9300,-0.6100,-32.0200
16.9549,-18.8385,4.5800,0.0500,-31.8500
16.9651,-18.8812,4.2200,0.4200,-31.9400
16.9753,-18.9231,3.8700,0.5600,-32.0900
16.9854,-18.9638,3.5200,-0.7400,-32.1100
16.9956,-19.0038,3.1700,0.0500,-31.9000
17.0057,-19.0432,2.8200,0.3200,-31.8700
17.0486,-19.2010,1.0600,0.4800,-32.0100
17.0589,-19.2366,0.7000,-1.0400,-32.3300
17.0690,-19.2710,0.3500,-0.7500,-32.1000
17.0791,-19.3047,0.0000,-0.1500,-31.9000
17.0893,-19.3377,-0.3400,0.3000,-32.0100
17.0994,-19.3699,-0.7000,0.0000,-32.3000
17.1096,-19.4014,-1.0500,-1.0000,-32.2000
17.1515,-19.5225,-2.4600,-0.5300,-32.2300
17.1618,-19.5501,-2.8100,-0.1900,-31.9500
17.1720,-19.5767,-3.1600,0.1400,-31.8400
17.1821,-19.6023,-3.5100,0.8500,-31.9700
17.1922,-19.6272,-3.8700,-0.4300,-32.2700
17.2023,-19.6513,-4.2200,-0.2800,-32.0300
17.2436,-19.7409,-5.6300,-0.6400,-32.1100
17.2539,-19.7615,-5.9800,-0.2100,-31.8700
17.2641,-19.7807,-6.3300,0.0500,-31.8000
17.2743,-19.7992,-6.6800,0.0700,-32.2100
17.2844,-19.8168,-7.0300,-0.6400,-32.1400
17.2946,-19.8337,-7.3800,-0.4600,-31.8800
17.3048,-19.8497,-7.7300,-0.0400,-31.7800
17.3474,-19.9081,-9.4900,0.3900,-31.8800
17.3579,-19.9203,-9.8400,-0.0200,-32.0800
17.3681,-19.9313,-10.1900,-0.2700,-31.9300
17.3783,-19.9415,-10.5400,-0.1200,-31.7300
17.3885,-19.9509,-10.8900,0.2600,-31.7300
17.3986,-19.9595,-11.2400,0.0200,-32.0500
17.4087,-19.9671,-11.5900,-0.0600,-31.9600
17.4490,-19.9897,-12.9900,-0.2500,-31.9800
17.4593,-19.9934,-13.3400,-0.2100,-31.8300
17.4695,-19.9963,-13.6900,-0.0800,-31.6500
17.4798,-19.9984,-14.0400,-0.0900,-31.9700
17.4900,-19.9996,-14.3900,-0.0800,-31.9900
17.5001,-20.0000,-14.7400,-0.2800,-31.8500
17.5395,-19.9939,-16.1400,-0.2400,-31.9200
17.5497,-19.9902,-16.4900,-0.1900,-31.7400
17.5600,-19.9858,-16.8400,-0.0500,-31.8900
17.5702,-19.9806,-17.1900,-0.0900,-31.9500
17.5804,-19.9745,-17.5400,-0.2600,-31.9200
17.5905,-19.9677,-17.8900,-0.2300,-31.8300
17.6007,-19.9600,-18.2400,-0.0400,-31.8300
17.6419,-19.9205,-19.6400,-0.0200,-31.8000
17.6524,-19.9084,-20.0000,0.0100,-31.8800
17.6627,-19.8956,-20.3500,-0.0500,-31.8800
17.6729,-19.8821,-20.7000,-0.1000,-31.8700
17.6831,-19.8678,-21.0400,0.1000,-31.7700
17.6933,-19.8527,-21.4000,-0.0200,-31.8800
17.7034,-19.8369,-21.7500,0.0600,-31.8600
17.7435,-19.7663,-23.1500,-0.1000,-31.8400
17.7537,-19.7463,-23.5000,-0.0400,-31.9000
17.7638,-19.7259,-23.8500,-0.0300,-31.8400
17.7740,-19.7043,-24.2000,-0.5100,-31.9700
17.7842,-19.6821,-24.5500,0.0000,-31.8400
17.7943,-19.6590,-24.9000,-0.1100,-31.8700
17.8045,-19.6351,-25.2500,-0.0400,-31.9200
17.8472,-19.5259,-27.0000,-0.4700,-32.0600
17.8575,-19.4975,-27.3500,-0.3200,-31.8900
17.8680,-19.4677,-27.7000,-0.0200,-31.8400
17.8785,-19.4371,-28.0600,0.1000,-31.9600
17.8887,-19.4066,-28.4100,-0.0300,-32.0500
17.8989,-19.3751,-28.7600,-0.4700,-31.9600
17.9091,-19.3430,-29.1100,0.1500,-31.8500
17.9492,-19.2086,-30.5100,0.0400,-31.8400
17.9596,-19.1718,-30.8700,0.3500,-31.9000
17.9697,-19.1352,-31.2200,0.5800,-32.0100
17.9799,-19.0975,-31.5700,-1.1200,-32.1500
17.9901,-19.0593,-31.9200,-0.1500,-31.9200
18.0002,-19.0202,-32.2700,0.1200,-31.8700
18.0401,-18.8594,-33.6800,0.1000,-31.9200
18.0504,-18.8159,-34.0300,0.3100,-32.0000
18.0607,-18.7718,-34.3900,-0.6300,-32.3100
18.0708,-18.7274,-34.7400,-0.8900,-32.1200
18.0810,-18.6820,-35.0900,-0.1100,-31.9100
18.0912,-18.6359,-35.4400,0.3500,-31.9700
18.1014,-18.5891,-35.7900,0.6200,-32.1800
18.1418,-18.3957,-37.2000,1.0800,-32.0900
18.1520,-18.3450,-37.5600,-0.6300,-32.2600
18.1622,-18.2939,-37.9100,-0.3300,-32.0000
18.1723,-18.2420,-38.2600,0.1600,-31.8800
18.1825,-18.1893,-38.6100,0.4400,-31.9600
18.1926,-18.1357,-38.9700,-0.7100,-32.3300
18.2028,-18.0815,-39.3200,-0.6200,-32.1100
18.2489,-17.8262,-41.0800,-0.3500,-31.9200
18.2592,-17.7676,-41.4300,0.0000,-31.7900
18.2694,-17.7082,-41.7800,0.4100,-32.1300
18.2795,-17.6486,-42.1300,-0.5400,-32.1700
18.2898,-17.5877,-42.4800,-0.3900,-31.9200
18.2999,-17.5266,-42.8300,-0.0400,-31.7800
18.3101,-17.4649,-43.1800,0.6000,-31.9300
18.3202,-17.4026,-43.5400,-0.2300,-32.1600
18.3303,-17.3397,-43.8900,-0.2500,-31.9700
18.3404,-17.2760,-44.2400,-0.1300,-31.7200
18.3505,-17.2114,-44.5900,0.4400,-31.8200
18.3608,-17.1454,-44.9400,0.0500,-32.1200
18.3710,-17.0793,-45.2900,-0.2400,-31.9900
18.3811,-17.0128,-45.6400,0.0200,-31.7800
18.3912,-16.9458,-45.9900,0.1500,-31.7000
18.4013,-16.8778,-46.3400,-0.0300,-32.0800
18.4421,-16.5973,-47.7500,0.1200,-31.9900
18.4524,-16.5244,-48.1000,-0.2300,-32.0200
18.4626,-16.4518,-48.4400,-0.3200,-31.8700
18.4729,-16.3778,-48.7900,-0.0600,-31.6800
18.4831,-16.3041,-49.1500,0.0300,-31.9500
18.4933,-16.2298,-49.5000,-0.2900,-32.0200
18.5034,-16.1550,-49.8500,-0.4400,-31.9000
18.5467,-15.8288,-51.6000,-0.1800,-31.7600
18.5571,-15.7484,-51.9500,0.0200,-31.8000
18.5673,-15.6690,-52.3000,0.0500,-31.9400
18.5774,-15.5894,-52.6500,-0.1600,-31.9100
18.5878,-15.5077,-53.0000,-0.2000,-31.8100
18.5980,-15.4260,-53.3500,-0.0400,-31.7100
18.6082,-15.3447,-53.7000,-0.0100,-31.9100
18.6540,-14.9689,-55.1000,-0.0700,-31.8900
18.6647,-14.8797,-55.4500,-0.1200,-31.8900
18.6753,-14.7902,-55.8000,-0.0800,-31.8900
18.6858,-14.7006,-56.1500,-0.0600,-31.7500
18.6964,-14.6106,-56.5000,-0.2500,-31.9200
18.7065,-14.5230,-56.8500,-0.0100,-31.8800
18.7515,-14.1290,-58.6000,-0.1300,-31.9100
18.7620,-14.0351,-58.9500,-0.1800,-31.8400
18.7722,-13.9434,-59.3000,-0.2700,-31.9500
18.7826,-13.8494,-59.6500,-0.2300,-31.8600
18.7929,-13.7556,-60.0000,-0.2200,-31.8700
18.8031,-13.6623,-60.3500,-0.2300,-31.9200
18.8464,-13.2600,-61.7500,-0.0700,-31.9000
18.8566,-13.1636,-62.1100,0.0000,-31.9800
18.8668,-13.0667,-62.8100,0.0000,-31.8100
18.8772,-12.9682,-63.1600,0.1600,-31.9100
18.8873,-12.8711,-63.5100,0.2600,-31.9400
18.8975,-12.7729,-63.8600,-0.4000,-31.9700
18.9078,-12.6733,-64.2100,0.0800,-31.8200
18.9498,-12.2599,-65.6100,-0.1800,-31.8700
18.9601,-12.1575,-65.9700,0.1700,-31.9000
18.9702,-12.0561,-66.3200,0.3000,-31.9900
18.9803,-11.9546,-66.6700,-1.2100,-32.2000
18.9905,-11.8522,-67.0200,-0.3600,-31.9500
19.0010,-11.7453,-67.3700,-0.0100,-31.8800
19.0432,-11.3125,-68.7800,0.0500,-31.9000
19.0534,-11.2059,-69.1300,0.2700,-31.9400
19.0636,-11.0994,-69.4900,0.0700,-32.2000
19.0738,-10.9931,-69.8400,-0.8100,-32.1200
19.0839,-10.8866,-70.1900,-0.0500,-31.8800
19.0941,-10.7790,-70.5400,0.3400,-31.9200
19.1045,-10.6690,-70.8900,0.8800,-32.0900
19.1520,-10.1594,-72.6600,-0.8800,-32.3300
19.1624,-10.0463,-73.0100,-0.6400,-32.0800
19.1729,-9.9322,-73.3600,-0.0100,-31.9300
19.1831,-9.8208,-73.7100,0.2800,-31.9600
19.1933,-9.7087,-74.0700,-0.3800,-32.3400
19.2037,-9.5944,-74.4200,-0.8900,-32.1600
19.2559,-9.0138,-76.1800,-0.2400,-31.9600
19.2662,-8.8982,-76.5300,-0.0400,-31.7900
19.2764,-8.7830,-76.8800,0.7900,-32.0400
19.2866,-8.6680,-77.5800,-0.3300,-31.9600
19.2970,-8.5499,-77.9400,0.0200,-31.7900
19.3072,-8.4333,-78.2900,0.4700,-31.8600
19.3492,-7.9523,-79.6000,2.6800,-27.4400
19.3596,-7.8325,-79.8600,9.5200,-24.5200
19.3697,-7.7151,-80.0200,1.1000,-16.4000
19.3800,-7.5954,-80.1100,7.7100,-9.6100
19.3902,-7.4764,-80.1100,12.9000,-1.3000
19.4004,-7.3582,-80.0000,5.7600,7.3900
19.4401,-6.8922,-79.1400,0.9500,20.8800
19.4504,-6.7699,-78.8900,6.5300,21.9000
19.4605,-6.6500,-78.6100,3.8900,24.6400
19.4707,-6.5297,-78.2900,1.6200,28.6900
19.4810,-6.4074,-77.9400,0.8000,30.8800
19.4911,-6.2867,-77.6000,0.5600,31.4700
19.5012,-6.1658,-77.2500,0.0800,31.5100
19.5426,-5.6689,-75.8500,0.0600,31.6300
19.5528,-5.5456,-75.4900,-0.0100,31.9000
19.5630,-5.4226,-75.1400,0.1600,32.0700
19.5732,-5.2999,-74.7900,0.5300,31.9900
19.5833,-5.1764,-74.4500,0.2500,31.6800
19.5935,-5.0529,-74.1000,0.1300,31.7700
19.6036,-4.9295,-73.7400,0.0500,32.0600
19.6459,-4.4126,-72.3400,0.0100,31.9700
19.6562,-4.2871,-71.9900,0.2300,32.0500
19.6664,-4.1616,-71.6400,0.2600,31.8000
19.6765,-4.0370,-71.2900,0.3000,31.6200
19.6867,-3.9114,-70.9400,0.0700,31.9300
19.6969,-3.7864,-70.2400,0.1600,31.8700
19.7070,-3.6613,-69.8900,0.1500,31.6000
19.7494,-3.1366,-68.4900,0.1000,31.6200
19.7596,-3.0096,-68.1400,0.0700,31.8400
19.7698,-2.8832,-67.7900,0.0900,31.9800
19.7799,-2.7572,-67.4400,0.3500,32.0100
19.7901,-2.6305,-67.0900,0.1000,31.7200
19.8002,-2.5041,-66.7400,0.1100,31.8100
19.8401,-2.0058,-65.3400,0.1200,31.8300
19.8503,-1.8780,-64.9900,0.0600,31.9200
19.8606,-1.7497,-64.6400,0.2000,32.0300
19.8708,-1.6223,-64.2900,0.4300,31.8700
19.8810,-1.4943,-63.9400,0.1500,31.7900
19.8911,-1.3671,-63.5900,0.0500,31.9000
19.9013,-1.2398,-63.2300,0.1300,31.9600
19.9409,-0.7426,-61.8300,0.0200,31.9500
19.9511,-0.6145,-61.4800,0.2000,31.9300
19.9613,-0.4864,-61.1300,0.0500,31.7700
19.9714,-0.3591,-60.7800,0.0100,31.8700
19.9816,-0.2308,-60.4300,-0.0100,31.8900
19.9918,-0.1028,-60.0800,0.1900,31.9300
20.0020,0.0254,-59.7300,0.0000,31.8000
20.0451,0.5665,-58.3300,0.1000,31.8200
20.0553,0.6954,-57.9800,0.3600,31.9300
20.0655,0.8233,-57.6300,0.1800,31.8500
20.0757,0.9512,-57.2800,0.1800,31.9200
20.0859,1.0791,-56.9300,0.1300,31.8600
20.0961,1.2065,-56.5800,0.4100,31.9500
20.1063,1.3347,-56.2300,0.2300,31.9100
20.1511,1.8965,-54.4800,0.1700,31.8900
20.1615,2.0258,-54.1200,0.1100,31.8500
20.1717,2.1530,-53.7700,-0.0300,31.9500
20.1818,2.2793,-53.4200,0.2900,31.9600
20.1919,2.4056,-53.0700,0.1100,31.8300
20.2021,2.5327,-52.7200,0.0000,31.8200
20.2461,3.0800,-51.3200,0.0100,31.7900
20.2563,3.2065,-50.9700,-0.4400,31.8400
20.2664,3.3323,-50.6200,0.2100,32.0600
20.2767,3.4596,-50.2700,0.2400,31.9100
20.2869,3.5860,-49.5700,-0.3000,31.7900
20.2972,3.7126,-49.2100,0.3200,32.0800
20.3073,3.8382,-48.8600,0.6700,32.0000
20.3498,4.3606,-47.4600,0.6600,32.0300
20.3601,4.4862,-47.1100,0.4700,31.8700
20.3704,4.6121,-46.7600,0.1000,31.7400
20.3806,4.7377,-46.4100,-0.0800,32.0100
20.3908,4.8613,-46.0600,0.6000,32.1000
20.4010,4.9860,-45.7100,0.5900,31.9000
20.4431,5.4966,-44.3100,0.4500,31.9800
20.4535,5.6216,-43.9600,0.1500,31.7200
20.4637,5.7449,-43.6100,-0.2600,31.7700
20.4738,5.8668,-43.2500,0.0000,32.0900
20.4840,5.9891,-42.9000,0.3000,31.9800
20.4942,6.1107,-42.5500,0.1200,31.7500
20.5045,6.2338,-42.2000,-0.1300,31.6800
20.5513,6.7896,-40.4500,-0.0900,31.9900
20.5618,6.9145,-40.1000,0.3000,32.0600
20.5721,7.0352,-39.7500,0.4000,31.8800
20.5826,7.1592,-39.4000,0.0700,31.6200
20.5929,7.2790,-39.0500,0.0100,31.9100
20.6030,7.3977,-38.7000,0.2200,32.1100
20.6517,7.9628,-36.9500,0.4400,32.0200
20.6621,8.0826,-36.6000,0.2800,31.7100
20.6724,8.2003,-36.2500,0.1800,31.7400
20.6825,8.3166,-35.9000,0.0500,32.0100
20.6929,8.4350,-35.5500,0.2800,32.0100
20.7031,8.5510,-35.2000,0.2000,31.7700
20.7471,9.0469,-33.4500,0.2700,31.6200
20.7573,9.1618,-33.0900,0.1000,31.9000
20.7675,9.2754,-32.7400,0.0400,32.0200
20.7777,9.3886,-32.3900,0.1800,31.9100
20.7879,9.5017,-32.0500,0.1400,31.6400
20.7980,9.6135,-31.6900,0.0300,31.8300
20.8083,9.7259,-31.3400,0.0300,32.0100
20.8499,10.1795,-29.9400,0.0900,31.9500
20.8603,10.2922,-29.5900,0.3200,32.0100
20.8705,10.4015,-29.2400,0.1600,31.7600
20.8808,10.5120,-28.8900,0.0900,31.8100
20.8909,10.6202,-28.5400,0.0400,31.9500
20.9011,10.7278,-28.1900,0.2400,32.0200
20.9468,11.2087,-26.4400,0.4800,31.8900
20.9573,11.3170,-26.0900,0.1100,31.8300
20.9675,11.4230,-25.7400,0.0100,31.8900
20.9777,11.5274,-25.3900,0.0900,31.9300
20.9878,11.6317,-25.0400,0.3300,31.9100
20.9981,11.7366,-24.6900,0.0100,31.8200
21.0085,11.8422,-24.3400,0.0700,31.8300
21.0530,12.2879,-22.9300,0.0200,31.8900
21.0637,12.3935,-22.5800,-0.0400,31.8700
21.0741,12.4959,-22.2300,0.1300,31.9200
21.0844,12.5966,-21.8800,-0.0500,31.8200
21.0946,12.6963,-21.5300,0.2800,31.9100
21.1049,12.7961,-21.1800,0.1000,31.8800
21.1483,13.2098,-19.4300,0.1800,31.8900
21.1585,13.3064,-19.0800,0.0500,31.8400
21.1688,13.4027,-18.7300,0.4800,31.9900
21.1789,13.4968,-18.3800,0.3200,31.9300
21.1891,13.5909,-18.0300,0.1800,31.8500
21.1993,13.6842,-17.6800,0.1300,31.8500
21.2094,13.7767,-17.3300,0.1100,32.0200
21.2491,14.1343,-15.9200,-0.2200,31.9500
21.2596,14.2268,-15.5700,0.3600,32.0100
21.2697,14.3159,-15.2200,0.1900,31.8400
21.2799,14.4057,-14.8700,-0.0100,31.7900
21.2901,14.4941,-14.5200,-0.5400,31.8900
21.3003,14.5820,-14.1700,0.2600,32.0100
21.3437,14.9494,-12.7700,0.1800,32.0800
21.3539,15.0347,-12.4200,0.3600,31.9400
21.3641,15.1185,-12.0700,0.2500,31.8000
21.3743,15.2021,-11.7200,-0.2000,31.7600
21.3844,15.2849,-11.3600,0.1600,32.0900
21.3946,15.3670,-11.0100,0.6700,32.0500
21.4048,15.4485,-10.6600,0.3700,31.8400
21.4495,15.7995,-8.9100,0.1300,31.7200
21.4601,15.8804,-8.5600,-0.1700,31.9700
21.4703,15.9582,-8.2100,0.3700,32.1200
21.4806,16.0356,-7.8600,0.5600,31.9200
21.4908,16.1121,-7.5100,0.2100,31.7100
21.5010,16.1876,-7.1600,-0.2900,31.8500
21.5451,16.5066,-5.7600,-0.0800,31.7000
21.5553,16.5790,-5.4000,-0.0500,32.0600
21.5654,16.6498,-5.0500,0.2200,32.0100
21.5755,16.7197,-4.7000,0.1400,31.7600
21.5856,16.7891,-4.3600,0.0300,31.6300
21.5957,16.8576,-4.0000,-0.0400,31.9900
21.6058,16.9256,-3.6500,0.2100,32.0700
21.6511,17.2220,-1.9000,0.3900,31.9200
21.6613,17.2870,-1.5500,0.0900,31.6100
21.6714,17.3505,-1.2000,0.0700,31.8500
21.6816,17.4134,-0.8500,0.1500,32.0900
21.6917,17.4756,-0.5000,0.3900,31.9900
21.7018,17.5372,-0.1500,0.1700,31.6700
21.7452,17.7924,1.2400,0.2800,31.7400
21.7555,17.8512,1.5900,0.2100,31.7300
21.7656,17.9082,1.9400,0.0100,31.9800
21.7758,17.9647,2.2900,0.2500,32.0200
21.7861,18.0216,2.6400,0.2900,31.8100
21.7965,18.0779,2.9900,0.1900,31.6800
21.8069,18.1335,3.6900,0.1100,32.0200
21.8494,18.3521,5.0900,0.0400,31.9900
21.8597,18.4032,5.4400,0.1700,31.9400
21.8699,18.4530,5.7900,0.1000,31.6800
21.8801,18.5019,6.1400,0.0000,31.8300
21.8904,18.5508,6.5000,0.0000,31.9900
21.9007,18.5986,6.8500,0.2700,31.9800
21.9441,18.7922,8.2500,0.3000,32.0100
21.9543,18.8359,8.6000,0.1700,31.8100
21.9645,18.8785,8.9500,0.1100,31.8300
21.9746,18.9202,9.3000,0.0400,31.9200
21.9848,18.9613,9.6500,0.1900,31.9900
21.9950,19.0015,10.0000,0.3900,31.8600
22.0051,19.0409,10.3500,0.2000,31.8700
22.0581,19.2342,12.4500,0.0700,31.9000
22.0684,19.2691,12.8000,0.2700,31.9000
22.0786,19.3031,13.1500,-0.0100,31.8500
22.0888,19.3362,13.5000,0.1300,31.8400
22.0990,19.3686,13.8500,0.0100,31.8700
22.1092,19.4001,14.2000,0.0900,31.8800
22.1529,19.5263,15.6100,0.0700,31.8800
22.1632,19.5538,15.9600,-0.1300,31.8400
22.1733,19.5802,16.3100,0.3300,31.9500
22.1834,19.6057,16.6600,0.1800,31.8900
22.1937,19.6309,17.0100,0.1800,31.8500
22.2040,19.6551,17.3600,-0.0500,31.8300
22.2474,19.7486,19.1100,0.4200,32.0300
22.2577,19.7687,19.4600,0.5900,31.9600
22.2679,19.7877,19.8100,0.2600,31.8500
22.2781,19.8060,20.1600,0.0900,31.8200
22.2883,19.8233,20.5100,-0.0300,32.0200
22.2985,19.8399,20.8600,0.4500,31.9800
22.3087,19.8556,21.2100,0.2800,31.8800
22.3504,19.9117,22.6200,0.2200,31.8700
22.3609,19.9236,22.9700,0.0100,31.7700
22.3710,19.9344,23.3200,-0.5700,31.8600
22.3812,19.9443,23.6700,0.1600,32.0600
22.3914,19.9535,24.0200,0.2600,31.9500
22.4017,19.9619,24.3700,0.1100,31.7600
22.4509,19.9905,26.1200,-0.0700,31.7200
22.4612,19.9941,26.4800,0.0300,32.0600
22.4715,19.9968,26.8300,0.6500,32.0900
22.4816,19.9987,27.1800,0.4600,31.8600
22.4919,19.9997,27.5300,0.0000,31.6900
22.5021,20.0000,27.8800,-0.0800,32.0500
22.5465,19.9915,29.2800,-0.1200,31.9100
22.5568,19.9873,29.9800,0.4600,31.9500
22.5669,19.9823,30.3300,0.1700,31.7000
22.5770,19.9766,30.6800,-0.1800,31.7800
22.5871,19.9701,31.0300,0.0100,32.0300
22.5972,19.9627,31.3800,0.3300,32.0100
22.6075,19.9544,31.7300,0.2200,31.7300
22.6502,19.9110,33.1300,0.1000,31.8000
22.6604,19.8985,33.4800,0.0900,31.6000
22.6706,19.8852,33.8400,-0.0500,31.9400
22.6808,19.8711,34.1900,0.1700,32.0800
22.6909,19.8563,34.5400,0.3400,31.8600
22.7011,19.8406,34.8800,0.1200,31.5900
22.7462,19.7611,36.2900,0.0800,31.6300
22.7565,19.7408,36.9900,0.0400,32.0600
22.7670,19.7192,37.3400,0.2700,32.0100
22.7772,19.6975,37.6900,0.1500,31.7100
22.7874,19.6749,38.0400,0.1000,31.8000
22.7977,19.6511,38.3900,0.0000,31.9900
22.8079,19.6269,38.7400,0.3400,32.0600
22.8503,19.5176,40.1400,0.1500,32.0300
22.8607,19.4884,40.4900,0.2500,31.8600
22.8710,19.4591,40.8400,0.1200,31.7000
22.8812,19.4291,41.1900,0.0700,31.8600
22.8914,19.3983,41.5400,0.0700,32.0100
22.9017,19.3663,41.8900,0.1800,31.9000
22.9470,19.2164,43.6400,0.0200,31.7300
22.9572,19.1804,43.9900,0.0000,31.8300
22.9674,19.1439,44.3500,-0.0100,31.9600
22.9775,19.1067,44.7000,0.2500,31.9800
22.9878,19.0680,45.0400,0.1000,31.7700
22.9980,19.0288,45.4000,0.1000,31.8800
23.0082,18.9889,45.7500,0.0700,31.9000
23.0498,18.8186,47.1500,0.0600,31.9100
23.0600,18.7746,47.5000,0.1400,31.9400
23.0702,18.7301,47.8500,0.3500,31.8800
23.0804,18.6850,48.2000,0.1100,31.9100
23.0906,18.6385,48.5500,0.0600,31.8700
23.1008,18.5920,48.9000,0.0600,31.9500
23.1413,18.3984,50.3000,0.0000,31.8700
23.1515,18.3475,50.6500,0.1100,31.8800
23.1619,18.2953,51.0000,-0.1400,31.8700
23.1721,18.2431,51.3500,0.1200,31.8800
23.1822,18.1905,51.7000,0.0000,31.8600
23.1924,18.1369,52.0500,0.0600,31.8500
23.2026,18.0829,52.4000,-0.1900,31.8400
23.2444,17.8522,53.8100,-0.2400,31.8300
23.2546,17.7938,54.1600,0.3700,31.9800
23.2648,17.7349,54.5100,0.2700,31.9100
23.2751,17.6747,54.8600,0.1200,31.8500
23.2853,17.6145,55.2100,-0.1800,31.8300
23.2955,17.5535,55.5600,0.4000,32.0600
23.3056,17.4920,55.9100,0.4700,31.9300
23.3484,17.2251,57.6600,0.3700,31.8400
23.3588,17.1582,58.0100,0.1200,31.8000
23.3692,17.0908,58.3600,-0.2000,32.0000
23.3794,17.0237,58.7200,0.4200,32.0200
23.3896,16.9561,59.0600,0.3700,31.8800
23.3997,16.8883,59.4100,0.0600,31.7600
23.4099,16.8199,59.7700,-0.5700,31.8900
23.4532,16.5187,61.1700,-0.5000,31.8100
23.4637,16.4443,61.5200,0.0000,32.0900
23.4738,16.3714,61.8700,0.2900,32.0000
23.4840,16.2978,62.2200,0.1100,31.7700
23.4942,16.2231,62.5700,-0.2700,31.7200
23.5044,16.1480,62.9300,-0.0600,32.1000
23.5458,15.8355,64.3300,-0.0700,32.0200
23.5560,15.7565,64.6800,0.5400,32.1000
23.5663,15.6768,65.0300,0.4500,31.8700
23.5765,15.5968,65.3800,0.0300,31.6600
23.5867,15.5161,66.0800,0.2600,32.1000
23.5970,15.4346,66.4300,0.5300,31.9700
23.6071,15.3530,66.7800,0.2100,31.6900
23.6554,14.9568,68.1800,0.1600,31.7200
23.6659,14.8694,68.5300,-0.0400,31.7200
23.6762,14.7821,68.8800,0.0500,32.0000
23.6865,14.6948,69.5800,0.1700,31.7500
23.6969,14.6063,69.9300,0.1200,31.6100
23.7071,14.5183,70.2800,-0.0900,31.9700
23.7496,14.1457,71.6800,-0.0600,31.9000
23.7599,14.0540,72.0400,0.0900,32.0800
23.7701,13.9622,72.3900,0.2900,31.9200
23.7803,13.8707,72.7300,0.1100,31.6100
23.7906,13.7771,73.0900,0.0300,31.8700
23.8009,13.6829,73.4400,0.1400,32.0300
23.8431,13.2910,74.8400,0.1000,32.0100
23.8533,13.1947,75.1900,0.2600,32.0100
23.8639,13.0943,75.5400,0.1900,31.7500
23.8741,12.9971,75.8900,0.1400,31.7800
23.8843,12.8998,76.2400,0.0200,31.9400
23.8944,12.8022,76.5900,0.2500,32.0600
23.9046,12.7040,76.9400,0.3300,31.8500
23.9516,12.2421,78.6900,0.1500,31.7300
23.9620,12.1382,79.0400,0.0600,31.8400
23.9722,12.0364,79.3900,0.0500,31.9800
23.9823,11.9345,79.7400,0.2000,31.9300
23.9925,11.8315,80.0900,0.0900,31.7100
24.0027,11.7286,80.4400,0.0000,31.8500
24.0526,11.2149,82.1900,0.0100,31.9300
24.0630,11.1065,82.5500,0.2300,31.9700
24.0731,11.0000,82.8900,0.1300,31.8100
24.0833,10.8933,83.2500,0.1700,31.9100
24.0936,10.7848,83.6000,0.0500,31.8800
24.1037,10.6775,83.9500,0.1500,31.9700
24.1549,10.1283,85.7000,0.3800,31.8800
24.1651,10.0170,86.0500,0.1600,31.9300
24.1753,9.9059,86.4000,0.1000,31.8700
24.1855,9.7945,86.7500,0.0300,31.9100
24.1959,9.6797,87.1000,0.1900,31.8800
24.2061,9.5680,87.4500,-0.0600,31.9000
24.2484,9.0973,89.2000,-0.7800,31.5300
24.2587,8.9822,89.5300,-1.8400,30.5400
24.2689,8.8679,89.8100,-7.7400,25.2800
24.2791,8.7525,89.9900,-11.2500,18.2200
24.2893,8.6371,90.0800,-5.7300,10.3100
24.2995,8.5215,90.0800,-14.2700,1.6900
24.3097,8.4056,89.9700,-5.8400,-7.5700
24.3561,7.8729,89.1800,-0.8700,-19.2700
24.3664,7.7538,88.9700,-0.2100,-19.6000
24.3765,7.6357,88.7400,-3.7900,-20.6800
24.3867,7.5172,88.4600,-3.7000,-24.3700
24.3969,7.3982,87.8000,-0.5700,-30.5300
24.4071,7.2791,87.4500,-0.1800,-31.5000
24.4488,6.7893,86.0500,-0.0500,-31.8600
24.4590,6.6678,85.7000,-0.1800,-31.8700
24.4692,6.5473,85.3500,0.0200,-31.8900
24.4794,6.4264,85.0000,-0.1900,-31.8700
24.4895,6.3054,84.6500,0.0300,-31.8800
24.4998,6.1824,84.3000,-0.0500,-31.8700
24.5100,6.0612,83.9500,0.0100,-31.8300
24.5512,5.5655,82.5500,0.1200,-31.8200
24.5615,5.4409,82.2000,0.0700,-31.8700
24.5719,5.3154,81.8500,0.2100,-31.9300
24.5820,5.1925,81.5000,-0.5200,-31.9700
24.5922,5.0688,81.1500,-0.1000,-31.8300
24.6023,4.9455,80.7900,0.0900,-31.9000
24.6458,4.4144,79.3900,-0.0300,-31.8600
24.6560,4.2889,79.0400,0.0800,-31.9900
24.6662,4.1643,78.6900,-0.8100,-32.1200
24.6763,4.0398,78.3400,-0.5800,-31.9500
24.6864,3.9154,77.9900,0.0600,-31.8900
24.6965,3.7904,77.6300,0.2200,-31.9700
24.7068,3.6637,76.9300,-0.6200,-32.0300
24.7503,3.1246,75.5200,-0.7300,-32.1100
24.7606,2.9966,75.1700,0.0300,-31.8900
24.7712,2.8656,74.8200,0.2800,-31.8700
24.7814,2.7386,74.4700,0.8000,-32.0800
24.7916,2.6114,74.1100,-1.0100,-32.2100
24.8018,2.4845,73.7600,-0.3600,-31.9500
24.8464,1.9271,72.3500,-0.6500,-32.1000
24.8570,1.7949,71.6500,0.3000,-32.0100
24.8672,1.6671,71.3000,-0.0900,-32.3100
24.8774,1.5395,70.9400,-1.0100,-32.1900
24.8876,1.4119,70.5900,-0.0300,-31.9700
24.8978,1.2839,70.2400,0.1700,-31.9000
24.9079,1.1564,69.8900,0.8100,-32.1900
24.9528,0.5935,68.4800,0.8900,-32.0000
24.9631,0.4634,68.1200,-0.4600,-32.2700
24.9734,0.3344,67.7700,-0.3000,-32.0300
24.9836,0.2062,67.4200,-0.0300,-31.8000
24.9938,0.0785,67.0700,0.3100,-31.9100
25.0040,-0.0499,66.7200,-0.2700,-32.2500
25.0455,-0.5719,65.3100,0.0400,-32.2200
25.0558,-0.7006,64.9600,-0.6300,-32.1400
25.0659,-0.8278,64.6100,-0.4900,-31.8800
25.0760,-0.9551,64.2600,-0.0200,-31.7800
25.0863,-1.0835,63.9100,0.2700,-32.0300
25.0964,-1.2107,63.2100,-0.3000,-31.9200
25.1070,-1.3434,62.8600,-0.0900,-31.7100
25.1499,-1.8808,61.4500,-0.1300,-31.7300
25.1601,-2.0084,61.1000,0.2300,-31.7500
25.1704,-2.1374,60.7500,0.0100,-32.0500
25.1809,-2.2685,60.4000,-0.1400,-31.9500
25.1913,-2.3979,60.0500,-0.0900,-31.7400
25.2015,-2.5258,59.7000,0.1300,-31.7100
25.2434,-3.0461,58.3000,-0.0400,-31.6500
25.2536,-3.1731,57.9500,-0.1000,-31.9700
25.2638,-3.2993,57.6000,-0.0900,-31.9800
25.2739,-3.4250,57.2500,-0.3200,-31.8400
25.2840,-3.5499,56.9000,-0.0700,-31.7100
25.2941,-3.6747,56.5500,0.0600,-31.9200
25.3042,-3.7994,56.2000,-0.1200,-31.9700
25.3499,-4.3614,54.4500,-0.2900,-31.9200
25.3601,-4.4866,54.1000,-0.2500,-31.8300
25.3703,-4.6111,53.7500,-0.0400,-31.8400
25.3804,-4.7354,53.4000,-0.1400,-31.9200
25.3906,-4.8594,53.0500,-0.0300,-31.9300
25.4007,-4.9827,52.7000,-0.2100,-31.8300
25.4423,-5.4865,51.3000,-0.1100,-31.8700
25.4526,-5.6111,50.9500,0.0600,-31.7800
25.4629,-5.7353,50.6000,-0.0300,-31.8800
25.4732,-5.8590,50.2500,0.0400,-31.8600
25.4834,-5.9811,49.9000,-0.0900,-31.8600
25.4935,-6.1024,49.5500,0.1000,-31.8400
25.5036,-6.2238,49.1900,-0.1800,-31.9000
25.5441,-6.7054,47.7900,-0.5600,-31.9600
25.5545,-6.8275,47.4400,-0.0200,-31.8400
25.5647,-6.9488,47.0900,-0.1200,-31.8600
25.5750,-7.0690,46.7400,-0.0600,-31.9000
25.5851,-7.1879,46.3900,-0.4700,-31.9900
25.5952,-7.3068,46.0400,-0.2300,-31.8500
25.6054,-7.4256,45.6900,-0.0400,-31.8800
25.6474,-7.9130,43.9400,0.0900,-31.9700
25.6577,-8.0317,43.5800,-0.1100,-32.0500
25.6679,-8.1490,43.2300,-0.5900,-31.9600
25.6781,-8.2655,42.8800,0.1200,-31.8500
25.6882,-8.3814,42.5300,0.1600,-31.9000
25.6984,-8.4975,42.1800,0.3200,-32.0500
25.7085,-8.6124,41.8300,-0.4900,-32.0200
25.7528,-9.1107,40.4200,-1.0800,-32.1400
25.7630,-9.2255,40.0700,-0.1500,-31.9100
25.7735,-9.3416,39.7200,0.1100,-31.8600
25.7836,-9.4541,39.3700,0.5200,-32.0400
25.7938,-9.5666,39.0100,-1.2200,-32.2500
25.8040,-9.6796,38.6600,-0.6200,-32.0100
25.8437,-10.1127,37.2500,-0.8500,-32.1200
25.8540,-10.2244,36.9000,-0.1100,-31.9000
25.8642,-10.3340,36.5500,0.3700,-31.9700
25.8744,-10.4433,36.2000,0.5800,-32.1900
25.8845,-10.5520,35.8400,-0.8600,-32.2000
25.8947,-10.6603,35.4900,-0.0600,-31.9600
25.9049,-10.7681,35.1400,0.1800,-31.8500
25.9461,-11.2008,33.7300,0.2000,-31.8900
25.9563,-11.3067,33.3800,0.4600,-31.9600
25.9664,-11.4119,33.0200,-0.6300,-32.3400
25.9767,-11.5171,32.3200,-0.1700,-31.8700
25.9869,-11.6218,31.9700,0.1800,-31.9300
25.9970,-11.7254,31.6100,0.0500,-32.2700
26.0072,-11.8287,31.2600,-0.9100,-32.1700
26.0488,-12.2458,29.8600,-0.4900,-32.1700
26.0590,-12.3472,29.5100,-0.3400,-31.9100
26.0691,-12.4471,29.1600,-0.0400,-31.7700
26.0792,-12.5464,28.8000,0.6200,-31.9300
26.0894,-12.6452,28.4500,-0.1900,-32.1700
26.0995,-12.7434,28.1000,-0.2400,-31.9700
26.1097,-12.8419,27.7500,-0.1200,-31.7300
26.1511,-13.2370,26.3500,0.0000,-31.7800
26.1614,-13.3334,26.0000,0.1000,-31.6900
26.1717,-13.4291,25.6400,-0.0500,-32.0800
26.1818,-13.5237,25.2900,-0.2500,-32.0100
26.1920,-13.6178,24.9500,-0.2900,-31.7900
26.2022,-13.7107,24.6000,0.0100,-31.6900
26.2445,-14.0931,23.2000,-0.0700,-31.6800
26.2549,-14.1859,22.8400,0.0100,-31.9400
26.2651,-14.2757,22.4900,-0.2700,-32.0200
26.2756,-14.3680,22.1400,-0.4200,-31.9000
26.2858,-14.4566,21.7900,-0.1800,-31.7500
26.2959,-14.5442,21.4400,-0.0200,-31.8500
26.3062,-14.6327,21.0900,-0.1500,-32.0000
26.3479,-14.9852,19.3400,-0.1300,-31.9100
26.3582,-15.0702,18.9900,-0.2100,-31.8100
26.3684,-15.1540,18.6400,0.0000,-31.7200
26.3785,-15.2367,18.2900,-0.0100,-31.9100
26.3887,-15.3190,17.9400,-0.0100,-31.9100
26.3989,-15.4014,17.5900,-0.1700,-31.8200
26.4090,-15.4824,17.2400,0.0500,-31.7500
26.4497,-15.8008,15.8400,-0.0100,-31.7600
26.4600,-15.8796,15.4900,-0.1700,-31.9300
26.4702,-15.9576,15.1400,0.0400,-31.8800
26.4806,-16.0360,14.7900,-0.2000,-31.8800
26.4908,-16.1122,14.4400,-0.1100,-31.8500
26.5012,-16.1890,14.0900,-0.1100,-31.9200
26.5435,-16.4958,12.6900,-0.2300,-31.9600
26.5538,-16.5682,12.3400,-0.1600,-31.8700
26.5640,-16.6396,11.9900,-0.1500,-31.8700
26.5741,-16.7103,11.6300,-0.1200,-31.9300
26.5843,-16.7801,11.2800,-0.1400,-31.9500
26.5945,-16.8496,10.9300,-0.2100,-31.8900
26.6047,-16.9182,10.5800,0.1300,-31.8600
26.6468,-17.1946,8.8300,0.2100,-31.9100
26.6571,-17.2599,8.4800,0.3700,-31.9300
26.6673,-17.3246,8.1300,-0.4300,-31.9700
26.6775,-17.3882,7.7800,0.1400,-31.8300
26.6876,-17.4507,7.4300,0.1600,-31.8700
26.6977,-17.5125,7.0700,0.4000,-31.9900
26.7079,-17.5734,6.7200,-0.7700,-32.0700
26.7527,-17.8357,5.3200,-1.1300,-32.1900
26.7632,-17.8947,4.9700,-0.3800,-31.9500
26.7735,-17.9522,4.6200,0.0200,-31.8800
26.7838,-18.0089,4.2600,0.3600,-32.0300
26.7940,-18.0641,3.9100,-0.6300,-32.2100
26.8043,-18.1193,3.5600,-0.7600,-32.0400
26.8462,-18.3362,2.1500,-0.6800,-32.1000
26.8565,-18.3876,1.8000,0.0000,-31.8800
26.8667,-18.4375,1.0900,1.0000,-32.1000
26.8769,-18.4868,0.7400,-0.8800,-32.2500
26.8871,-18.5352,0.3900,-0.0600,-32.0000
26.8972,-18.5826,0.0400,0.1900,-31.8700
26.9074,-18.6296,-0.3100,0.6400,-32.0600
26.9512,-18.8226,-1.7100,0.2400,-31.9400
26.9615,-18.8662,-2.0700,-0.3900,-32.3300
26.9718,-18.9085,-2.4200,-0.8800,-32.1700
26.9821,-18.9505,-2.7700,-0.3500,-31.9100
26.9923,-18.9908,-3.1200,0.1800,-31.9100
27.0024,-19.0306,-3.4800,0.6100,-32.1700
27.0443,-19.1858,-4.8900,0.8400,-32.0200
27.0545,-19.2217,-5.2400,-0.2200,-32.2200
27.0648,-19.2568,-5.5900,-0.3200,-31.9800
27.0749,-19.2909,-5.9400,0.0500,-31.7900
27.0851,-19.3242,-6.2900,0.3800,-31.8500
27.0952,-19.3567,-6.6400,-0.2300,-32.2300
27.1054,-19.3883,-7.0000,-0.4000,-32.0500
27.1522,-19.5244,-8.7500,-0.3100,-31.8400
27.1627,-19.5524,-9.1000,0.0000,-31.7000
27.1728,-19.5789,-9.4500,0.1100,-32.0600
27.1830,-19.6047,-9.8000,-0.5100,-32.0800
27.1932,-19.6295,-10.1500,-0.4700,-31.8700
27.2034,-19.6538,-10.5000,-0.0700,-31.7300
27.2477,-19.7492,-12.2500,0.2100,-31.8500
27.2580,-19.7692,-12.6100,0.0400,-32.0100
27.2683,-19.7884,-12.9500,-0.1900,-31.9200
27.2784,-19.8065,-13.3000,-0.1700,-31.7600
27.2887,-19.8240,-13.6500,0.0400,-31.7100
27.2989,-19.8405,-14.0100,0.0000,-31.9700
27.3091,-19.8562,-14.3500,-0.0900,-31.9500
27.3613,-19.9241,-16.1100,-0.0800,-31.8500
27.3716,-19.9349,-16.4500,-0.0300,-31.6800
27.3818,-19.9448,-16.8100,-0.1100,-31.9400
27.3919,-19.9539,-17.1600,0.0000,-31.9400
27.4021,-19.9622,-17.5100,-0.2400,-31.8800
27.4479,-19.9893,-19.2600,-0.1900,-31.7800
27.4584,-19.9932,-19.6100,-0.1200,-31.9000
27.4685,-19.9961,-19.9600,-0.1400,-31.9100
27.4788,-19.9982,-20.3100,-0.2700,-31.9100
27.4893,-19.9995,-20.6600,-0.2900,-31.8600
27.4997,-20.0000,-21.0100,-0.0800,-31.8700
27.5101,-19.9996,-21.3600,-0.1500,-31.8900
27.5205,-19.9983,-21.7100,0.0400,-31.9100
27.5308,-19.9963,-22.0600,-0.2000,-31.8600
27.5409,-19.9934,-22.4100,0.0000,-31.8900
27.5511,-19.9897,-22.7600,-0.0500,-31.8700
27.5613,-19.9852,-23.1100,-0.0100,-31.8500
27.5714,-19.9799,-23.4600,-0.0700,-31.9000
27.5816,-19.9737,-23.8100,0.1000,-31.8500
27.5919,-19.9667,-24.1600,-0.1000,-31.8900
27.6020,-19.9589,-24.5100,0.0900,-31.8300
27.6460,-19.9159,-25.9100,-0.0400,-31.8100
27.6562,-19.9037,-26.2600,0.0700,-31.8900
27.6665,-19.8906,-26.6100,0.1000,-31.9100
27.6768,-19.8768,-27.3200,-0.1000,-31.8500
27.6869,-19.8623,-27.6700,-0.0500,-31.8600
27.6972,-19.8467,-28.0200,0.0700,-31.9800
27.7073,-19.8306,-28.3700,-0.8900,-32.1000
27.7483,-19.7571,-29.7800,-0.7000,-32.1500
27.7585,-19.7367,-30.1300,-0.5700,-31.9700
27.7687,-19.7156,-30.4800,-0.0100,-31.8600
27.7789,-19.6936,-30.8300,0.2700,-31.9700
27.7891,-19.6709,-31.1800,0.1300,-32.1000
27.7994,-19.6472,-31.5300,-0.7900,-32.0400
27.8095,-19.6230,-31.8800,0.0600,-31.8800
27.8513,-19.5146,-33.2900,-0.1500,-31.9100
27.8616,-19.4860,-33.6400,0.3200,-31.9000
27.8718,-19.4569,-34.0000,0.6600,-32.0500
27.8819,-19.4269,-34.3500,-1.3900,-32.3000
27.8921,-19.3960,-34.7000,-0.4600,-32.0400
27.9023,-19.3644,-35.0500,-0.0200,-31.8900
27.9469,-19.2165,-36.8100,0.2000,-31.9300
27.9572,-19.1804,-37.1700,0.3100,-32.2600
27.9674,-19.1436,-37.5200,-0.7500,-32.2100
27.9777,-19.1060,-37.8700,-0.1800,-31.9300
27.9878,-19.0679,-38.2200,0.1700,-31.8900
27.9980,-19.0287,-38.5800,1.0300,-32.0900
28.0087,-18.9871,-38.9300,-0.5800,-32.2800
28.0565,-18.7898,-40.6900,-0.5700,-32.0600
28.0670,-18.7443,-41.0400,-0.0900,-31.8600
28.0772,-18.6993,-41.3900,0.1200,-31.8300
28.0873,-18.6536,-41.7500,-0.1800,-32.2500
28.0977,-18.6061,-42.1000,-0.6300,-32.1200
28.1080,-18.5584,-42.4500,-0.3500,-31.8500
28.1491,-18.3594,-43.8500,-0.3400,-31.9300
28.1594,-18.3078,-44.2000,-0.0500,-31.7400
28.1697,-18.2553,-44.5600,0.4800,-32.0100
28.1798,-18.2030,-44.9100,-0.1700,-32.1300
28.1901,-18.1491,-45.2600,-0.2600,-31.9300
28.2003,-18.0947,-45.6100,-0.1000,-31.7500
28.2429,-17.8607,-47.0100,-0.1300,-31.7100
28.2531,-17.8023,-47.3600,0.1900,-31.7200
28.2632,-17.7440,-47.7100,0.0000,-32.0100
28.2737,-17.6828,-48.0600,-0.1900,-31.9700
28.2839,-17.6225,-48.4100,-0.1100,-31.7900
28.2941,-17.5616,-48.7600,0.0500,-31.6500
28.3043,-17.4999,-49.1100,-0.1300,-32.0000
28.3493,-17.2196,-50.8600,-0.1100,-31.9800
28.3597,-17.1524,-51.2100,-0.2300,-31.9100
28.3698,-17.0866,-51.5600,-0.0600,-31.7200
28.3801,-17.0196,-51.9100,0.0100,-31.9100
28.3902,-16.9519,-52.2600,-0.1500,-31.9700
28.4006,-16.8826,-52.6100,-0.3200,-31.9200
28.4463,-16.5679,-54.0200,0.0000,-31.9400
28.4565,-16.4954,-54.3600,-0.1400,-31.8100
28.4667,-16.4225,-55.0700,0.0800,-31.9100
28.4769,-16.3493,-55.0700,0.0800,-31.9100
28.4871,-16.2754,-55.7700,-0.1700,-31.8700
28.4973,-16.2005,-56.1200,0.0400,-31.7800
28.5074,-16.1255,-56.4700,-0.0100,-31.8900
28.5508,-15.7966,-57.8700,-0.1000,-31.8800
28.5611,-15.7169,-58.2200,-0.0200,-31.8500
28.5715,-15.6364,-58.5700,0.0100,-31.9000
28.5818,-15.5548,-58.9200,0.0000,-31.8100
28.5921,-15.4733,-59.2700,-0.3100,-31.9400
28.6023,-15.3918,-59.6200,0.0600,-31.8500
28.6408,-15.0780,-61.0200,-0.1300,-31.8500
28.6511,-14.9934,-61.3700,0.0300,-31.9000
28.6612,-14.9084,-61.7200,-0.0700,-31.9100
28.6716,-14.8215,-62.0700,-0.5000,-32.0400
28.6817,-14.7357,-62.4200,-0.2700,-31.8800
28.6920,-14.6478,-62.7700,-0.1100,-31.8600
28.7022,-14.5605,-63.1300,0.0200,-31.9600
28.7422,-14.2109,-64.5300,0.1000,-31.9000
28.7525,-14.1202,-64.8800,0.1700,-32.0400
28.7627,-14.0291,-65.2300,-0.3900,-31.9800
28.7729,-13.9376,-65.5800,0.0600,-31.8200
28.7832,-13.8445,-65.9300,0.3900,-31.9100
28.7933,-13.7524,-66.2900,0.5900,-32.0100
28.8035,-13.6592,-66.6400,-0.7600,-32.1000
28.8451,-13.2720,-68.0500,-1.1200,-32.1900
28.8555,-13.1743,-68.4000,-0.3500,-31.9400
28.8660,-13.0747,-68.7500,0.1400,-31.9100
28.8762,-12.9772,-69.1000,0.3600,-31.9900
28.8864,-12.8794,-69.4500,-1.0700,-32.2600
28.8967,-12.7799,-70.1500,-0.1200,-31.8800
28.9069,-12.6811,-70.5100,0.3500,-31.9800
28.9483,-12.2746,-71.9200,0.2800,-31.9100
28.9588,-12.1710,-72.2700,1.0100,-32.1700
28.9693,-12.0656,-72.6200,-0.6500,-32.2600
28.9797,-11.9606,-72.9700,-0.1000,-31.9900
28.9899,-11.8584,-73.3300,0.3200,-31.9000
29.0000,-11.7553,-73.6800,0.7400,-32.0200
29.0404,-11.3416,-75.0900,0.3200,-31.9500
29.0507,-11.2345,-75.4400,-0.2000,-32.2900
29.0609,-11.1284,-75.7900,-0.8000,-32.1400
29.0711,-11.0218,-76.1400,-0.2300,-31.9200
29.0813,-10.9140,-76.5000,0.0900,-31.8400
29.0915,-10.8061,-76.8500,0.3000,-32.2200
29.1018,-10.6973,-77.2000,-0.6700,-32.2000
29.1413,-10.2745,-78.6100,-0.3200,-32.2100
29.1517,-10.1623,-78.9600,-0.2300,-31.9700
29.1619,-10.0521,-79.3100,-0.1300,-31.7400
29.1721,-9.9405,-79.6600,0.5400,-31.8800
29.1824,-9.8286,-80.0200,0.0500,-32.1500
29.1925,-9.7171,-80.3600,-0.2100,-31.9800
29.2027,-9.6050,-80.7100,0.0200,-31.7700
29.2435,-9.1523,-82.1200,-0.2000,-31.7900
29.2538,-9.0377,-82.4700,0.0400,-31.7100
29.2639,-8.9233,-82.8200,0.1100,-32.0400
29.2741,-8.8087,-83.1700,-0.3100,-32.0400
29.2843,-8.6938,-83.5200,-0.2700,-31.8700
29.2945,-8.5778,-83.8600,1.2200,-31.1400
29.3047,-8.4618,-84.1500,15.6600,-26.4300
29.3549,-7.8869,-84.6300,0.9100,-3.9800
29.3653,-7.7663,-84.6500,1.1400,-2.5800
29.3756,-7.6471,-84.6300,9.7000,1.6400
29.3858,-7.5276,-84.5100,7.4600,8.8800
29.3960,-7.4094,-84.3200,5.6000,16.0200
29.4061,-7.2907,-84.0700,3.7400,21.5600
29.4547,-6.7189,-82.3900,-0.4500,31.8600
29.4650,-6.5970,-82.0300,0.1400,32.0900
29.4752,-6.4760,-81.6900,0.2800,31.9200
29.4854,-6.3548,-81.3400,0.0400,31.7400
29.4957,-6.2319,-80.9800,-0.4500,31.8100
29.5059,-6.1100,-80.6300,-0.0500,32.0800
29.5482,-5.6021,-78.8800,0.3300,32.0400
29.5585,-5.4775,-78.5300,0.2600,31.8300
29.5691,-5.3495,-78.1800,-0.0300,31.6400
29.5792,-5.2261,-77.8300,-0.1000,32.0000
29.5894,-5.1026,-77.4800,0.4200,32.1200
29.5997,-4.9778,-77.1300,0.3600,31.8900
29.6099,-4.8529,-76.7800,-0.0200,31.6500
29.6511,-4.3499,-75.3800,0.1300,31.6600
29.6615,-4.2215,-75.0200,0.0100,31.8300
29.6717,-4.0967,-74.6700,0.0200,32.0900
29.6819,-3.9711,-74.3200,0.4000,31.9900
29.6921,-3.8453,-73.9700,0.1900,31.7200
29.7023,-3.7197,-73.6200,0.0000,31.7400
29.7500,-3.1286,-71.8700,-0.0200,31.9700
29.7603,-3.0006,-71.5200,0.0800,32.0300
29.7705,-2.8736,-71.1700,0.1200,31.8400
29.7807,-2.7466,-70.8200,0.1400,31.6100
29.7911,-2.6177,-70.4700,-0.0100,31.8800
29.8013,-2.4901,-70.1200,-0.0200,32.0500
29.8137,-2.3355,-69.7700,0.1600,31.9000
29.8239,-2.2083,-69.4200,0.0300,31.6100
29.8344,-2.0777,-69.0700,-0.0400,31.8600
29.8445,-1.9507,-68.7200,0.0400,32.0000
29.8547,-1.8233,-68.3700,0.3200,31.9800
29.8650,-1.6943,-68.0200,0.0400,31.6800
29.8754,-1.5648,-67.6700,0.0500,31.8100
29.8857,-1.4352,-67.3200,0.0400,32.0100
29.8959,-1.3069,-66.9700,0.2600,32.0300
29.9062,-1.1786,-66.6200,0.1200,31.7700
29.9531,-0.5887,-64.8700,0.1200,31.8000
29.9634,-0.4603,-64.5100,-0.0100,31.9300
29.9735,-0.3330,-64.1600,0.1300,32.0000
29.9837,-0.2043,-63.8100,0.2700,31.9000
29.9939,-0.0772,-63.4600,-0.0100,31.7900
30.0040,0.0498,-63.1100,0.0000,31.8400
30.0439,0.5520,-61.7100,-0.0100,31.8700
30.0542,0.6804,-61.3600,-0.0800,31.9200
30.0643,0.8075,-61.0100,0.0900,31.9400
30.0745,0.9352,-60.6600,-0.0600,31.8000
30.0847,1.0641,-60.3100,0.0300,31.8600
30.0949,1.1920,-59.9600,-0.0300,31.9000
30.1051,1.3194,-59.6100,0.1700,31.9300
30.1521,1.9085,-57.8600,0.0500,31.8400
30.1624,2.0367,-57.5100,0.3400,31.9300
30.1725,2.1632,-57.1600,0.1100,31.9100
30.1827,2.2907,-56.8000,0.1200,31.9000
30.1928,2.4172,-56.4500,0.1700,31.8700
30.2030,2.5444,-56.1000,0.2400,31.9900
30.2458,3.0768,-54.7000,0.0000,31.9500
30.2560,3.2036,-54.3500,0.2500,31.9500
30.2663,3.3312,-54.0000,0.1100,31.8400
30.2765,3.4575,-53.6500,0.0200,31.8400
30.2867,3.5836,-52.9500,0.2600,31.9500
30.2969,3.7097,-52.6000,0.0300,31.8600
30.3071,3.8352,-52.2500,-0.0300,31.8000
30.3503,4.3663,-50.8500,0.0100,31.8100
30.3606,4.4927,-50.4900,-0.4500,31.8200
30.3711,4.6209,-50.1400,0.3200,32.0700
30.3815,4.7489,-49.7900,0.4300,31.9800
30.3917,4.8724,-49.4400,0.1700,31.8200
30.4019,4.9967,-49.0900,-0.2300,31.7800
30.4468,5.5414,-47.3400,-0.0800,32.0600
30.4571,5.6650,-46.9800,0.5900,32.1000
30.4672,5.7876,-46.6400,0.4700,31.8900
30.4774,5.9098,-46.2900,0.1300,31.7500
30.4877,6.0334,-45.9300,-0.3800,31.9700
30.4979,6.1553,-45.5800,0.2000,32.0900
30.5081,6.2770,-45.2300,0.4100,31.9600
30.5515,6.7930,-43.8300,0.2300,31.9900
30.5619,6.9149,-43.4800,0.0600,31.7600
30.5721,7.0349,-43.1300,-0.2400,31.7200
30.5824,7.1561,-42.7800,-0.1300,32.0400
30.5927,7.2766,-42.4200,0.2300,32.0500
30.6029,7.3958,-42.0800,0.1500,31.7800
30.6462,7.8996,-40.6700,0.3600,31.8700
30.6565,8.0178,-40.3300,0.0000,31.6200
30.6667,8.1350,-39.6200,0.2100,32.1100
30.6769,8.2517,-39.2700,0.3400,31.9400
30.6870,8.3680,-38.9200,0.0100,31.6500
30.6973,8.4844,-38.5700,-0.0200,31.8800
30.7075,8.6005,-38.2200,0.0500,32.0800
30.7509,9.0900,-36.8200,0.0000,32.0500
30.7614,9.2074,-36.4700,0.2500,32.0300
30.7716,9.3204,-36.1200,0.1700,31.7700
30.7817,9.4335,-35.7700,0.0900,31.6800
30.7920,9.5464,-35.4200,-0.0200,31.9400
30.8021,9.6585,-35.0700,0.1400,32.0400
30.8483,10.1628,-33.3200,0.0600,31.9200
30.8587,10.2742,-32.9700,0.0500,31.6300
30.8688,10.3831,-32.6200,-0.0400,31.8500
30.8789,10.4916,-32.2600,-0.0100,32.0400
30.8890,10.5998,-31.9100,0.2700,31.9600
30.8993,10.7096,-31.5700,0.0500,31.6600
30.9095,10.8167,-31.2100,0.0100,31.8400
30.9506,11.2478,-29.8100,0.0200,31.8100
30.9609,11.3545,-29.4600,-0.0100,31.9700
30.9712,11.4608,-29.1100,0.1700,32.0300
30.9814,11.5660,-28.7600,0.2400,31.8300
30.9916,11.6704,-28.4100,0.0200,31.8400
31.0017,11.7735,-28.0600,-0.0300,31.9200
31.0431,12.1899,-26.6600,-0.0300,31.9000
31.0535,12.2931,-26.3100,0.0200,31.9600
31.0637,12.3934,-25.9600,0.2700,31.9200
31.0739,12.4937,-25.6100,0.0000,31.8000
31.0841,12.5935,-25.2600,0.0500,31.8400
31.0942,12.6925,-24.9100,-0.0200,31.9200
31.1044,12.7906,-24.5500,0.2000,31.9100
31.1456,13.1847,-23.1500,0.1200,31.9400
31.1559,13.2815,-22.8000,-0.1100,31.8300
31.1661,13.3772,-22.4500,0.2300,31.9000
31.1763,13.4720,-22.1000,0.0900,31.9000
31.1864,13.5659,-21.7500,0.1800,31.9100
31.1966,13.6597,-21.4000,-0.0200,31.8400
31.2067,13.7524,-20.7000,0.1700,31.8700
31.2509,14.1499,-19.3000,0.2900,31.9200
31.2612,14.2410,-18.9500,0.2400,31.8600
31.2713,14.3305,-18.6000,0.1800,31.8600
31.2815,14.4194,-18.2400,0.1200,31.9900
31.2916,14.5073,-17.9000,0.2800,31.9300
31.3018,14.5945,-17.5400,0.1800,31.8900
31.3468,14.9756,-15.7900,-0.1000,31.8100
31.3572,15.0621,-15.4400,-0.5000,31.8700
31.3674,15.1460,-15.0900,0.1700,32.0000
31.3776,15.2290,-14.7400,0.1300,31.9000
31.3877,15.3113,-14.3900,0.0000,31.7800
31.3979,15.3931,-14.0400,-0.4200,31.8100
31.4080,15.4745,-13.6900,0.1800,32.0800
31.4516,15.8154,-12.2800,0.1700,32.0800
31.4618,15.8938,-11.9300,0.7300,32.0400
31.4720,15.9711,-11.5900,0.2800,31.8400
31.4823,16.0483,-11.2300,-0.0500,31.7400
31.4924,16.1241,-10.8800,-0.0200,32.0800
31.5026,16.1992,-10.5300,0.6000,32.0800
31.5479,16.5266,-8.7800,0.4400,31.9400
31.5584,16.6010,-8.4300,0.1300,31.7400
31.5688,16.6730,-8.0800,-0.4300,31.8600
31.5790,16.7438,-7.7200,0.0600,32.0600
31.5894,16.8147,-7.3700,0.3800,31.9900
31.5996,16.8840,-7.0300,0.1500,31.7300
31.6098,16.9524,-6.6800,-0.2000,31.7100
31.6569,17.2588,-4.9200,-0.1400,32.0000
31.6674,17.3252,-4.5700,0.2800,32.0900
31.6776,17.3891,-4.2200,0.2700,31.8400
31.6878,17.4520,-3.8700,0.0200,31.6100
31.6982,17.5152,-3.5200,-0.0700,31.9700
31.7084,17.5767,-3.1700,0.2400,32.0700
31.7543,17.8447,-1.7700,0.1300,32.1000
31.7646,17.9024,-1.4200,0.3600,31.9800
31.7747,17.9587,-1.0700,0.0600,31.6900
31.7850,18.0155,-0.7200,0.0000,31.8100
31.7951,18.0705,-0.3600,0.0000,32.0400
31.8054,18.1255,-0.0100,0.2800,32.0600
31.8458,18.3340,1.3800,0.1000,32.0300
31.8560,18.3848,1.7200,0.1600,31.8200
31.8661,18.4345,2.0700,0.2100,31.6500
31.8763,18.4837,2.4300,0.0300,31.8800
31.8866,18.5331,2.7800,0.1000,32.0300
31.8969,18.5813,3.4700,0.1800,31.6200
31.9072,18.6287,3.8300,0.0000,31.8600
31.9482,18.8101,5.2300,-0.0300,31.8400
31.9586,18.8541,5.5800,0.0000,32.0100
31.9688,18.8962,5.9300,0.2700,32.0000
31.9790,18.9377,6.2800,0.0300,31.7400
31.9891,18.9785,6.6300,0.0100,31.8500
31.9993,19.0184,6.9800,-0.0200,31.9400
32.0095,19.0576,7.3300,0.1500,32.0300
32.0508,19.2087,8.7300,0.2300,32.0000
32.0612,19.2446,9.0800,0.4700,31.8800
32.0715,19.2794,9.4300,0.1000,31.8500
32.0817,19.3133,9.7800,0.0400,31.8800
32.0919,19.3461,10.1400,0.0500,32.0000
32.1021,19.3784,10.4900,0.2400,31.9300
32.1448,19.5040,11.8900,0.1800,31.9200
32.1550,19.5320,12.2400,-0.0400,31.8200
32.1652,19.5591,12.5900,0.0000,31.8500
32.1754,19.5855,12.9400,-0.0900,31.8900
32.1855,19.6108,13.2900,0.0900,31.9000
32.1957,19.6354,13.6400,-0.1500,31.8100
32.2058,19.6594,13.9900,0.0800,31.9100
32.2494,19.7526,15.7400,0.2100,31.9000
32.2598,19.7727,16.0900,0.1600,31.8900
32.2700,19.7915,16.4400,-0.0500,31.8500
32.2803,19.8097,16.8000,0.4000,32.0100
32.2905,19.8269,17.1400,0.2400,31.9000
32.3006,19.8432,17.5000,0.0700,31.8900
32.3424,19.9020,18.9000,0.1500,31.8500
32.3526,19.9143,19.2500,0.0700,31.8400
32.3627,19.9257,19.6000,-0.1800,31.9800
32.3729,19.9362,19.9500,0.3200,31.9600
32.3831,19.9461,20.3000,0.1300,31.8700
32.3932,19.9550,20.6500,-0.0300,31.7900
32.4035,19.9632,21.0000,-0.4500,31.8900
32.4508,19.9904,22.7600,0.1300,32.0600
32.4612,19.9941,23.1100,0.2500,31.9500
32.4715,19.9968,23.4600,0.1000,31.7800
32.4817,19.9987,23.8100,-0.3300,31.7700
32.4923,19.9998,24.1600,0.1600,32.1100
32.5026,20.0000,24.5100,0.5400,31.9900
32.5502,19.9900,26.2600,0.4100,31.8800
32.5605,19.9856,26.6100,-0.0100,31.7300
32.5711,19.9801,26.9600,-0.2100,32.0200
32.5814,19.9738,27.3200,0.3800,32.1100
32.5920,19.9666,27.6700,0.4700,31.9500
32.6021,19.9588,28.0100,0.1600,31.7200
32.6438,19.9184,29.4200,0.1000,31.7400
32.6540,19.9064,29.7700,-0.2200,31.7700
32.6642,19.8937,30.1200,-0.0100,32.0400
32.6743,19.8802,30.4700,0.2500,32.0200
32.6844,19.8659,30.8200,0.1200,31.7400
32.6945,19.8508,31.1700,0.0000,31.6300
32.7046,19.8349,31.5200,-0.1200,32.0300
32.7494,19.7550,33.2800,0.2500,32.1000
32.7597,19.7344,33.6200,0.3800,31.8900
32.7700,19.7129,33.9700,0.0100,31.6100
32.7802,19.6910,34.3300,-0.0200,31.9100
32.7904,19.6680,34.6800,0.0700,32.0700
32.8005,19.6445,35.0300,0.2900,31.9900
32.8420,19.5400,36.4300,0.3900,32.0100
32.8523,19.5120,36.7800,0.2300,31.7400
32.8625,19.4835,37.1300,0.1400,31.7600
32.8727,19.4542,37.4800,0.0300,31.9800
32.8830,19.4237,37.8300,0.2400,32.0700
32.8933,19.3924,38.1800,0.2000,31.8200
32.9035,19.3607,38.5300,0.1500,31.6800
32.9455,19.2217,39.9300,0.2000,31.6600
32.9557,19.1857,40.2800,0.0300,31.8600
32.9660,19.1488,40.6300,-0.0300,32.0200
32.9762,19.1113,40.9800,0.1600,31.9300
32.9864,19.0734,41.3300,0.0300,31.6600
32.9966,19.0344,41.6800,-0.0500,31.8400
33.0068,18.9947,42.3800,0.2600,31.9800
33.0492,18.8209,43.7800,0.2700,32.0100
33.0597,18.7761,44.1300,0.1500,31.8000
33.0702,18.7301,44.4900,0.0400,31.8700
33.0805,18.6845,44.8400,-0.0100,31.9200
33.0910,18.6369,45.1900,0.1200,32.0300
33.1012,18.5900,45.5400,0.3400,31.8700
33.1463,18.3737,46.9400,0.4400,31.9000
33.1565,18.3224,47.2900,0.0000,31.8600
33.1668,18.2703,47.9900,0.0100,31.9400
33.1769,18.2181,48.3400,0.2200,31.9100
33.1870,18.1653,48.6900,-0.0300,31.8300
33.1973,18.1110,49.0400,0.0500,31.8900
33.2074,18.0567,49.3900,0.0000,31.8800
33.2496,17.8222,50.7900,-0.0400,31.8700
33.2599,17.7634,51.1400,0.0900,31.8700
33.2701,17.7042,51.4900,-0.1300,31.8300
33.2802,17.6444,51.8500,0.2700,31.9600
33.2904,17.5839,52.2000,0.1100,31.8500
33.3007,17.5220,52.5500,0.0900,31.8900
33.3454,17.2445,53.9500,0.1100,31.8700
33.3559,17.1771,54.3000,-0.0600,31.8500
33.3661,17.1110,54.6500,0.3100,32.0500
33.3764,17.0433,55.0000,0.4000,31.9500
33.3867,16.9754,55.7000,0.0900,31.8300
33.3969,16.9076,56.0500,0.0100,32.0100
33.4072,16.8376,56.4000,0.4100,32.0100
33.4499,16.5420,57.8100,0.3500,32.0000
33.4602,16.4692,58.1600,0.2000,31.8900
33.4704,16.3963,58.5100,0.0000,31.7600
33.4805,16.3230,58.8600,-0.6200,31.8400
33.4907,16.2489,59.2100,0.1200,32.0800
33.5008,16.1744,59.5600,0.1800,31.9300
33.5480,15.8184,61.3100,0.2700,31.8200
33.5583,15.7391,61.6600,-0.1700,31.7400
33.5684,15.6600,62.0200,-0.0200,32.1200
33.5786,15.5804,62.3700,0.5700,32.0800
33.5887,15.5002,62.7200,0.3500,31.8900
33.5989,15.4193,63.0700,0.0000,31.7100
33.6091,15.3375,63.4200,-0.1000,32.0200
33.6541,14.9678,64.8200,-0.2300,31.9200
33.6644,14.8821,65.1700,0.1400,32.0800
33.6746,14.7962,65.5200,0.5300,31.9900
33.6847,14.7102,65.8700,0.1600,31.7200
33.6949,14.6234,66.2200,-0.1900,31.7700
33.7050,14.5363,66.5800,-0.0100,32.0800
33.7544,14.1033,68.3300,0.1300,32.0500
33.7647,14.0109,68.6800,0.0900,31.7900
33.7749,13.9190,69.0200,0.0400,31.5900
33.7851,13.8270,69.3800,-0.1300,31.9700
33.7952,13.7347,69.7300,0.1300,32.0400
33.8054,13.6412,70.0800,0.3100,31.8800
33.8485,13.2406,71.8300,0.0400,31.6400
33.8589,13.1424,72.1800,0.0500,31.8500
33.8692,13.0446,72.5300,0.0300,32.0400
33.8794,12.9470,72.8800,0.2900,32.0300
33.8895,12.8496,73.2300,0.1800,31.7100
33.8997,12.7511,73.5800,0.1300,31.7700
33.9100,12.6511,73.9300,0.0100,32.0200
33.9202,12.5523,74.2800,0.3100,32.0300
33.9303,12.4526,74.6300,0.2600,31.7900
33.9405,12.3523,74.9800,0.1000,31.7200
33.9506,12.2518,75.3300,0.0600,31.9200
33.9608,12.1504,75.6800,0.1500,32.0400
33.9710,12.0481,76.0300,0.1900,31.8600
33.9812,11.9459,76.3800,0.1900,31.6700
33.9914,11.8433,76.7300,0.0600,31.8900
34.0019,11.7365,77.0800,0.0300,32.0100
34.0477,11.2651,78.8400,0.1600,31.9600
34.0580,11.1579,79.1800,0.0200,31.7100
34.0683,11.0510,79.5400,-0.0300,31.8600
34.0787,10.9414,79.8900,0.0300,31.9300
34.0888,10.8347,80.2400,0.2800,32.0000
34.0990,10.7276,80.5900,0.0900,31.7800
34.1091,10.6201,80.9400,0.1100,31.8400
34.1504,10.1770,82.3400,0.1100,31.9000
34.1606,10.0663,82.6900,0.0300,31.9000
34.1708,9.9555,83.0400,0.1300,32.0000
34.1809,9.8447,83.3900,0.4300,31.9000
34.1911,9.7334,83.7400,0.1400,31.8800
34.2013,9.6211,84.0900,0.0300,31.9100
34.2442,9.1448,85.4900,0.0600,31.8500
34.2544,9.0303,85.8400,-0.0100,31.8900
34.2646,8.9156,86.1900,0.1000,31.8800
34.2748,8.8014,86.5400,-1.2700,31.8300
34.2849,8.6868,86.8800,-6.2900,30.9400
34.2950,8.5723,87.1200,-0.9500,23.0900
34.3052,8.4567,87.2800,-8.7800,16.0800
34.3477,7.9694,87.0800,0.2800,-7.8500
34.3580,7.8505,86.9800,-10.5700,-8.9300
34.3683,7.7314,86.8200,-3.5400,-14.1200
34.3784,7.6139,86.6000,-3.6300,-18.4200
34.3885,7.4964,86.3400,-3.6400,-22.5100
34.3987,7.3777,86.0400,-3.1200,-26.4500
34.4091,7.2560,85.7100,-0.9300,-29.7500
34.4511,6.7616,84.3100,-0.0500,-31.8500
34.4614,6.6400,83.9600,0.0000,-31.8300
34.4716,6.5188,83.6100,-0.0600,-31.9000
34.4817,6.3982,83.2600,0.1500,-31.8800
34.4919,6.2773,82.9100,-0.1600,-31.9100
34.5020,6.1566,82.5600,0.0800,-31.8300
34.5483,5.5999,80.8000,0.1500,-31.9000
34.5586,5.4758,80.4500,0.1500,-31.9200
34.5689,5.3517,80.1000,-0.8600,-32.0500
34.5791,5.2280,79.7500,-0.1000,-31.8600
34.5892,5.1051,79.4000,0.0000,-31.8600
34.5994,4.9805,79.0500,0.1700,-31.9900
34.6096,4.8566,78.7000,-0.8800,-32.1200
34.6550,4.3016,77.2900,-0.6800,-32.1900
34.6653,4.1756,76.9400,-0.6100,-32.0000
34.6754,4.0502,76.5900,0.0400,-31.8700
34.6858,3.9228,76.2400,0.3600,-31.9900
34.6960,3.7970,75.8800,0.2400,-32.1400
34.7062,3.6715,75.5300,-0.8200,-32.0800
34.7491,3.1403,73.7700,-0.1200,-31.9200
34.7593,3.0129,73.4200,0.2900,-31.9000
34.7697,2.8843,73.0700,0.6000,-32.0300
34.7799,2.7575,72.7100,-1.2000,-32.3200
34.7900,2.6307,72.3600,-0.4800,-32.0700
34.8002,2.5037,72.0100,-0.0200,-31.8800
34.8122,2.3551,71.6600,0.3200,-32.0200
34.8223,2.2279,71.3000,-0.5600,-32.3300
34.8325,2.1010,70.9500,-1.0200,-32.1700
34.8427,1.9739,70.6000,-0.1100,-31.9600
34.8528,1.8470,70.2500,0.1700,-31.9200
34.8629,1.7205,69.9000,0.5200,-32.2500
34.8731,1.5935,69.5400,-0.7500,-32.2300
34.8832,1.4666,69.1900,-0.2100,-31.9500
34.8933,1.3395,68.8400,0.1200,-31.8600
34.9035,1.2121,68.4900,0.9400,-32.0300
34.9458,0.6815,67.0800,0.5700,-31.9300
34.9560,0.5523,66.7300,-0.2000,-32.2600
34.9662,0.4242,66.3700,-0.6300,-32.0800
34.9765,0.2958,65.6700,0.1100,-31.8100
34.9866,0.1682,65.3200,-0.0500,-32.2400
34.9968,0.0407,64.9700,-0.5400,-32.1300
35.0069,-0.0868,64.6200,-0.3700,-31.8500
35.0525,-0.6599,63.2100,-0.4000,-31.9000
35.0628,-0.7893,62.8600,-0.0400,-31.7100
35.0732,-0.9197,62.5100,0.3400,-31.9400
35.0837,-1.0510,62.1600,-0.1100,-32.0900
35.0940,-1.1808,61.8100,-0.2900,-31.9200
35.1045,-1.3123,61.4600,-0.1500,-31.7300
35.1489,-1.8681,59.7100,0.1700,-31.7300
35.1594,-1.9991,59.3600,0.0200,-32.0000
35.1697,-2.1285,59.0100,-0.1700,-31.9600
35.1799,-2.2557,58.6600,-0.0700,-31.8000
35.1902,-2.3841,58.3100,0.0000,-31.6500
35.2005,-2.5135,57.9600,-0.0900,-31.9700
35.2453,-3.0705,56.5600,0.0100,-31.9300
35.2555,-3.1972,56.2000,-0.1100,-31.9700
35.2658,-3.3244,55.8600,-0.2900,-31.9200
35.2760,-3.4506,55.5100,-0.0700,-31.7400
35.2862,-3.5768,55.1500,-0.0400,-31.9200
35.2966,-3.7057,54.4500,-0.3300,-31.9300
35.3070,-3.8344,54.1000,-0.2400,-31.8200
35.3518,-4.3845,52.7100,-0.2300,-31.8200
35.3620,-4.5105,52.3600,-0.0100,-31.8400
35.3722,-4.6352,52.0000,0.0700,-31.9000
35.3824,-4.7596,51.6500,-0.0100,-31.8900
35.3928,-4.8857,51.3000,-0.1600,-31.8700
35.4030,-5.0098,50.9500,0.0300,-31.7900
35.4425,-5.4892,49.5500,0.1400,-31.8400
35.4527,-5.6124,49.2000,-0.1100,-31.9000
35.4629,-5.7357,48.8500,0.0000,-31.8400
35.4732,-5.8588,48.5000,0.0700,-31.9000
35.4834,-5.9812,48.1500,0.0600,-31.8400
35.4935,-6.1027,47.8000,-0.4100,-31.9500
35.5036,-6.2237,47.4500,0.0200,-31.8400
35.5453,-6.7190,46.0500,-0.0800,-31.8500
35.5556,-6.8404,45.7000,0.0500,-31.8900
35.5657,-6.9603,45.3500,-0.0200,-31.9200
35.5761,-7.0818,44.9900,-0.5900,-32.0700
35.5863,-7.2017,44.6400,-0.3600,-31.8900
35.5965,-7.3212,44.2900,-0.0700,-31.8700
35.6066,-7.4394,43.9400,0.1000,-31.9900
35.6459,-7.8962,42.5400,0.2100,-31.9200
35.6564,-8.0165,42.1900,0.2300,-32.0800
35.6667,-8.1353,41.4800,0.1000,-31.8300
35.6769,-8.2517,41.1300,0.4300,-31.9100
35.6870,-8.3679,40.7800,0.7200,-32.0200
35.6972,-8.4838,40.4300,-0.8800,-32.1300
35.7074,-8.5995,40.0800,-0.0100,-31.9000
35.7492,-9.0705,38.6700,-0.4300,-31.9900
35.7594,-9.1848,38.3200,0.1600,-31.9200
35.7696,-9.2985,37.9600,0.3700,-32.0000
35.7798,-9.4117,37.6100,-0.8800,-32.3200
35.7900,-9.5243,37.2600,-0.8800,-32.1100
35.8001,-9.6365,36.9100,-0.1200,-31.9100
35.8471,-10.1496,35.1500,0.2100,-31.8700
35.8574,-10.2609,34.7900,1.0300,-32.1200
35.8677,-10.3712,34.4400,-0.5600,-32.2600
35.8781,-10.4831,34.0900,-0.1400,-32.0000
35.8883,-10.5922,33.7400,0.2200,-31.8900
35.8985,-10.7004,33.3800,0.6000,-31.9800
35.9087,-10.8082,33.0300,-0.7200,-32.3400
35.9516,-11.2584,31.6200,-0.0500,-32.2800
35.9619,-11.3650,31.2700,-0.8400,-32.1600
35.9720,-11.4691,30.9200,-0.2700,-31.9200
35.9821,-11.5729,30.5700,0.0900,-31.8100
35.9922,-11.6764,30.2100,0.3800,-32.1600
36.0026,-11.7824,29.8600,-0.4900,-32.1800
36.0434,-12.1927,28.4600,-0.2100,-32.1700
36.0536,-12.2941,28.1100,-0.2400,-31.9700
36.0638,-12.3942,27.7600,-0.0800,-31.7300
36.0739,-12.4940,27.4000,0.5300,-31.8400
36.0842,-12.5945,27.0500,0.0600,-32.1300
36.0943,-12.6931,26.7000,-0.2000,-31.9900
36.1044,-12.7913,26.3500,0.0400,-31.7900
36.1481,-13.2083,24.6000,0.0300,-31.6900
36.1587,-13.3079,24.2500,0.1100,-32.0000
36.1689,-13.4036,23.9000,-0.1800,-32.0200
36.1791,-13.4987,23.5500,-0.3000,-31.8700
36.1894,-13.5939,23.2000,0.0000,-31.6800
36.1997,-13.6877,22.8500,0.0500,-31.9500
36.2098,-13.7806,22.5000,-0.2300,-32.0200
36.2219,-13.8906,22.1500,-0.3600,-31.9000
36.2322,-13.9828,21.8000,-0.1100,-31.7500
36.2423,-14.0736,21.4500,0.0600,-31.8700
36.2526,-14.1650,21.0900,-0.0700,-32.0000
36.2628,-14.2550,20.7500,-0.0900,-31.9400
36.2730,-14.3446,20.4000,-0.1100,-31.7600
36.2832,-14.4343,20.0500,0.0300,-31.8100
36.2935,-14.5238,19.6900,0.0700,-31.9400
36.3039,-14.6130,19.3400,-0.1000,-31.9200
36.3530,-15.0268,17.5900,-0.1000,-31.8200
36.3634,-15.1129,17.2400,0.0800,-31.7500
36.3739,-15.1991,16.8900,0.0200,-31.9000
36.3841,-15.2821,16.5400,0.0000,-31.8900
36.3943,-15.3646,16.1900,0.0000,-31.8900
36.4045,-15.4464,15.8400,0.0300,-31.7600
36.4451,-15.7650,14.4400,-0.0400,-31.8400
36.4554,-15.8443,14.0900,-0.1300,-31.9200
36.4655,-15.9218,13.7400,-0.0100,-31.8700
36.4756,-15.9985,13.3900,-0.0600,-31.9200
36.4858,-16.0745,13.0400,-0.1700,-31.8500
36.4959,-16.1499,12.6900,-0.2600,-31.9600
36.5063,-16.2266,12.3400,-0.1800,-31.8700
36.5471,-16.5209,10.5900,0.1200,-31.8600
36.5574,-16.5935,10.2400,0.0100,-31.9100
36.5676,-16.6646,9.8800,0.0500,-31.9900
36.5777,-16.7348,9.5300,-0.1300,-31.9100
36.5879,-16.8044,9.1800,0.0800,-31.8200
36.5981,-16.8735,8.8300,0.2100,-31.9200
36.6082,-16.9418,8.4800,0.2900,-31.9500
36.6525,-17.2306,7.0800,0.4200,-31.9900
36.6629,-17.2967,6.7300,-0.7700,-32.0700
36.6732,-17.3612,6.3800,-0.1500,-31.8700
36.6834,-17.4245,6.0200,0.2100,-31.9000
36.6936,-17.4873,5.6700,0.3500,-31.9900
36.7038,-17.5488,5.3200,-1.1700,-32.1900
36.7450,-17.7916,3.9100,-0.7000,-32.2200
36.7553,-17.8501,3.5600,-0.8000,-32.0400
36.7655,-17.9075,3.2100,0.1000,-31.9100
36.7757,-17.9642,2.8600,0.3600,-31.9500
36.7859,-18.0206,2.5000,0.2200,-32.1900
36.7962,-18.0763,2.1500,-0.8200,-32.1200
36.8064,-18.1305,1.8000,-0.0400,-31.9000
36.8454,-18.3322,0.3900,-0.1200,-31.9900
36.8558,-18.3838,0.0400,0.2300,-31.8700
36.8659,-18.4337,-0.3100,0.6300,-32.0600
36.8761,-18.4827,-0.6600,-0.9300,-32.3300
36.8862,-18.5309,-1.0100,-0.6500,-32.0900
36.8963,-18.5782,-1.3600,-0.0100,-31.9200
36.9064,-18.6249,-1.7100,0.2100,-31.9500
36.9542,-18.8354,-3.4800,0.5000,-32.1800
36.9645,-18.8784,-3.8300,-0.8700,-32.2200
36.9748,-18.9210,-4.1800,-0.1500,-31.9700
36.9850,-18.9621,-4.5300,-0.0300,-31.8000
36.9953,-19.0028,-4.8800,0.8700,-32.0500
37.0054,-19.0421,-5.2400,-0.2700,-32.2200
37.0486,-19.2010,-6.9900,-0.3100,-32.0400
37.0589,-19.2367,-7.3400,-0.1500,-31.7800
37.0692,-19.2718,-7.6900,0.1400,-31.7900
37.0795,-19.3060,-8.0500,-0.0200,-32.1400
37.0897,-19.3392,-8.4000,-0.5500,-32.0700
37.0999,-19.3714,-8.7500,-0.3200,-31.8500
37.1101,-19.4028,-9.1000,0.0000,-31.7000
37.1203,-19.4334,-9.4500,0.1000,-32.0700
37.1304,-19.4630,-9.8000,-0.4700,-32.0900
37.1405,-19.4919,-10.1500,-0.4100,-31.8800
37.1506,-19.5199,-10.5000,-0.0400,-31.7300
37.1607,-19.5472,-10.8500,0.2100,-31.9300
37.1708,-19.5736,-11.2000,-0.2100,-32.0800
37.1809,-19.5993,-11.5500,-0.1400,-31.9300
37.1910,-19.6242,-11.9000,-0.0500,-31.7200
37.2011,-19.6483,-12.2500,0.2400,-31.8500
37.2466,-19.7471,-14.0100,0.0600,-31.9800
37.2573,-19.7679,-14.3600,-0.0300,-31.9500
37.2678,-19.7874,-14.7000,-0.0900,-31.7700
37.2783,-19.8062,-15.0500,0.0400,-31.6900
37.2885,-19.8237,-15.4100,0.0100,-31.9400
37.2988,-19.8403,-15.7600,-0.0900,-31.9400
37.3091,-19.8563,-16.1100,-0.0800,-31.8500
37.3543,-19.9162,-17.5100,-0.2100,-31.8800
37.3645,-19.9275,-17.8600,-0.0200,-31.7800
37.3747,-19.9380,-18.2100,0.0300,-31.9200
37.3848,-19.9476,-18.5600,-0.0100,-31.9300
37.3950,-19.9565,-18.9100,-0.1300,-31.9400
37.4053,-19.9646,-19.2600,-0.1300,-31.8000
37.4454,-19.9882,-20.6600,-0.2500,-31.8700
37.4557,-19.9923,-21.0100,-0.0500,-31.8800
37.4659,-19.9954,-21.3600,-0.1300,-31.8900
37.4760,-19.9977,-21.7100,0.0000,-31.9100
37.4863,-19.9993,-22.0600,-0.1900,-31.8600
37.4965,-20.0000,-22.4100,0.0500,-31.8900
37.5068,-19.9998,-23.1100,0.0100,-31.8500
37.5458,-19.9917,-24.1600,-0.0600,-31.9000
37.5561,-19.9876,-24.5100,0.0500,-31.8300
37.5662,-19.9827,-24.8600,0.0100,-31.8600
37.5763,-19.9770,-25.2100,0.2400,-31.9000
37.5865,-19.9705,-25.5700,-0.3400,-31.9400
37.5966,-19.9632,-25.9200,-0.0800,-31.8200
37.6068,-19.9550,-26.6200,0.1100,-31.9000
37.6528,-19.9080,-28.0200,0.1400,-31.9800
37.6632,-19.8950,-28.3700,-0.7600,-32.1000
37.6735,-19.8813,-28.7200,-0.4600,-31.9100
37.6837,-19.8669,-29.0700,0.0700,-31.9000
37.6939,-19.8518,-29.4300,0.1400,-31.9700
37.7041,-19.8358,-29.7800,-0.4900,-32.1500
37.7461,-19.7613,-31.1800,0.2800,-32.0900
37.7563,-19.7411,-31.5300,-0.6600,-32.0500
37.7665,-19.7203,-32.2400,0.4000,-31.8900
37.7767,-19.6984,-32.5900,0.8400,-32.1000
37.7869,-19.6759,-32.9400,-0.8100,-32.1700
37.7971,-19.6526,-33.2900,-0.1700,-31.9200
37.8072,-19.6286,-33.6500,0.3400,-31.9100
37.8511,-19.5152,-35.0500,0.0000,-31.8900
37.8615,-19.4864,-35.4100,0.3300,-32.0200
37.8720,-19.4562,-35.7600,-0.6200,-32.3000
37.8821,-19.4262,-36.1100,-0.9900,-32.1200
37.8923,-19.3954,-36.4600,-0.0900,-31.9400
37.9025,-19.3640,-36.8200,0.1900,-31.9200
37.9461,-19.2194,-38.2300,0.1800,-31.8900
37.9564,-19.1834,-38.5800,0.9900,-32.0800
37.9665,-19.1468,-39.2800,-0.0800,-32.0200
37.9769,-19.1090,-39.6300,0.0900,-31.8200
37.9870,-19.0709,-39.9900,0.6000,-31.9800
37.9972,-19.0319,-40.3400,-0.3400,-32.2800
38.0075,-18.9916,-40.6900,-0.5300,-32.0700
38.0485,-18.8239,-42.1000,-0.6100,-32.1400
38.0588,-18.7800,-42.4500,-0.3600,-31.8700
38.0689,-18.7358,-42.8000,0.0700,-31.8100
38.0790,-18.6909,-43.1500,0.2900,-32.1100
38.0892,-18.6453,-43.5100,-0.6200,-32.1600
38.0994,-18.5984,-43.8600,-0.3000,-31.9300
38.1095,-18.5511,-44.2100,0.0000,-31.7500
38.1489,-18.3607,-45.6100,-0.0800,-31.7500
38.1594,-18.3080,-45.9600,0.3300,-31.7900
38.1696,-18.2557,-46.3100,0.0100,-32.0800
38.1799,-18.2026,-46.6600,-0.1200,-31.9600
38.1902,-18.1485,-47.0100,-0.0900,-31.7200
38.2004,-18.0944,-47.3600,0.1800,-31.7100
38.2424,-17.8634,-48.7600,0.0100,-31.6600
38.2528,-17.8039,-49.1200,-0.0600,-32.0000
38.2630,-17.7452,-49.4700,-0.1100,-32.0000
38.2732,-17.6858,-49.8200,-0.3000,-31.8400
38.2833,-17.6261,-50.1600,0.0000,-31.7100
38.2934,-17.5657,-50.5200,0.0800,-31.9400
38.3036,-17.5044,-50.8700,-0.0700,-32.0000
38.3436,-17.2556,-52.2700,-0.1000,-31.9700
38.3540,-17.1895,-52.6200,-0.3200,-31.9200
38.3642,-17.1234,-52.9700,-0.1900,-31.8100
38.3743,-17.0573,-53.3200,0.0000,-31.8300
38.3846,-16.9895,-53.6700,-0.0800,-31.9400
38.3947,-16.9218,-54.0200,-0.0600,-31.9400
38.4051,-16.8521,-54.3700,-0.1600,-31.8200
38.4475,-16.5595,-56.1200,0.0400,-31.7700
38.4581,-16.4841,-56.4700,0.0100,-31.9000
38.4685,-16.4101,-56.8200,0.1000,-31.8900
38.4788,-16.3354,-57.1700,-0.0500,-31.8600
38.4890,-16.2613,-57.5200,0.1300,-31.8100
38.4993,-16.1857,-57.8700,-0.1000,-31.9000
38.5094,-16.1104,-58.2200,-0.0400,-31.8500
38.5531,-15.7789,-59.6200,0.0100,-31.8500
38.5635,-15.6983,-59.9700,-0.1100,-31.8800
38.5737,-15.6184,-60.3200,-0.0200,-31.9000
38.5841,-15.5371,-60.6800,-0.3800,-31.9800
38.5943,-15.4562,-61.0300,-0.1900,-31.8700
38.6044,-15.3749,-61.3800,0.0000,-31.9000
38.6535,-14.9730,-63.1300,0.0800,-31.9600
38.6638,-14.8869,-63.4800,-0.0500,-32.0100
38.6741,-14.8006,-63.8300,-0.3800,-31.9300
38.6843,-14.7135,-64.1800,0.1700,-31.8500
38.6945,-14.6264,-64.5300,0.1600,-31.9000
38.7047,-14.5390,-64.8900,0.3200,-32.0300
38.7467,-14.1712,-66.6400,-0.9200,-32.1300
38.7570,-14.0798,-66.9900,-0.0500,-31.9000
38.7672,-13.9883,-67.3500,0.1600,-31.8800
38.7773,-13.8972,-67.7000,0.4700,-32.0500
38.7875,-13.8054,-68.0500,-1.1300,-32.2100
38.7976,-13.7125,-68.4000,-0.4600,-31.9700
38.8077,-13.6199,-68.7500,0.1000,-31.9100
38.8493,-13.2333,-70.1600,-0.1100,-31.8900
38.8595,-13.1364,-70.5100,0.4100,-31.9900
38.8702,-13.0350,-70.8700,0.3500,-32.2200
38.8804,-12.9371,-71.2200,-0.9700,-32.1700
38.8906,-12.8392,-71.5700,0.0200,-31.9500
38.9009,-12.7397,-71.9200,0.2400,-31.8800
38.9388,-12.3687,-73.3300,0.2200,-31.9100
38.9491,-12.2668,-73.6900,0.5600,-32.0100
38.9594,-12.1642,-74.0400,-0.8800,-32.3400
38.9698,-12.0605,-74.3900,-0.6000,-32.1000
38.9800,-11.9576,-74.7400,-0.1800,-31.8700
38.9902,-11.8553,-75.1000,0.2300,-31.9500
39.0004,-11.7521,-75.4500,-0.1000,-32.2900
39.0431,-11.3129,-76.8600,0.4100,-32.1900
39.0535,-11.2052,-77.2100,-0.6600,-32.2100
39.0637,-11.0985,-77.5600,-0.3800,-31.9400
39.0739,-10.9924,-77.9100,0.0000,-31.8200
39.0840,-10.8853,-78.2600,0.7000,-31.9900
39.0943,-10.7765,-78.6200,-0.2300,-32.2100
39.1045,-10.6688,-78.9700,-0.2400,-31.9900
39.1466,-10.2173,-80.7200,-0.0500,-31.7900
39.1569,-10.1062,-81.0700,0.0800,-31.7100
39.1671,-9.9957,-81.4300,-0.0900,-32.1100
39.1773,-9.8845,-81.7800,-0.3400,-32.0400
39.1875,-9.7726,-82.1200,-0.3100,-31.8000
39.1981,-9.6559,-82.4700,0.0600,-31.7200
39.2083,-9.5436,-82.8300,0.0800,-32.0300
39.2482,-9.1004,-84.2300,0.1100,-31.9700
39.2584,-8.9853,-84.5800,-0.1500,-32.0500
39.2685,-8.8715,-84.9300,-0.3200,-31.9100
39.2787,-8.7576,-85.2800,1.1600,-31.7100
39.2888,-8.6429,-85.6100,12.1900,-30.3500
39.2990,-8.5275,-85.8400,7.8500,-22.7100
39.3091,-8.4122,-85.9800,7.0400,-14.4900
39.3559,-7.8743,-85.9200,0.8900,4.0100
39.3664,-7.7540,-85.8600,0.3000,4.8000
39.3765,-7.6362,-85.7700,8.3300,7.6700
39.3867,-7.5180,-85.6100,3.4900,13.4200
39.3969,-7.3992,-85.1500,3.4200,21.9800
39.4070,-7.2810,-84.8500,3.6100,26.1300
39.4520,-6.7510,-83.4700,0.5500,31.9700
39.4622,-6.6299,-83.1200,0.3000,31.8500
39.4724,-6.5096,-82.7700,-0.0400,31.7400
39.4827,-6.3868,-82.4200,-0.0800,32.0600
39.4928,-6.2659,-82.0700,0.5700,32.1200
39.5031,-6.1431,-81.7200,0.4900,31.9000
39.5468,-5.6187,-79.9700,0.1200,31.7200
39.5571,-5.4947,-79.6100,-0.3800,31.8100
39.5672,-5.3723,-79.2600,0.0300,32.1000
39.5773,-5.2498,-78.9100,0.2900,31.9700
39.5874,-5.1270,-78.5600,0.1100,31.7400
39.5975,-5.0040,-78.2100,-0.2200,31.7200
39.6076,-4.8808,-77.8600,-0.1200,32.0400
39.6511,-4.3497,-76.4600,-0.1600,32.0200
39.6613,-4.2237,-76.1100,0.2000,32.0600
39.6718,-4.0953,-75.7600,0.3100,31.8700
39.6821,-3.9681,-75.4100,0.0300,31.6100
39.6925,-3.8405,-75.0600,-0.0400,31.9300
39.7026,-3.7152,-74.7000,0.2200,32.1100
39.7458,-3.1813,-73.3000,0.0900,32.0600
39.7560,-3.0546,-72.9500,0.3900,32.0200
39.7663,-2.9261,-72.6000,0.2700,31.7100
39.7765,-2.8000,-72.2500,0.0900,31.7800
39.7866,-2.6731,-71.9000,0.0000,32.0500
39.7968,-2.5462,-71.2000,0.2200,31.7800
39.8072,-2.4166,-70.8500,0.0700,31.7200
39.8507,-1.8731,-69.4500,0.2000,31.6500
39.8610,-1.7446,-69.1000,0.0000,31.9100
39.8712,-1.6172,-68.7500,0.0300,32.0100
39.8813,-1.4904,-68.4000,0.1500,31.9000
39.8914,-1.3635,-68.0500,0.1200,31.6500
39.9016,-1.2351,-67.7000,0.0000,31.8400
39.9451,-0.6894,-66.3000,-0.0100,31.8600
39.9554,-0.5603,-65.9500,0.0200,31.9700
39.9655,-0.4332,-65.6000,0.2900,32.0100
39.9756,-0.3063,-65.2500,0.1100,31.7600
39.9857,-0.1793,-64.9000,0.0600,31.8300
39.9959,-0.0515,-64.5400,0.0000,31.9700
40.0061,0.0768,-64.1900,0.1900,32.0200
40.0479,0.6019,-62.4400,0.4100,31.8900
40.0582,0.7311,-62.0900,0.1200,31.8300
40.0685,0.8603,-61.7400,0.0000,31.9000
40.0787,0.9886,-61.3900,0.0700,31.9600
40.0889,1.1161,-61.0400,0.3200,31.9200
40.0990,1.2437,-60.6900,-0.0200,31.8400
40.1091,1.3704,-60.3400,0.0500,31.8500
40.1543,1.9362,-58.9400,0.0100,31.8900
40.1646,2.0647,-58.5900,-0.0700,31.8600
40.1747,2.1911,-58.2400,-0.0200,31.9200
40.1850,2.3194,-57.8900,-0.1200,31.8200
40.1951,2.4458,-57.5400,0.1400,31.9000
40.2053,2.5733,-57.1900,-0.0200,31.8800
40.2466,3.0868,-55.4300,0.1700,31.9000
40.2569,3.2146,-55.0800,0.0000,31.8500
40.2671,3.3412,-54.7300,0.4600,32.0000
40.2774,3.4678,-54.3800,0.3600,31.9400
40.2875,3.5930,-54.0300,0.1700,31.8600
40.2977,3.7191,-53.6800,0.0800,31.8600
40.3079,3.8448,-53.3300,0.2100,32.0200
40.3502,4.3650,-51.9300,-0.2300,31.9500
40.3604,4.4907,-51.5800,0.2600,32.0000
40.3706,4.6149,-51.2300,0.0900,31.8500
40.3807,4.7384,-50.8800,-0.0800,31.8100
40.3908,4.8616,-50.5200,-0.6100,31.9000
40.4009,4.9845,-50.1700,0.1400,32.0200
40.4426,5.4906,-48.7700,0.1300,32.1000
40.4528,5.6139,-48.4200,0.3000,31.9500
40.4630,5.7365,-48.0700,0.2000,31.8000
40.4731,5.8585,-47.7200,-0.1800,31.7600
40.4837,5.9848,-47.3700,0.1900,32.0900
40.4938,6.1068,-47.0200,0.7200,32.0500
40.5040,6.2286,-46.6700,0.3600,31.8300
40.5450,6.7153,-45.2600,0.4700,31.9100
40.5552,6.8363,-44.9100,0.1400,31.7300
40.5654,6.9565,-44.5600,-0.1800,31.9900
40.5756,7.0770,-44.2100,0.3300,32.1500
40.5858,7.1965,-43.8600,0.5200,31.9600
40.5960,7.3152,-43.5100,0.1600,31.7400
40.6061,7.4332,-43.1600,-0.3300,31.8700
40.6478,7.9174,-41.4000,-0.0900,32.0600
40.6581,8.0361,-41.0500,0.1700,32.0100
40.6684,8.1552,-40.7000,0.0900,31.7800
40.6788,8.2735,-40.3500,-0.0400,31.6400
40.6889,8.3890,-40.0000,-0.1200,31.9800
40.6990,8.5044,-39.6500,0.1900,32.0900
40.7092,8.6200,-39.3000,0.2700,31.8500
40.7497,9.0763,-37.9000,0.4000,31.9400
40.7601,9.1924,-37.5500,0.0700,31.6300
40.7702,9.3057,-37.2000,0.0200,31.8700
40.7805,9.4192,-36.8500,0.1100,32.1000
40.7907,9.5320,-36.5000,0.3300,31.9900
40.8008,9.6441,-36.1500,0.1300,31.6900
40.8435,10.1107,-34.7500,0.2600,31.7600
40.8538,10.2215,-34.4000,0.1000,31.7200
40.8640,10.3316,-34.0400,-0.0400,32.0000
40.8741,10.4406,-33.6900,0.1700,32.0500
40.8843,10.5492,-33.3500,0.1700,31.8400
40.8945,10.6580,-33.0000,0.1900,31.6900
40.9047,10.7659,-32.6400,0.0800,31.9000
40.9485,11.2263,-30.8900,-0.0700,32.0000
40.9588,11.3329,-30.5400,0.1200,31.9600
40.9693,11.4411,-30.1900,0.0100,31.6900
40.9795,11.5462,-29.8400,-0.0500,31.8300
40.9897,11.6507,-29.4900,-0.0200,31.9900
40.9998,11.7541,-29.1400,0.2300,32.0000
41.0101,11.8577,-28.7900,0.0500,31.7400
41.0202,11.9605,-28.4400,0.0100,31.8700
41.0304,12.0622,-28.0900,-0.0300,31.9500
41.0405,12.1634,-27.7400,0.1600,32.0300
41.0506,12.2641,-27.3900,0.2000,31.8400
41.0610,12.3674,-27.0400,0.0900,31.8600
41.0712,12.4678,-26.6900,0.0100,31.9400
41.0815,12.5689,-26.3300,0.1300,32.0000
41.0917,12.6679,-25.9900,0.4200,31.8900
41.1018,12.7661,-25.6300,0.0700,31.8800
41.1455,13.1840,-24.2300,-0.0500,31.8400
41.1558,13.2807,-23.8800,-0.0200,31.8900
41.1659,13.3756,-23.5300,-0.0200,31.9000
41.1761,13.4705,-23.1800,0.2000,31.9100
41.1864,13.5661,-22.8300,-0.1000,31.8400
41.1967,13.6608,-22.1300,-0.1000,31.9000
41.2068,13.7535,-21.7800,0.0200,31.9000
41.2510,14.1511,-20.3800,0.1100,31.8900
41.2613,14.2419,-20.0300,-0.1100,31.8400
41.2714,14.3306,-19.6700,0.3600,31.9600
41.2815,14.4190,-19.3300,0.2300,31.8900
41.2916,14.5070,-18.9700,0.0900,31.8600
41.3017,14.5943,-18.6200,-0.1200,31.8400
41.3451,14.9613,-17.2200,-0.0100,31.8500
41.3553,15.0464,-16.8700,0.1700,32.0200
41.3655,15.1299,-16.5200,0.4100,31.9900
41.3756,15.2127,-16.1700,0.2200,31.8600
41.3857,15.2948,-15.8200,0.0200,31.8300
41.3958,15.3764,-15.4700,-0.2700,31.9900
41.4059,15.4575,-15.1200,0.4400,31.9900
41.4481,15.7883,-13.3600,0.1200,31.8700
41.4584,15.8672,-13.0100,-0.0700,31.7700
41.4685,15.9444,-12.6600,-0.6300,31.8300
41.4786,16.0208,-12.3100,0.0600,32.0600
41.4887,16.0966,-11.9600,0.2100,31.9700
41.4989,16.1720,-11.6100,0.0800,31.7800
41.5090,16.2468,-11.2600,-0.2500,31.7400
41.5534,16.5656,-9.8600,-0.0700,31.7300
41.5637,16.6379,-9.5000,-0.0700,32.0700
41.5738,16.7081,-9.1500,0.5500,32.1300
41.5839,16.7776,-8.8000,0.4800,31.9000
41.5941,16.8470,-8.4500,0.0700,31.7200
41.6043,16.9157,-8.1000,-0.1900,31.9900
41.6463,17.1912,-6.7000,-0.2800,31.8400
41.6565,17.2565,-6.0000,0.3100,31.9900
41.6667,17.3210,-5.6500,0.0900,31.7300
41.6769,17.3846,-5.3000,-0.1500,31.7300
41.6871,17.4475,-4.9400,-0.0800,32.0400
41.6973,17.5098,-4.5900,0.1400,32.0500
41.7075,17.5714,-4.2400,0.1100,31.7700
41.7486,17.8124,-2.8400,0.1900,31.8500
41.7592,17.8726,-2.4900,0.0200,31.6000
41.7694,17.9296,-2.1400,-0.0800,31.9200
41.7798,17.9870,-1.7900,0.2100,32.1000
41.7900,18.0426,-1.4400,0.3000,31.9300
41.8004,18.0987,-1.0900,-0.0100,31.6200
41.8476,18.3433,0.6500,0.1100,31.8000
41.8579,18.3944,1.0000,0.0100,32.0600
41.8682,18.4446,1.3500,0.4000,32.0400
41.8786,18.4948,1.7000,0.3100,31.7700
41.8888,18.5435,2.0500,0.0900,31.7500
41.8991,18.5912,2.4100,0.0000,31.9500
41.9096,18.6394,2.7600,0.1700,32.0500
41.9519,18.8256,4.1600,0.0800,32.0200
41.9622,18.8689,4.5100,0.1800,31.9000
41.9727,18.9123,4.8500,0.1300,31.6700
41.9829,18.9535,5.2100,0.0100,31.8500
41.9930,18.9938,5.5600,-0.0400,32.0200
42.0031,19.0332,5.9100,0.1400,31.9600
42.0473,19.1965,7.6600,0.0200,31.7600
42.0580,19.2336,8.0100,0.1200,31.8400
42.0681,19.2682,8.3600,0.0400,31.9600
42.0783,19.3020,8.7100,0.1900,32.0100
42.0884,19.3349,9.0600,0.1400,31.8200
42.0985,19.3670,9.4100,0.1300,31.8700
42.1086,19.3983,9.7600,-0.0100,31.9000
42.1507,19.5204,11.1600,0.0000,31.9200
42.1610,19.5479,11.5200,0.1100,31.9500
42.1712,19.5747,11.8700,0.3100,31.9100
42.1815,19.6008,12.2200,0.0000,31.8700
42.1916,19.6258,12.5700,0.0000,31.8700
42.2018,19.6500,12.9200,0.0100,31.9200
42.2469,19.7477,14.6700,0.0000,31.9000
42.2573,19.7679,15.0200,-0.1500,31.8400
42.2674,19.7868,15.3700,0.0600,31.9000
42.2775,19.8049,15.7200,-0.0300,31.8800
42.2877,19.8224,16.0700,0.0500,31.8800
42.2978,19.8388,16.4200,-0.1300,31.8400
42.3079,19.8545,16.7700,0.2900,31.9900
42.3524,19.9141,18.1800,0.4100,32.0200
42.3627,19.9256,18.5300,0.4100,31.9400
42.3729,19.9363,18.8800,0.1200,31.8500
42.3834,19.9463,19.2300,0.0300,31.8400
42.3936,19.9553,19.5800,0.2100,32.0500
42.4037,19.9634,19.9300,0.5100,31.9500
42.4484,19.9895,21.6800,0.1700,31.8700
42.4588,19.9933,22.0300,0.0100,31.7900
42.4690,19.9962,22.3800,-0.6100,31.9200
42.4792,19.9983,22.7400,0.2400,32.0300
42.4896,19.9996,23.0800,0.1300,31.9100
42.4999,20.0000,23.4400,0.0000,31.7600
42.5100,19.9996,23.7800,-0.6100,31.8200
42.5202,19.9984,24.1400,0.0800,32.1000
42.5303,19.9964,24.4900,0.1800,31.9500
42.5404,19.9936,24.8400,0.1200,31.7900
42.5505,19.9899,25.1900,-0.3600,31.7600
42.5606,19.9855,25.5400,0.1000,32.0800
42.5707,19.9803,25.8900,0.5500,32.0600
42.5808,19.9742,26.2400,0.3100,31.8400
42.5909,19.9674,26.5900,-0.1800,31.7200
42.6010,19.9597,26.9500,-0.0500,32.0800
42.6446,19.9175,28.3500,-0.1500,31.9900
42.6548,19.9055,28.7000,0.2600,32.1500
42.6651,19.8924,29.0500,0.5800,31.9500
42.6753,19.8788,29.4000,0.1300,31.7200
42.6855,19.8642,29.7500,-0.2600,31.8700
42.6957,19.8489,30.1000,0.0000,32.0800
42.7059,19.8329,30.4500,0.3700,32.0000
42.7502,19.7533,32.2000,0.1200,31.7800
42.7605,19.7327,32.5500,0.0200,31.6300
42.7706,19.7116,32.9100,-0.1300,31.9800
42.7808,19.6896,33.2600,0.1200,32.0900
42.7911,19.6664,33.6000,0.0700,31.8400
42.8013,19.6428,33.9600,0.0200,31.5900
42.8440,19.5347,35.3600,0.0900,31.6200
42.8542,19.5067,35.7100,0.0000,31.8600
42.8647,19.4772,36.0600,0.1000,32.0800
42.8748,19.4478,36.4100,0.2400,31.9800
42.8851,19.4175,36.7600,0.1100,31.6800
42.8952,19.3864,37.1100,0.0300,31.8200
42.9054,19.3546,37.4600,0.0400,32.0100
42.9547,19.1893,39.2100,0.1700,32.0500
42.9651,19.1522,39.5600,0.1900,31.8500
42.9752,19.1151,39.9100,0.0200,31.7200
42.9855,19.0768,40.2600,0.0200,31.9000
42.9957,19.0378,40.6100,0.0600,32.0400
43.0058,18.9984,40.9600,0.2100,31.9000
43.0477,18.8275,42.7100,0.0000,31.7000
43.0581,18.7829,43.0700,-0.0300,31.8300
43.0683,18.7386,43.4200,-0.0500,31.9800
43.0786,18.6930,43.7700,0.2800,31.9900
43.0887,18.6472,44.1200,0.0100,31.7500
43.0989,18.6006,44.4700,0.0700,31.8700
43.1093,18.5522,44.8200,0.0000,31.9300
43.1561,18.3246,46.2200,0.0000,31.9300
43.1663,18.2728,46.5700,0.1500,31.9800
43.1764,18.2206,46.9200,0.3000,31.8800
43.1866,18.1679,47.6200,0.0100,31.8700
43.1967,18.1143,47.9800,0.0500,31.9700
43.2068,18.0599,48.3200,0.3500,31.9000
43.2490,17.8260,49.7300,0.1600,31.9100
43.2592,17.7672,50.0800,-0.1200,31.8800
43.2696,17.7069,50.4300,0.0600,31.8800
43.2798,17.6468,50.7800,-0.0200,31.8800
43.2901,17.5857,51.1300,0.0700,31.8700
43.3003,17.5241,51.4800,-0.2100,31.8500
43.3425,17.2627,52.8800,-0.2200,31.8400
43.3528,17.1971,53.2300,0.4000,31.9700
43.3630,17.1312,53.5800,0.2400,31.9000
43.3732,17.0649,53.9300,0.0900,31.8600
43.3833,16.9980,54.2800,-0.1800,31.8400
43.3934,16.9306,54.6300,0.3900,32.0500
43.4035,16.8628,54.9800,0.3100,31.9300
43.4486,16.5512,56.7400,0.3300,31.8500
43.4589,16.4783,57.0900,0.0800,31.8200
43.4690,16.4059,57.4400,-0.1800,32.0300
43.4792,16.3329,57.7900,0.4800,32.0100
43.4893,16.2593,58.1400,0.2800,31.8900
43.4994,16.1850,58.4900,0.0200,31.7700
43.5095,16.1101,58.8400,-0.5400,31.9100
43.5217,16.0188,59.1900,0.2500,32.0600
43.5319,15.9418,59.5400,0.1800,31.8900
43.5422,15.8633,59.8900,-0.0200,31.7600
43.5524,15.7845,60.2400,-0.5700,31.8300
43.5628,15.7042,60.6000,0.0000,32.0800
43.5730,15.6240,60.9500,0.2800,31.9900
43.5833,15.5432,61.3000,0.1200,31.7900
43.5935,15.4621,61.6500,-0.3200,31.7600
43.6037,15.3803,62.0000,0.0000,32.1300
43.6159,15.2818,62.3500,0.5000,32.0400
43.6263,15.1978,62.7000,0.3600,31.8500
43.6366,15.1132,63.4000,-0.1000,32.0700
43.6468,15.0291,63.7600,0.5500,32.1200
43.6569,14.9448,64.1000,0.3800,31.8800
43.6671,14.8596,64.4500,-0.0100,31.6900
43.6775,14.7716,64.8100,-0.1700,31.9900
43.6879,14.6826,65.1600,0.2700,32.1000
43.6982,14.5952,65.5100,0.5400,31.9700
43.7084,14.5072,65.8600,0.1700,31.7100
43.7200,14.4063,66.2100,-0.1600,31.8500
43.7302,14.3171,66.5600,0.0600,32.1200
43.7404,14.2276,66.9100,0.3700,31.9900
43.7506,14.1370,67.2600,0.1700,31.7300
43.7607,14.0466,67.6100,-0.0400,31.7400
43.7709,13.9551,67.9600,-0.0300,32.0300
43.7813,13.8611,68.3100,0.2400,32.0400
43.7918,13.7657,68.6600,0.1700,31.7600
43.8021,13.6721,69.0100,0.0600,31.6200
43.8137,13.5651,69.3600,-0.1100,31.9900
43.8239,13.4707,69.7100,0.0600,32.0400
43.8340,13.3764,70.0600,0.1300,31.8400
43.8442,13.2809,70.4100,0.0300,31.6000
43.8544,13.1851,70.7700,-0.0900,31.9100
43.8645,13.0891,71.1200,0.1300,32.1000
43.8747,12.9915,71.4700,0.3100,31.9300
43.8849,12.8941,71.8100,0.0200,31.6200
43.8950,12.7967,72.1700,0.0400,31.8900
43.9051,12.6988,72.5200,0.0400,32.0600
43.9167,12.5858,73.2200,0.0500,31.6900
43.9269,12.4862,73.5700,0.0700,31.8100
43.9370,12.3865,73.9200,0.0200,32.0500
43.9473,12.2849,74.2700,0.3300,32.0200
43.9574,12.1841,74.6200,0.2700,31.7600
43.9676,12.0829,74.9700,0.1600,31.7700
43.9779,11.9796,75.3200,0.0200,31.9500
43.9880,11.8770,75.6700,0.2200,32.0600
43.9982,11.7744,76.0200,0.2200,31.8500
44.0083,11.6711,76.3700,0.0700,31.7100
44.0199,11.5523,76.7200,-0.0100,31.9300
44.0301,11.4475,77.0700,0.0700,32.0300
44.0403,11.3427,77.4200,0.2000,31.9100
44.0504,11.2371,77.7700,0.1600,31.7100
44.0607,11.1307,78.1200,0.0300,31.8600
44.0711,11.0209,78.4700,-0.0100,32.0200
44.0814,10.9130,78.8200,0.1000,31.9500
44.0918,10.8035,79.1700,0.0000,31.7000
44.1023,10.6920,79.5300,-0.0600,31.8600
44.1141,10.5667,79.8800,-0.0300,31.9400
44.1243,10.4569,80.2300,0.2200,31.9900
44.1345,10.3478,80.5800,0.0700,31.7600
44.1447,10.2382,80.9300,0.1400,31.8400
44.1548,10.1284,81.2800,0.0600,31.9400
44.1651,10.0165,81.6300,0.1900,31.9900
44.1754,9.9044,81.9800,0.1500,31.8200
44.1859,9.7904,82.3300,0.0700,31.9000
44.1962,9.6772,82.6800,0.0000,31.9000
44.2065,9.5635,83.3800,0.3200,31.8900
44.2182,9.4343,83.7300,0.1500,31.8900
44.2284,9.3209,84.0800,0.0200,31.9200
44.2385,9.2080,84.4300,0.0600,31.9400
44.2488,9.0937,84.7800,0.3300,31.9100
44.2589,8.9797,85.1300,-0.7400,31.9100
44.2691,8.8650,85.4800,-1.3900,31.1600
44.2793,8.7499,85.7700,-13.4900,27.4100
44.2895,8.6347,85.9800,-4.8000,20.6700
44.2998,8.5181,86.1300,-6.1400,14.9100
44.3100,8.4019,86.2100,-7.0700,9.2400
44.3215,8.2700,86.2400,-9.1000,3.5200
44.3318,8.1526,86.1800,-1.9500,-3.2800
44.3420,8.0352,86.0900,-4.6300,-7.8300
44.3523,7.9169,85.9400,-3.7900,-12.5300
44.3625,7.7985,85.7400,-3.4600,-16.8500
44.3727,7.6801,85.5000,-3.6100,-21.0700
44.3829,7.5618,85.2100,-2.4000,-25.1100
44.3931,7.4425,84.8900,-1.3300,-28.8200
44.4033,7.3235,84.5400,-0.3400,-30.9500
44.4150,7.1864,84.1900,0.0000,-31.5900
44.4253,7.0665,83.8400,-0.1400,-31.8000
44.4354,6.9468,83.4900,0.0800,-31.8200
44.4455,6.8277,83.1400,-0.0500,-31.8700
44.4556,6.7080,82.7900,0.2400,-31.9200
44.4658,6.5882,82.4400,-0.1200,-31.9200
44.4759,6.4674,82.0900,0.0600,-31.8300
44.4861,6.3468,81.7400,0.1600,-31.9000
44.4962,6.2253,81.3900,0.2700,-31.9100
44.5064,6.1036,81.0400,-0.6000,-32.0000
44.5180,5.9646,80.3400,0.0700,-31.8700
44.5282,5.8418,79.9800,0.1500,-31.9700
44.5384,5.7200,79.6300,-0.7700,-32.0700
44.5486,5.5970,79.2800,-0.2000,-31.8700
44.5587,5.4745,78.9300,0.1000,-31.8900
44.5689,5.3512,78.5800,0.1800,-31.9700
44.5791,5.2274,78.2300,-0.8800,-32.1800
44.5895,5.1021,77.8800,-0.5000,-31.9600
44.5996,4.9787,77.5300,-0.0400,-31.8700
44.6098,4.8548,77.1700,0.2900,-32.0000
44.6213,4.7136,76.8200,-0.2500,-32.1600
44.6316,4.5886,76.4700,-0.7500,-32.0400
44.6418,4.4630,76.1200,0.1900,-31.8900
44.6520,4.3389,75.7700,0.3200,-31.9100
44.6621,4.2139,75.4100,0.5000,-32.1300
44.6723,4.0888,75.0600,-0.5400,-32.1100
44.6825,3.9636,74.7100,0.0200,-31.8700
44.6926,3.8386,74.3600,0.5000,-31.9000
44.7028,3.7132,74.0100,0.9900,-32.0500
44.7143,3.5710,73.6500,-1.0400,-32.2300
44.7245,3.4449,73.3000,-0.1800,-31.9800
44.7347,3.3187,72.9500,0.1600,-31.8700
44.7449,3.1923,72.6000,0.5300,-32.0500
44.7551,3.0653,72.2400,-0.8800,-32.3200
44.7652,2.9394,71.8900,-0.6900,-32.1000
44.7754,2.8125,71.5400,0.0600,-31.9400
44.7859,2.6827,71.1900,0.2500,-31.9700
44.7962,2.5544,70.8300,-0.0700,-32.3400
44.8064,2.4268,70.4800,-0.9200,-32.2000
44.8180,2.2821,69.7800,0.2300,-31.9300
44.8283,2.1540,69.4300,0.9100,-32.1500
44.8385,2.0264,69.0700,-0.6900,-32.2400
44.8486,1.8995,68.7200,-0.1300,-31.9800
44.8587,1.7730,68.3700,0.0800,-31.8000
44.8688,1.6468,68.0200,0.9100,-32.0200
44.8789,1.5202,67.6600,-0.2800,-32.2700
44.8890,1.3932,67.3100,-0.3200,-32.0300
44.8992,1.2660,66.9600,0.1100,-31.8300
44.9094,1.1380,66.6100,0.3300,-31.8600
44.9214,0.9873,66.2600,-0.2200,-32.2800
44.9316,0.8597,65.9000,-0.4900,-32.1100
44.9419,0.7301,65.5600,-0.2100,-31.8400
44.9521,0.6024,65.2000,0.1200,-31.8300
44.9622,0.4751,64.8500,0.1600,-32.1600
44.9723,0.3478,64.5000,-0.7000,-32.1300
44.9825,0.2200,64.1500,-0.2600,-31.9000
44.9927,0.0923,63.8000,0.0300,-31.7300
45.0030,-0.0373,63.4500,0.3200,-32.0400
45.0146,-0.1841,63.0900,-0.3000,-32.1100
45.0249,-0.3123,62.7500,-0.3200,-31.9000
45.0352,-0.4421,62.4000,0.0100,-31.7400
45.0455,-0.5720,62.0400,0.4000,-31.8700
45.0558,-0.7007,61.6900,-0.1200,-32.0900
