Time,Roll,Pitch,Yaw
0.0006668567657470703,0.0,0.0,0.0
0.011522531509399414,0.0,0.0,0.0
0.02234506607055664,0.0,0.0,0.0
0.03311467170715332,0.0,0.0,0.0
0.04639482498168945,0.004308726839454392,8.12692895892543,179.27101566764307
0.0568234920501709,0.004308726839454392,8.12692895892543,179.27101566764307
0.0672159194946289,0.004308726839454392,8.12692895892543,179.27101566764307
0.07760310173034668,0.004308726839454392,8.12692895892543,179.27101566764307
0.08998656272888184,0.004308726839454392,8.12692895892543,179.27101566764307
0.10084319114685059,0.004308726839454392,8.12692895892543,179.27101566764307
0.11167478561401367,0.004308726839454392,8.12692895892543,179.27101566764307
0.12268567085266113,0.004308726839454392,8.12692895892543,179.27101566764307
0.133453369140625,0.004308726839454392,8.12692895892543,179.27101566764307
0.14673399925231934,0.004263954751130556,8.133975975568763,179.2710191175125
0.15719342231750488,0.004263954751130556,8.133975975568763,179.2710191175125
0.16769003868103027,0.004263954751130556,8.133975975568763,179.2710191175125
0.17889618873596191,0.004263954751130556,8.133975975568763,179.2710191175125
0.19235706329345703,0.004263954751130556,8.133975975568763,179.2710191175125
0.20319461822509766,0.004263954751130556,8.133975975568763,179.2710191175125
0.21404790878295898,0.004263954751130556,8.133975975568763,179.2710191175125
0.2249305248260498,0.004263954751130556,8.133975975568763,179.2710191175125
0.23542547225952148,0.004263954751130556,8.133975975568763,179.2710191175125
0.24767470359802246,0.011311038246939877,8.134020822968823,179.27152030431802
0.2581043243408203,0.011311038246939877,8.134020822968823,179.27152030431802
0.2689542770385742,0.011311038246939877,8.134020822968823,179.27152030431802
0.2798173427581787,0.011311038246939877,8.134020822968823,179.27152030431802
0.2933497428894043,0.011812121970860108,8.134016941943619,179.2785675367665
0.30417394638061523,0.011812121970860108,8.134016941943619,179.2785675367665
0.31494140625,0.011812121970860108,8.134016941943619,179.2785675367665
0.32552266120910645,0.011812121970860108,8.134016941943619,179.2785675367665
0.33600687980651855,0.011812121970860108,8.134016941943619,179.2785675367665
0.34792017936706543,1.5626421615279062,8.639550398216105,179.5147983041766
0.35831499099731445,1.5626421615279062,8.639550398216105,179.5147983041766
0.36929965019226074,1.5626421615279062,8.639550398216105,179.5147983041766
0.380124568939209,1.5626421615279062,8.639550398216105,179.5147983041766
0.39359354972839355,2.6491009108684844,9.279981236377683,179.69563809990245
0.4044346809387207,2.6491009108684844,9.279981236377683,179.69563809990245
0.41524767875671387,2.6491009108684844,9.279981236377683,179.69563809990245
0.42565083503723145,2.6491009108684844,9.279981236377683,179.69563809990245
0.43610429763793945,2.6491009108684844,9.279981236377683,179.69563809990245
0.4480741024017334,2.6567640413853186,9.286909858056129,179.703439027121
0.4585072994232178,2.6567640413853186,9.286909858056129,179.703439027121
0.4689037799835205,2.6567640413853186,9.286909858056129,179.703439027121
0.47968506813049316,2.6567640413853186,9.286909858056129,179.703439027121
0.49315810203552246,2.671498257765477,9.293868896301396,179.7118159309459
0.5040299892425537,2.671498257765477,9.293868896301396,179.7118159309459
0.5148453712463379,2.671498257765477,9.293868896301396,179.7118159309459
0.5256679058074951,2.671498257765477,9.293868896301396,179.7118159309459
0.5360581874847412,2.671498257765477,9.293868896301396,179.7118159309459
0.5482146739959717,2.6860904727341257,9.307314143138298,179.72032312391718
0.5586628913879395,2.6860904727341257,9.307314143138298,179.72032312391718
0.5695672035217285,2.6860904727341257,9.307314143138298,179.72032312391718
0.5804228782653809,2.6860904727341257,9.307314143138298,179.72032312391718
0.5928134918212891,2.700851837786981,9.321331802601291,179.72887350766547
0.6036772727966309,2.700851837786981,9.321331802601291,179.72887350766547
0.6145985126495361,2.700851837786981,9.321331802601291,179.72887350766547
0.625511646270752,2.700851837786981,9.321331802601291,179.72887350766547
0.6360173225402832,2.700851837786981,9.321331802601291,179.72887350766547
0.6482172012329102,2.715040834008744,9.335517014995343,179.73036486196457
0.6586213111877441,2.715040834008744,9.335517014995343,179.73036486196457
0.6697535514831543,2.715040834008744,9.335517014995343,179.73036486196457
0.6806185245513916,2.715040834008744,9.335517014995343,179.73036486196457
0.6948649883270264,2.7292066118892144,9.342640121430511,179.73169007850018
0.7057292461395264,2.7292066118892144,9.342640121430511,179.73169007850018
0.7161238193511963,2.7292066118892144,9.342640121430511,179.73169007850018
0.7265715599060059,2.7292066118892144,9.342640121430511,179.73169007850018
0.7370467185974121,2.7292066118892144,9.342640121430511,179.73169007850018
0.748741865158081,2.74334819327394,9.342700689009225,179.7328465672247
0.7598872184753418,2.74334819327394,9.342700689009225,179.7328465672247
0.7707929611206055,2.74334819327394,9.342700689009225,179.7328465672247
0.7816817760467529,2.74334819327394,9.342700689009225,179.7328465672247
0.795151948928833,2.7575405057996143,9.356886771505502,179.73434565778172
0.8060405254364014,2.7575405057996143,9.356886771505502,179.73434565778172
0.8164875507354736,2.7575405057996143,9.356886771505502,179.73434565778172
0.8269193172454834,2.7575405057996143,9.356886771505502,179.73434565778172
0.837350606918335,2.7575405057996143,9.356886771505502,179.73434565778172
0.8490109443664551,2.778030306779048,9.36363520621218,179.72915755516786
0.860069990158081,2.778030306779048,9.36363520621218,179.72915755516786
0.8709423542022705,2.778030306779048,9.36363520621218,179.72915755516786
0.8817665576934814,2.778030306779048,9.36363520621218,179.72915755516786
0.8960318565368652,2.7916203537158872,9.370932818017494,179.72342731542534
0.9065747261047363,2.7916203537158872,9.370932818017494,179.72342731542534
0.9170956611633301,2.7916203537158872,9.370932818017494,179.72342731542534
0.9275233745574951,2.7916203537158872,9.370932818017494,179.72342731542534
0.9379122257232666,2.7916203537158872,9.370932818017494,179.72342731542534
0.9495189189910889,2.799295268762324,9.377852862664072,179.731244540308
0.960399866104126,2.799295268762324,9.377852862664072,179.731244540308
0.971304178237915,2.799295268762324,9.377852862664072,179.731244540308
0.9821937084197998,2.799295268762324,9.377852862664072,179.731244540308
0.9957149028778076,2.806971435980422,9.38477217998903,179.7390625496896
1.006565809249878,2.806971435980422,9.38477217998903,179.7390625496896
1.0170607566833496,2.806971435980422,9.38477217998903,179.7390625496896
1.027557373046875,2.806971435980422,9.38477217998903,179.7390625496896
1.0380363464355469,2.806971435980422,9.38477217998903,179.7390625496896
1.0497145652770996,2.8211416028376863,9.391895863570728,179.74039967311882
1.0604057312011719,2.8211416028376863,9.391895863570728,179.74039967311882
1.0712835788726807,2.8211416028376863,9.391895863570728,179.74039967311882
1.082169771194458,2.8211416028376863,9.391895863570728,179.74039967311882
1.0965526103973389,2.834733023861112,9.399195800881923,179.7346756012366
1.1071159839630127,2.834733023861112,9.399195800881923,179.7346756012366
1.1177217960357666,2.834733023861112,9.399195800881923,179.7346756012366
1.128424882888794,2.834733023861112,9.399195800881923,179.7346756012366
1.139073371887207,2.834733023861112,9.399195800881923,179.7346756012366
1.1530423164367676,2.834759754316695,9.406259202528346,179.7348516979333
1.1640779972076416,2.834759754316695,9.406259202528346,179.7348516979333
1.1751532554626465,2.834759754316695,9.406259202528346,179.7348516979333
1.1857686042785645,2.834759754316695,9.406259202528346,179.7348516979333
1.198287010192871,2.842991971892903,9.405936837575195,179.7495597104905
1.2087621688842773,2.842991971892903,9.405936837575195,179.7495597104905
1.2192332744598389,2.842991971892903,9.405936837575195,179.7495597104905
1.2296817302703857,2.842991971892903,9.405936837575195,179.7495597104905
1.2423028945922852,2.850092225138807,9.413030234108943,179.7503188532651
1.2532284259796143,2.850092225138807,9.413030234108943,179.7503188532651
1.264028549194336,2.850092225138807,9.413030234108943,179.7503188532651
1.2748498916625977,2.850092225138807,9.413030234108943,179.7503188532651
1.2856876850128174,2.850092225138807,9.413030234108943,179.7503188532651
1.2981328964233398,2.8636568433918947,9.413267793798404,179.74442132577295
1.3086321353912354,2.8636568433918947,9.413267793798404,179.74442132577295
1.3191165924072266,2.8636568433918947,9.413267793798404,179.74442132577295
1.329573631286621,2.8636568433918947,9.413267793798404,179.74442132577295
1.3419654369354248,2.8705793477745694,9.419780194980692,179.74514968582014
1.3528416156768799,2.8705793477745694,9.419780194980692,179.74514968582014
1.3637328147888184,2.8705793477745694,9.419780194980692,179.74514968582014
1.3746280670166016,2.8705793477745694,9.419780194980692,179.74514968582014
1.3855388164520264,2.8705793477745694,9.419780194980692,179.74514968582014
1.3989155292510986,2.8705793477745694,9.419780194980692,179.74514968582014
1.409390926361084,2.8705793477745694,9.419780194980692,179.74514968582014
1.419797420501709,2.8705793477745694,9.419780194980692,179.74514968582014
1.4308037757873535,2.8705793477745694,9.419780194980692,179.74514968582014
1.4442768096923828,2.8776516864526043,9.419810485505604,179.74573290515377
1.4551923274993896,2.8776516864526043,9.419810485505604,179.74573290515377
1.4659967422485352,2.8776516864526043,9.419810485505604,179.74573290515377
1.4768948554992676,2.8776516864526043,9.419810485505604,179.74573290515377
1.4873523712158203,2.8776516864526043,9.419810485505604,179.74573290515377
1.4996013641357422,2.8847523771697317,9.426904166900755,179.74649528321518
1.5101408958435059,2.8847523771697317,9.426904166900755,179.74649528321518
1.5211095809936523,2.8847523771697317,9.426904166900755,179.74649528321518
1.532109260559082,2.8847523771697317,9.426904166900755,179.74649528321518
1.5463531017303467,2.8847523771697317,9.426904166900755,179.74649528321518
1.5572776794433594,2.8847523771697317,9.426904166900755,179.74649528321518
1.567777395248413,2.8847523771697317,9.426904166900755,179.74649528321518
1.5783052444458008,2.8847523771697317,9.426904166900755,179.74649528321518
1.588815450668335,2.8847523771697317,9.426904166900755,179.74649528321518
1.6005268096923828,2.8918534441264137,9.433997994116845,179.74725852117214
1.6113624572753906,2.8918534441264137,9.433997994116845,179.74725852117214
1.6222190856933594,2.8918534441264137,9.433997994116845,179.74725852117214
1.6331291198730469,2.8918534441264137,9.433997994116845,179.74725852117214
1.6466093063354492,2.899507924660404,9.4338482662498,179.75490643099033
1.6575024127960205,2.899507924660404,9.4338482662498,179.75490643099033
1.6679420471191406,2.899507924660404,9.4338482662498,179.75490643099033
1.6783950328826904,2.899507924660404,9.4338482662498,179.75490643099033
1.6888694763183594,2.899507924660404,9.4338482662498,179.75490643099033
1.7005324363708496,2.899537053827072,9.440911943942568,179.75508645659684
1.7113277912139893,2.899537053827072,9.440911943942568,179.75508645659684
1.722144365310669,2.899537053827072,9.440911943942568,179.75508645659684
1.7329933643341064,2.899537053827072,9.440911943942568,179.75508645659684
1.746462106704712,2.906609996911149,9.440941803574773,179.75567091332007
1.7573177814483643,2.906609996911149,9.440941803574773,179.75567091332007
1.7677199840545654,2.906609996911149,9.440941803574773,179.75567091332007
1.7781121730804443,2.906609996911149,9.440941803574773,179.75567091332007
1.7885067462921143,2.906609996911149,9.440941803574773,179.75567091332007
1.8001465797424316,2.9136829844404546,9.440971663209567,179.75625536642173
1.8105578422546387,2.9136829844404546,9.440971663209567,179.75625536642173
1.8213624954223633,2.9136829844404546,9.440971663209567,179.75625536642173
1.8321478366851807,2.9136829844404546,9.440971663209567,179.75625536642173
1.8444788455963135,2.9137124465267923,9.448035486935876,179.75643625529335
1.8552567958831787,2.9137124465267923,9.448035486935876,179.75643625529335
1.8660221099853516,2.9137124465267923,9.448035486935876,179.75643625529335
1.8767979145050049,2.9137124465267923,9.448035486935876,179.75643625529335
1.8875887393951416,2.9137124465267923,9.448035486935876,179.75643625529335
1.8994865417480469,2.920785622582715,9.448065347185638,179.75702113636478
1.9099602699279785,2.920785622582715,9.448065347185638,179.75702113636478
1.9204201698303223,2.920785622582715,9.448065347185638,179.75702113636478
1.9315967559814453,2.920785622582715,9.448065347185638,179.75702113636478
1.9450950622558594,2.920785622582715,9.448065347185638,179.75702113636478
1.9560024738311768,2.920785622582715,9.448065347185638,179.75702113636478
1.966888427734375,2.920785622582715,9.448065347185638,179.75702113636478
1.9777164459228516,2.920785622582715,9.448065347185638,179.75702113636478
1.9880971908569336,2.920785622582715,9.448065347185638,179.75702113636478
2.0003373622894287,2.9278588432934223,9.448095207437989,179.7576060137534
2.010800838470459,2.9278588432934223,9.448095207437989,179.7576060137534
2.0216972827911377,2.9278588432934223,9.448095207437989,179.7576060137534
2.032564878463745,2.9278588432934223,9.448095207437989,179.7576060137534
2.046027660369873,2.9349620483160233,9.455189038183917,179.75837307113838
2.0568666458129883,2.9349620483160233,9.455189038183917,179.75837307113838
2.0677101612091064,2.9349620483160233,9.455189038183917,179.75837307113838
2.078214645385742,2.9349620483160233,9.455189038183917,179.75837307113838
2.0887458324432373,2.9349620483160233,9.455189038183917,179.75837307113838
2.100606918334961,2.9485259735474307,9.455431820118466,179.7524801414292
2.1110401153564453,2.9485259735474307,9.455431820118466,179.7524801414292
2.121880054473877,2.9485259735474307,9.455431820118466,179.7524801414292
2.1327710151672363,2.9485259735474307,9.455431820118466,179.7524801414292
2.146315574645996,2.9479429443494265,9.455614880407012,179.74541661994135
2.1571927070617676,2.9479429443494265,9.455614880407012,179.74541661994135
2.168041944503784,2.9479429443494265,9.455614880407012,179.74541661994135
2.1784915924072266,2.9479429443494265,9.455614880407012,179.74541661994135
2.188972234725952,2.9479429443494265,9.455614880407012,179.74541661994135
2.200775146484375,2.9491392756325516,9.462312876688884,179.75972671733015
2.211568832397461,2.9491392756325516,9.462312876688884,179.75972671733015
2.222409248352051,2.9491392756325516,9.462312876688884,179.75972671733015
2.233242988586426,2.9491392756325516,9.462312876688884,179.75972671733015
2.246765375137329,2.9349620483160233,9.455189038183917,179.75837307113838
2.2576630115509033,2.9349620483160233,9.455189038183917,179.75837307113838
2.2684972286224365,2.9349620483160233,9.455189038183917,179.75837307113838
2.278952121734619,2.9349620483160233,9.455189038183917,179.75837307113838
2.2893946170806885,2.9349620483160233,9.455189038183917,179.75837307113838
2.3010590076446533,2.947972329702503,9.462679004689223,179.7455996664408
2.312159776687622,2.947972329702503,9.462679004689223,179.7455996664408
2.3229944705963135,2.947972329702503,9.462679004689223,179.7455996664408
2.333828926086426,2.947972329702503,9.462679004689223,179.7455996664408
2.347294569015503,2.947388855819456,9.462862068835621,179.73853615248825
2.358166217803955,2.947388855819456,9.462862068835621,179.73853615248825
2.368638277053833,2.947388855819456,9.462862068835621,179.73853615248825
2.3790805339813232,2.947388855819456,9.462862068835621,179.73853615248825
2.3895251750946045,2.947388855819456,9.462862068835621,179.73853615248825
2.4012012481689453,2.9473599145403835,9.455797940792966,179.73835310619208
2.411649465560913,2.9473599145403835,9.455797940792966,179.73835310619208
2.422483444213867,2.9473599145403835,9.455797940792966,179.73835310619208
2.4333224296569824,2.9473599145403835,9.455797940792966,179.73835310619208
2.446791648864746,2.941452470473344,9.455401526463088,179.75189479919817
2.457871913909912,2.941452470473344,9.455401526463088,179.75189479919817
2.4683656692504883,2.941452470473344,9.455401526463088,179.75189479919817
2.4788498878479004,2.941452470473344,9.455401526463088,179.75189479919817
2.489290475845337,2.941452470473344,9.455401526463088,179.75189479919817
2.501352310180664,2.96211976700846,9.462740458836246,179.74677129217014
2.511826992034912,2.96211976700846,9.462740458836246,179.74677129217014
2.5227222442626953,2.96211976700846,9.462740458836246,179.74677129217014
2.5335683822631836,2.96211976700846,9.462740458836246,179.74677129217014
2.547010898590088,2.96211976700846,9.462740458836246,179.74677129217014
2.5578689575195312,2.96211976700846,9.462740458836246,179.74677129217014
2.56880784034729,2.96211976700846,9.462740458836246,179.74677129217014
2.579320192337036,2.96211976700846,9.462740458836246,179.74677129217014
2.589797258377075,2.96211976700846,9.462740458836246,179.74677129217014
2.6014256477355957,2.969777015731492,9.462586823489287,179.75442048728092
2.6118483543395996,2.969777015731492,9.462586823489287,179.75442048728092
2.6227781772613525,2.969777015731492,9.462586823489287,179.75442048728092
2.6336841583251953,2.969777015731492,9.462586823489287,179.75442048728092
2.647141695022583,2.969777015731492,9.462586823489287,179.75442048728092
2.6579411029815674,2.969777015731492,9.462586823489287,179.75442048728092
2.6687474250793457,2.969777015731492,9.462586823489287,179.75442048728092
2.679227352142334,2.969777015731492,9.462586823489287,179.75442048728092
2.6896467208862305,2.969777015731492,9.462586823489287,179.75442048728092
2.7015187740325928,2.9766967469794916,9.46909669464204,179.75516094437742
2.711897134780884,2.9766967469794916,9.46909669464204,179.75516094437742
2.722757577896118,2.9766967469794916,9.46909669464204,179.75516094437742
2.7336342334747314,2.9766967469794916,9.46909669464204,179.75516094437742
2.7470862865448,2.969223417597637,9.469835457258313,179.74754144079344
2.757885217666626,2.969223417597637,9.469835457258313,179.74754144079344
2.768735885620117,2.969223417597637,9.469835457258313,179.74754144079344
2.7792739868164062,2.969223417597637,9.469835457258313,179.74754144079344
2.7897677421569824,2.969223417597637,9.469835457258313,179.74754144079344
2.8016607761383057,2.955075601147266,9.469774001842419,179.74636895919548
2.812062978744507,2.955075601147266,9.469774001842419,179.74636895919548
2.823040008544922,2.955075601147266,9.469774001842419,179.74636895919548
2.833914041519165,2.955075601147266,9.469774001842419,179.74636895919548
2.8477118015289307,2.9273644381715744,9.469469321633035,179.7510876076122
2.8585333824157715,2.9273644381715744,9.469469321633035,179.7510876076122
2.8693225383758545,2.9273644381715744,9.469469321633035,179.7510876076122
2.8797085285186768,2.9273644381715744,9.469469321633035,179.7510876076122
2.890186071395874,2.9273644381715744,9.469469321633035,179.7510876076122
2.9019320011138916,2.943854374618372,9.48071323914773,179.86505684353634
2.9124326705932617,2.943854374618372,9.48071323914773,179.86505684353634
2.9232423305511475,2.943854374618372,9.48071323914773,179.86505684353634
2.9340367317199707,2.943854374618372,9.48071323914773,179.86505684353634
2.948194980621338,2.9578566582128625,9.487238602258474,179.8664030363713
2.9590721130371094,2.9578566582128625,9.487238602258474,179.8664030363713
2.9695637226104736,2.9578566582128625,9.487238602258474,179.8664030363713
2.979989767074585,2.9578566582128625,9.487238602258474,179.8664030363713
2.9903790950775146,2.9578566582128625,9.487238602258474,179.8664030363713
3.0021159648895264,2.9867372727644983,9.487147280076845,179.87581545663406
3.0125603675842285,2.9867372727644983,9.487147280076845,179.87581545663406
3.023454189300537,2.9867372727644983,9.487147280076845,179.87581545663406
3.0343191623687744,2.9867372727644983,9.487147280076845,179.87581545663406
3.0477871894836426,3.0085835555220175,9.494094327451775,179.88482674822507
3.0586678981781006,3.0085835555220175,9.494094327451775,179.88482674822507
3.0695698261260986,3.0085835555220175,9.494094327451775,179.88482674822507
3.0800716876983643,3.0085835555220175,9.494094327451775,179.88482674822507
3.090513229370117,3.0085835555220175,9.494094327451775,179.88482674822507
3.1021342277526855,3.0416957495795756,9.513875422065642,179.94425472890399
3.1125190258026123,3.0416957495795756,9.513875422065642,179.94425472890399
3.123526096343994,3.0416957495795756,9.513875422065642,179.94425472890399
3.13440203666687,3.0416957495795756,9.513875422065642,179.94425472890399
3.1478517055511475,3.1841082465294086,9.672628955428191,-179.7023918555123
3.1586623191833496,3.1841082465294086,9.672628955428191,-179.7023918555123
3.169476270675659,3.1841082465294086,9.672628955428191,-179.7023918555123
3.179957151412964,3.1841082465294086,9.672628955428191,-179.7023918555123
3.190455198287964,3.1841082465294086,9.672628955428191,-179.7023918555123
3.2022714614868164,3.3921647546274025,9.94563807026794,-179.18499903285667
3.212674617767334,3.3921647546274025,9.94563807026794,-179.18499903285667
3.223473072052002,3.3921647546274025,9.94563807026794,-179.18499903285667
3.2343502044677734,3.3921647546274025,9.94563807026794,-179.18499903285667
3.2478322982788086,3.453036837120996,9.753439761197734,-179.10833971721783
3.2586658000946045,3.453036837120996,9.753439761197734,-179.10833971721783
3.2694382667541504,3.453036837120996,9.753439761197734,-179.10833971721783
3.280019521713257,3.453036837120996,9.753439761197734,-179.10833971721783
3.29050612449646,3.453036837120996,9.753439761197734,-179.10833971721783
3.3024649620056152,3.4506776425755605,9.705196236631169,-179.13117797770835
3.3128905296325684,3.4506776425755605,9.705196236631169,-179.13117797770835
3.323740005493164,3.4506776425755605,9.705196236631169,-179.13117797770835
3.334566116333008,3.4506776425755605,9.705196236631169,-179.13117797770835
3.3484365940093994,3.2889490912131847,9.685015946555332,-179.1315106804821
3.359342336654663,3.2889490912131847,9.685015946555332,-179.1315106804821
3.3701586723327637,3.2889490912131847,9.685015946555332,-179.1315106804821
3.380671739578247,3.2889490912131847,9.685015946555332,-179.1315106804821
3.3911359310150146,3.2889490912131847,9.685015946555332,-179.1315106804821
3.4028871059417725,3.268408628821306,9.450171583221097,-179.26647611115766
3.4137871265411377,3.268408628821306,9.450171583221097,-179.26647611115766
3.42467999458313,3.268408628821306,9.450171583221097,-179.26647611115766
3.4356086254119873,3.268408628821306,9.450171583221097,-179.26647611115766
3.4498801231384277,3.389407688722878,9.47252349328586,-179.33295898532648
3.4603006839752197,3.389407688722878,9.47252349328586,-179.33295898532648
3.470700263977051,3.389407688722878,9.47252349328586,-179.33295898532648
3.481163263320923,3.389407688722878,9.47252349328586,-179.33295898532648
3.491644859313965,3.389407688722878,9.47252349328586,-179.33295898532648
3.5032906532287598,3.5276515237034456,9.449384826604986,-179.27312134846267
3.5140600204467773,3.5276515237034456,9.449384826604986,-179.27312134846267
3.5248377323150635,3.5276515237034456,9.449384826604986,-179.27312134846267
3.535693645477295,3.5276515237034456,9.449384826604986,-179.27312134846267
3.5491859912872314,3.641050413677242,9.37345480655522,-179.33631197476114
3.560112953186035,3.641050413677242,9.37345480655522,-179.33631197476114
3.570547103881836,3.641050413677242,9.37345480655522,-179.33631197476114
3.581010580062866,3.641050413677242,9.37345480655522,-179.33631197476114
3.591482162475586,3.641050413677242,9.37345480655522,-179.33631197476114
3.6031343936920166,3.560890587324537,9.33900781646561,-179.11238183564285
3.6141128540039062,3.560890587324537,9.33900781646561,-179.11238183564285
3.6248812675476074,3.560890587324537,9.33900781646561,-179.11238183564285
3.6357057094573975,3.560890587324537,9.33900781646561,-179.11238183564285
3.649928569793701,3.547822160491922,9.330312242580423,-178.8396938121937
3.6606173515319824,3.547822160491922,9.330312242580423,-178.8396938121937
3.6712098121643066,3.547822160491922,9.330312242580423,-178.8396938121937
3.6816694736480713,3.547822160491922,9.330312242580423,-178.8396938121937
3.6921348571777344,3.547822160491922,9.330312242580423,-178.8396938121937
3.7038164138793945,3.583064828142985,9.30361688666077,-178.66214250337146
3.714609384536743,3.583064828142985,9.30361688666077,-178.66214250337146
3.7253787517547607,3.583064828142985,9.30361688666077,-178.66214250337146
3.7361490726470947,3.583064828142985,9.30361688666077,-178.66214250337146
3.750430107116699,3.4521869689197504,9.301784494637547,-178.54670021183892
3.760948896408081,3.4521869689197504,9.301784494637547,-178.54670021183892
3.7714407444000244,3.4521869689197504,9.301784494637547,-178.54670021183892
3.781871795654297,3.4521869689197504,9.301784494637547,-178.54670021183892
3.7922728061676025,3.4521869689197504,9.301784494637547,-178.54670021183892
3.8038933277130127,3.184284694872533,9.144680259379577,-178.3553208217407
3.814868927001953,3.184284694872533,9.144680259379577,-178.3553208217407
3.8257524967193604,3.184284694872533,9.144680259379577,-178.3553208217407
3.8366153240203857,3.184284694872533,9.144680259379577,-178.3553208217407
3.850074529647827,2.645350810506408,7.949129269500972,-178.56076041755975
3.8609273433685303,2.645350810506408,7.949129269500972,-178.56076041755975
3.871396780014038,2.645350810506408,7.949129269500972,-178.56076041755975
3.8818156719207764,2.645350810506408,7.949129269500972,-178.56076041755975
3.8922064304351807,2.645350810506408,7.949129269500972,-178.56076041755975
3.903797149658203,2.1745795795331273,6.2295450919645665,-178.91479072978856
3.9146370887756348,2.1745795795331273,6.2295450919645665,-178.91479072978856
3.925511598587036,2.1745795795331273,6.2295450919645665,-178.91479072978856
3.936328411102295,2.1745795795331273,6.2295450919645665,-178.91479072978856
3.949777126312256,2.546162013428688,4.913237881374922,-178.42736185674937
3.960845470428467,2.546162013428688,4.913237881374922,-178.42736185674937
3.9713587760925293,2.546162013428688,4.913237881374922,-178.42736185674937
3.9818522930145264,2.546162013428688,4.913237881374922,-178.42736185674937
3.9922924041748047,2.546162013428688,4.913237881374922,-178.42736185674937
4.003916025161743,2.8199630464137284,3.503688241522153,-178.19195137852924
4.014691114425659,2.8199630464137284,3.503688241522153,-178.19195137852924
4.025552749633789,2.8199630464137284,3.503688241522153,-178.19195137852924
4.03645920753479,2.8199630464137284,3.503688241522153,-178.19195137852924
4.050683975219727,2.7705045952639864,1.5003776989642117,-178.38931663313377
4.06122612953186,2.7705045952639864,1.5003776989642117,-178.38931663313377
4.071672201156616,2.7705045952639864,1.5003776989642117,-178.38931663313377
4.082165241241455,2.7705045952639864,1.5003776989642117,-178.38931663313377
4.09267520904541,2.7705045952639864,1.5003776989642117,-178.38931663313377
4.104387044906616,2.964425626627548,0.42440067316892993,-178.55466527001502
4.115235328674316,2.964425626627548,0.42440067316892993,-178.55466527001502
4.126110076904297,2.964425626627548,0.42440067316892993,-178.55466527001502
4.136970043182373,2.964425626627548,0.42440067316892993,-178.55466527001502
4.150435209274292,2.6504957864634484,-0.6738973689613278,-178.6932391477601
4.161326885223389,2.6504957864634484,-0.6738973689613278,-178.6932391477601
4.171778917312622,2.6504957864634484,-0.6738973689613278,-178.6932391477601
4.182254076004028,2.6504957864634484,-0.6738973689613278,-178.6932391477601
4.192729473114014,2.6504957864634484,-0.6738973689613278,-178.6932391477601
4.2044172286987305,2.524770133065643,-1.6664937601913212,-178.9872991895248
4.215272426605225,2.524770133065643,-1.6664937601913212,-178.9872991895248
4.226137638092041,2.524770133065643,-1.6664937601913212,-178.9872991895248
4.237013339996338,2.524770133065643,-1.6664937601913212,-178.9872991895248
4.250507831573486,2.224083816847129,-2.3435880525874344,-179.2828155765879
4.261402368545532,2.224083816847129,-2.3435880525874344,-179.2828155765879
4.271859884262085,2.224083816847129,-2.3435880525874344,-179.2828155765879
4.282320737838745,2.224083816847129,-2.3435880525874344,-179.2828155765879
4.2928056716918945,2.224083816847129,-2.3435880525874344,-179.2828155765879
4.304506778717041,1.8250242631015297,-3.502359849047675,-179.72687461116644
4.315616846084595,1.8250242631015297,-3.502359849047675,-179.72687461116644
4.326478958129883,1.8250242631015297,-3.502359849047675,-179.72687461116644
4.337348699569702,1.8250242631015297,-3.502359849047675,-179.72687461116644
4.350857734680176,1.8616812489801384,-4.706375051291149,179.83947713789175
4.361708641052246,1.8616812489801384,-4.706375051291149,179.83947713789175
4.372153997421265,1.8616812489801384,-4.706375051291149,179.83947713789175
4.3826069831848145,1.8616812489801384,-4.706375051291149,179.83947713789175
4.393017053604126,1.8616812489801384,-4.706375051291149,179.83947713789175
4.404725074768066,1.613443561225789,-5.917011851257467,179.27218217210924
4.4156060218811035,1.613443561225789,-5.917011851257467,179.27218217210924
4.426462173461914,1.613443561225789,-5.917011851257467,179.27218217210924
4.4372804164886475,1.613443561225789,-5.917011851257467,179.27218217210924
4.451578617095947,1.3672780798531403,-6.680757557111876,179.1425278020966
4.462064504623413,1.3672780798531403,-6.680757557111876,179.1425278020966
4.472556114196777,1.3672780798531403,-6.680757557111876,179.1425278020966
4.482975482940674,1.3672780798531403,-6.680757557111876,179.1425278020966
4.4933717250823975,1.3672780798531403,-6.680757557111876,179.1425278020966
4.504978895187378,1.5202959757864083,-7.408461291614738,179.14455407704935
4.5158421993255615,1.5202959757864083,-7.408461291614738,179.14455407704935
4.526717901229858,1.5202959757864083,-7.408461291614738,179.14455407704935
4.537555932998657,1.5202959757864083,-7.408461291614738,179.14455407704935
4.551850080490112,1.4477525184704687,-8.945676180050935,178.6238828076695
4.562299013137817,1.4477525184704687,-8.945676180050935,178.6238828076695
4.572759389877319,1.4477525184704687,-8.945676180050935,178.6238828076695
4.583250284194946,1.4477525184704687,-8.945676180050935,178.6238828076695
4.593717575073242,1.4477525184704687,-8.945676180050935,178.6238828076695
4.606102228164673,1.71202404439262,-10.427956928797348,178.40377650855348
4.616919755935669,1.71202404439262,-10.427956928797348,178.40377650855348
4.627783536911011,1.71202404439262,-10.427956928797348,178.40377650855348
4.6386637687683105,1.71202404439262,-10.427956928797348,178.40377650855348
4.650299549102783,1.895263407137987,-12.342105718941378,178.2188667790674
4.661098957061768,1.895263407137987,-12.342105718941378,178.2188667790674
4.671976804733276,1.895263407137987,-12.342105718941378,178.2188667790674
4.6824705600738525,1.895263407137987,-12.342105718941378,178.2188667790674
4.692973852157593,1.895263407137987,-12.342105718941378,178.2188667790674
4.704653739929199,2.2115712888857306,-12.683624906788221,178.27591474998223
4.715761661529541,2.2115712888857306,-12.683624906788221,178.27591474998223
4.726606130599976,2.2115712888857306,-12.683624906788221,178.27591474998223
4.737481355667114,2.2115712888857306,-12.683624906788221,178.27591474998223
4.751716136932373,2.027669283702632,-13.54242582431253,178.11058753383324
4.762303590774536,2.027669283702632,-13.54242582431253,178.11058753383324
4.772755146026611,2.027669283702632,-13.54242582431253,178.11058753383324
4.783205032348633,2.027669283702632,-13.54242582431253,178.11058753383324
4.79366660118103,2.027669283702632,-13.54242582431253,178.11058753383324
4.805379152297974,2.0021891355372694,-14.509705432781436,177.67897362696476
4.816367149353027,2.0021891355372694,-14.509705432781436,177.67897362696476
4.827218055725098,2.0021891355372694,-14.509705432781436,177.67897362696476
4.838049650192261,2.0021891355372694,-14.509705432781436,177.67897362696476
4.852411270141602,1.9009199690016667,-14.99022606393752,177.61904073967665
4.863124847412109,1.9009199690016667,-14.99022606393752,177.61904073967665
4.873577833175659,1.9009199690016667,-14.99022606393752,177.61904073967665
4.884017705917358,1.9009199690016667,-14.99022606393752,177.61904073967665
4.894473075866699,1.9009199690016667,-14.99022606393752,177.61904073967665
4.9068591594696045,1.980947659391206,-15.521139342752681,177.32950020559423
4.917718172073364,1.980947659391206,-15.521139342752681,177.32950020559423
4.928586959838867,1.980947659391206,-15.521139342752681,177.32950020559423
4.939475774765015,1.980947659391206,-15.521139342752681,177.32950020559423
4.952311754226685,1.9572165711307703,-15.820430995974808,177.45403234109818
4.962873935699463,1.9572165711307703,-15.820430995974808,177.45403234109818
4.973389387130737,1.9572165711307703,-15.820430995974808,177.45403234109818
4.983889102935791,1.9572165711307703,-15.820430995974808,177.45403234109818
4.99436616897583,1.9572165711307703,-15.820430995974808,177.45403234109818
5.0060648918151855,1.9850778120741417,-16.4319490907976,177.2678796101378
5.016881227493286,1.9850778120741417,-16.4319490907976,177.2678796101378
5.027773857116699,1.9850778120741417,-16.4319490907976,177.2678796101378
5.038659572601318,1.9850778120741417,-16.4319490907976,177.2678796101378
5.052090167999268,2.027635163483661,-16.516396283024857,177.330421988633
5.0627593994140625,2.027635163483661,-16.516396283024857,177.330421988633
5.073202848434448,2.027635163483661,-16.516396283024857,177.330421988633
5.083657503128052,2.027635163483661,-16.516396283024857,177.330421988633
5.094127655029297,2.027635163483661,-16.516396283024857,177.330421988633
5.105762243270874,1.8972076695718725,-16.409152869262684,177.57767717369646
5.116544723510742,1.8972076695718725,-16.409152869262684,177.57767717369646
5.127318620681763,1.8972076695718725,-16.409152869262684,177.57767717369646
5.138142108917236,1.8972076695718725,-16.409152869262684,177.57767717369646
5.151650667190552,1.9887160067520546,-16.921174818919468,177.37728615801737
5.1625566482543945,1.9887160067520546,-16.921174818919468,177.37728615801737
5.172977924346924,1.9887160067520546,-16.921174818919468,177.37728615801737
5.183366060256958,1.9887160067520546,-16.921174818919468,177.37728615801737
5.193756341934204,1.9887160067520546,-16.921174818919468,177.37728615801737
5.205449819564819,1.9623582013035976,-16.899780514630518,177.36019131975942
5.216611623764038,1.9623582013035976,-16.899780514630518,177.36019131975942
5.227467060089111,1.9623582013035976,-16.899780514630518,177.36019131975942
5.238323926925659,1.9623582013035976,-16.899780514630518,177.36019131975942
5.251803636550903,1.9713546362665075,-16.907768627270592,177.44354617243954
5.262720584869385,1.9713546362665075,-16.907768627270592,177.44354617243954
5.273187160491943,1.9713546362665075,-16.907768627270592,177.44354617243954
5.283642530441284,1.9713546362665075,-16.907768627270592,177.44354617243954
5.294086456298828,1.9713546362665075,-16.907768627270592,177.44354617243954
5.305769920349121,1.9612849197574556,-17.484373854238246,177.14306044184826
5.316727638244629,1.9612849197574556,-17.484373854238246,177.14306044184826
5.327568054199219,1.9612849197574556,-17.484373854238246,177.14306044184826
5.338425397872925,1.9612849197574556,-17.484373854238246,177.14306044184826
5.351900339126587,1.9341941259279867,-17.232501762633365,177.32228650440206
5.362800598144531,1.9341941259279867,-17.232501762633365,177.32228650440206
5.373291969299316,1.9341941259279867,-17.232501762633365,177.32228650440206
5.383747577667236,1.9341941259279867,-17.232501762633365,177.32228650440206
5.394299507141113,1.9341941259279867,-17.232501762633365,177.32228650440206
5.406014919281006,1.9215575031850363,-17.219235862713717,177.31072400896701
5.416888952255249,1.9215575031850363,-17.219235862713717,177.31072400896701
5.427685737609863,1.9215575031850363,-17.219235862713717,177.31072400896701
5.438477993011475,1.9215575031850363,-17.219235862713717,177.31072400896701
5.451876640319824,1.9763690156759188,-17.28719064921962,177.19478789961406
5.462674140930176,1.9763690156759188,-17.28719064921962,177.19478789961406
5.47320032119751,1.9763690156759188,-17.28719064921962,177.19478789961406
5.483764886856079,1.9763690156759188,-17.28719064921962,177.19478789961406
5.49428915977478,1.9763690156759188,-17.28719064921962,177.19478789961406
5.505998849868774,2.063549846678946,-17.45359608288454,177.0717835661538
5.5170228481292725,2.063549846678946,-17.45359608288454,177.0717835661538
5.52785849571228,2.063549846678946,-17.45359608288454,177.0717835661538
5.538688898086548,2.063549846678946,-17.45359608288454,177.0717835661538
5.552929401397705,2.1155891227627976,-17.443409277215974,177.00681789094037
5.563515901565552,2.1155891227627976,-17.443409277215974,177.00681789094037
5.573954343795776,2.1155891227627976,-17.443409277215974,177.00681789094037
5.584432125091553,2.1155891227627976,-17.443409277215974,177.00681789094037
5.594898462295532,2.1155891227627976,-17.443409277215974,177.00681789094037
5.606562614440918,2.2694308105747694,-17.677933065331963,176.83589516123985
5.617389678955078,2.2694308105747694,-17.677933065331963,176.83589516123985
5.628237009048462,2.2694308105747694,-17.677933065331963,176.83589516123985
5.639052391052246,2.2694308105747694,-17.677933065331963,176.83589516123985
5.653321027755737,2.2392016904988115,-17.9240704911231,176.67174975615174
5.663773059844971,2.2392016904988115,-17.9240704911231,176.67174975615174
5.674191236495972,2.2392016904988115,-17.9240704911231,176.67174975615174
5.684601306915283,2.2392016904988115,-17.9240704911231,176.67174975615174
5.6950201988220215,2.2392016904988115,-17.9240704911231,176.67174975615174
5.706711769104004,2.0715379661690525,-17.877383427209196,176.55769424092108
5.7175633907318115,2.0715379661690525,-17.877383427209196,176.55769424092108
5.728392124176025,2.0715379661690525,-17.877383427209196,176.55769424092108
5.739209175109863,2.0715379661690525,-17.877383427209196,176.55769424092108
5.75272011756897,2.0637989378990804,-18.06032711157929,176.37815087824376
5.763606071472168,2.0637989378990804,-18.06032711157929,176.37815087824376
5.7740678787231445,2.0637989378990804,-18.06032711157929,176.37815087824376
5.784534215927124,2.0637989378990804,-18.06032711157929,176.37815087824376
5.794950008392334,2.0637989378990804,-18.06032711157929,176.37815087824376
5.806570053100586,2.0736323913636294,-17.799865812418737,176.57346124640628
5.81753134727478,2.0736323913636294,-17.799865812418737,176.57346124640628
5.828426837921143,2.0736323913636294,-17.799865812418737,176.57346124640628
5.839310169219971,2.0736323913636294,-17.799865812418737,176.57346124640628
5.852768898010254,2.031360001456791,-17.781080967046663,176.65856436978382
5.863630533218384,2.031360001456791,-17.781080967046663,176.65856436978382
5.874128580093384,2.031360001456791,-17.781080967046663,176.65856436978382
5.884628057479858,2.031360001456791,-17.781080967046663,176.65856436978382
5.895112991333008,2.031360001456791,-17.781080967046663,176.65856436978382
5.9067606925964355,1.9455426993079448,-17.90277510435024,176.59840547985777
5.917643070220947,1.9455426993079448,-17.90277510435024,176.59840547985777
5.928491592407227,1.9455426993079448,-17.90277510435024,176.59840547985777
5.939346551895142,1.9455426993079448,-17.90277510435024,176.59840547985777
5.952829360961914,1.9970759671652116,-17.761600164931853,176.6929585667462
5.963681221008301,1.9970759671652116,-17.761600164931853,176.6929585667462
5.974113702774048,1.9970759671652116,-17.761600164931853,176.6929585667462
5.984542369842529,1.9970759671652116,-17.761600164931853,176.6929585667462
5.994992256164551,1.9970759671652116,-17.761600164931853,176.6929585667462
6.006729602813721,1.9748638009481339,-17.994674457068495,176.6554401326787
6.017791748046875,1.9748638009481339,-17.994674457068495,176.6554401326787
6.028623580932617,1.9748638009481339,-17.994674457068495,176.6554401326787
6.039421558380127,1.9748638009481339,-17.994674457068495,176.6554401326787
6.05379319190979,2.0635042890365196,-18.041649320086382,176.59807354842076
6.064305067062378,2.0635042890365196,-18.041649320086382,176.59807354842076
6.07476806640625,2.0635042890365196,-18.041649320086382,176.59807354842076
6.085223197937012,2.0635042890365196,-18.041649320086382,176.59807354842076
6.095660448074341,2.0635042890365196,-18.041649320086382,176.59807354842076
6.10735297203064,2.1023624878980596,-17.872523962548552,176.76558824896625
6.118207693099976,2.1023624878980596,-17.872523962548552,176.76558824896625
6.129024505615234,2.1023624878980596,-17.872523962548552,176.76558824896625
6.1398231983184814,2.1023624878980596,-17.872523962548552,176.76558824896625
6.153318881988525,2.1025940834997137,-18.239815328601104,176.61593372571787
6.164269924163818,2.1025940834997137,-18.239815328601104,176.61593372571787
6.174759864807129,2.1025940834997137,-18.239815328601104,176.61593372571787
6.1853187084198,2.1025940834997137,-18.239815328601104,176.61593372571787
6.195889711380005,2.1025940834997137,-18.239815328601104,176.61593372571787
6.2085120677948,2.1127033241618207,-18.322924351779193,176.56920582834877
6.219567775726318,2.1127033241618207,-18.322924351779193,176.56920582834877
6.23061990737915,2.1127033241618207,-18.322924351779193,176.56920582834877
6.241636276245117,2.1127033241618207,-18.322924351779193,176.56920582834877
6.255422830581665,2.2228548451689845,-18.053918968717213,176.75662134162258
6.266085624694824,2.2228548451689845,-18.053918968717213,176.75662134162258
6.276670694351196,2.2228548451689845,-18.053918968717213,176.75662134162258
6.287145376205444,2.2228548451689845,-18.053918968717213,176.75662134162258
6.299520969390869,2.1309734761174752,-18.175543913737116,176.69035615285128
6.310330152511597,2.1309734761174752,-18.175543913737116,176.69035615285128
6.321190118789673,2.1309734761174752,-18.175543913737116,176.69035615285128
6.332034349441528,2.1309734761174752,-18.175543913737116,176.69035615285128
6.342867851257324,2.1309734761174752,-18.175543913737116,176.69035615285128
6.35617470741272,2.183016294790819,-18.18095003232032,176.63256927861235
6.366645097732544,2.183016294790819,-18.18095003232032,176.63256927861235
6.377100706100464,2.183016294790819,-18.18095003232032,176.63256927861235
6.387635946273804,2.183016294790819,-18.18095003232032,176.63256927861235
6.400086879730225,2.2711763679312758,-18.03882537474613,176.80569883074372
6.410957098007202,2.2711763679312758,-18.03882537474613,176.80569883074372
6.421794176101685,2.2711763679312758,-18.03882537474613,176.80569883074372
6.432674884796143,2.2711763679312758,-18.03882537474613,176.80569883074372
6.44331431388855,2.2711763679312758,-18.03882537474613,176.80569883074372
6.456627130508423,2.217571322766437,-18.315656229501347,176.70871825463618
6.467134237289429,2.217571322766437,-18.315656229501347,176.70871825463618
6.478244066238403,2.217571322766437,-18.315656229501347,176.70871825463618
6.489042520523071,2.217571322766437,-18.315656229501347,176.70871825463618
6.5024354457855225,2.327038882142751,-18.49513032880434,176.594173923365
6.513346433639526,2.327038882142751,-18.49513032880434,176.594173923365
6.524275779724121,2.327038882142751,-18.49513032880434,176.594173923365
6.535047292709351,2.327038882142751,-18.49513032880434,176.594173923365
6.545498847961426,2.327038882142751,-18.49513032880434,176.594173923365
6.557486534118652,2.3593360660599747,-18.340300192488808,176.71341345838215
6.568597078323364,2.3593360660599747,-18.340300192488808,176.71341345838215
6.579499959945679,2.3593360660599747,-18.340300192488808,176.71341345838215
6.59045672416687,2.3593360660599747,-18.340300192488808,176.71341345838215
6.60482931137085,2.400782413756457,-18.608120313610303,176.64342876709125
6.615370035171509,2.400782413756457,-18.608120313610303,176.64342876709125
6.6258533000946045,2.400782413756457,-18.608120313610303,176.64342876709125
6.636368751525879,2.400782413756457,-18.608120313610303,176.64342876709125
6.646838903427124,2.400782413756457,-18.608120313610303,176.64342876709125
6.659210443496704,2.423364620048962,-18.55862480042401,176.71167497392156
6.6700592041015625,2.423364620048962,-18.55862480042401,176.71167497392156
6.680876731872559,2.423364620048962,-18.55862480042401,176.71167497392156
6.691736221313477,2.423364620048962,-18.55862480042401,176.71167497392156
6.705223560333252,2.352561312826747,-18.511395417830297,176.7879407105963
6.715668439865112,2.352561312826747,-18.511395417830297,176.7879407105963
6.726071119308472,2.352561312826747,-18.511395417830297,176.7879407105963
6.736511945724487,2.352561312826747,-18.511395417830297,176.7879407105963
6.746952533721924,2.352561312826747,-18.511395417830297,176.7879407105963
6.758605241775513,2.311148256630178,-18.71047130256036,176.6910602671415
6.7694549560546875,2.311148256630178,-18.71047130256036,176.6910602671415
6.780295133590698,2.311148256630178,-18.71047130256036,176.6910602671415
6.791117429733276,2.311148256630178,-18.71047130256036,176.6910602671415
6.804624557495117,2.2795914283470453,-18.57093203270005,176.85512862291668
6.815475702285767,2.2795914283470453,-18.57093203270005,176.85512862291668
6.825918197631836,2.2795914283470453,-18.57093203270005,176.85512862291668
6.836352348327637,2.2795914283470453,-18.57093203270005,176.85512862291668
6.846803903579712,2.2795914283470453,-18.57093203270005,176.85512862291668
6.8584818840026855,2.328563622912829,-18.648521392208533,176.83162645291236
6.869363307952881,2.328563622912829,-18.648521392208533,176.83162645291236
6.88020920753479,2.328563622912829,-18.648521392208533,176.83162645291236
6.891026020050049,2.328563622912829,-18.648521392208533,176.83162645291236
6.90454626083374,2.298891535500483,-18.564546391188102,176.86685883695148
6.915505409240723,2.298891535500483,-18.564546391188102,176.86685883695148
6.92600154876709,2.298891535500483,-18.564546391188102,176.86685883695148
6.936467170715332,2.298891535500483,-18.564546391188102,176.86685883695148
6.946906089782715,2.298891535500483,-18.564546391188102,176.86685883695148
6.95855712890625,2.336951845274912,-18.50681896094986,176.8831305537001
6.969469785690308,2.336951845274912,-18.50681896094986,176.8831305537001
6.980345726013184,2.336951845274912,-18.50681896094986,176.8831305537001
6.991229772567749,2.336951845274912,-18.50681896094986,176.8831305537001
7.004770517349243,2.238773631790339,-18.621157276173975,176.81112252621958
7.015664339065552,2.238773631790339,-18.621157276173975,176.81112252621958
7.026157379150391,2.238773631790339,-18.621157276173975,176.81112252621958
7.036660194396973,2.238773631790339,-18.621157276173975,176.81112252621958
7.0471320152282715,2.238773631790339,-18.621157276173975,176.81112252621958
7.058821439743042,2.334305553313706,-18.499775345920174,176.89777695851726
7.069365501403809,2.334305553313706,-18.499775345920174,176.89777695851726
7.080235719680786,2.334305553313706,-18.499775345920174,176.89777695851726
7.091093063354492,2.334305553313706,-18.499775345920174,176.89777695851726
7.104623079299927,2.409075594163989,-18.72898280607306,176.70249221298153
7.115512371063232,2.409075594163989,-18.72898280607306,176.70249221298153
7.125969886779785,2.409075594163989,-18.72898280607306,176.70249221298153
7.1364967823028564,2.409075594163989,-18.72898280607306,176.70249221298153
7.146994590759277,2.409075594163989,-18.72898280607306,176.70249221298153
7.158709287643433,2.3737654790504057,-18.525526214778424,176.7914462251582
7.169547080993652,2.3737654790504057,-18.525526214778424,176.7914462251582
7.180397987365723,2.3737654790504057,-18.525526214778424,176.7914462251582
7.1912946701049805,2.3737654790504057,-18.525526214778424,176.7914462251582
7.204845428466797,2.4050737354038243,-18.55260525244347,176.77836358643376
7.215731859207153,2.4050737354038243,-18.55260525244347,176.77836358643376
7.226278305053711,2.4050737354038243,-18.55260525244347,176.77836358643376
7.236789226531982,2.4050737354038243,-18.55260525244347,176.77836358643376
7.247297525405884,2.4050737354038243,-18.55260525244347,176.77836358643376
7.25920033454895,2.4605109766302244,-18.677136772561166,176.63870816963055
7.270048379898071,2.4605109766302244,-18.677136772561166,176.63870816963055
7.28087854385376,2.4605109766302244,-18.677136772561166,176.63870816963055
7.291765928268433,2.4605109766302244,-18.677136772561166,176.63870816963055
7.3052818775177,2.449811204327523,-18.585626671411326,176.6852072778067
7.316136360168457,2.449811204327523,-18.585626671411326,176.6852072778067
7.326595306396484,2.449811204327523,-18.585626671411326,176.6852072778067
7.337064504623413,2.449811204327523,-18.585626671411326,176.6852072778067
7.3475799560546875,2.449811204327523,-18.585626671411326,176.6852072778067
7.359311103820801,2.5237019380128562,-18.64644936608392,176.6358096820651
7.370136022567749,2.5237019380128562,-18.64644936608392,176.6358096820651
7.380934000015259,2.5237019380128562,-18.64644936608392,176.6358096820651
7.391713857650757,2.5237019380128562,-18.64644936608392,176.6358096820651
7.405205726623535,2.512332587101895,-18.697023674952028,176.6718014728334
7.416104078292847,2.512332587101895,-18.697023674952028,176.6718014728334
7.426523447036743,2.512332587101895,-18.697023674952028,176.6718014728334
7.436921119689941,2.512332587101895,-18.697023674952028,176.6718014728334
7.447303533554077,2.512332587101895,-18.697023674952028,176.6718014728334
7.459032297134399,2.573158737885564,-18.730618604700478,176.65373322651195
7.470028400421143,2.573158737885564,-18.730618604700478,176.65373322651195
7.480872869491577,2.573158737885564,-18.730618604700478,176.65373322651195
7.491702079772949,2.573158737885564,-18.730618604700478,176.65373322651195
7.505183219909668,2.632919657219327,-18.82895613046626,176.6555891773091
7.516085386276245,2.632919657219327,-18.82895613046626,176.6555891773091
7.526556730270386,2.632919657219327,-18.82895613046626,176.6555891773091
7.537015438079834,2.632919657219327,-18.82895613046626,176.6555891773091
7.547461271286011,2.632919657219327,-18.82895613046626,176.6555891773091
7.5591349601745605,2.6582209049555963,-18.758545470043035,176.70318284158034
7.5701940059661865,2.6582209049555963,-18.758545470043035,176.70318284158034
7.581097364425659,2.6582209049555963,-18.758545470043035,176.70318284158034
7.59195613861084,2.6582209049555963,-18.758545470043035,176.70318284158034
7.6054253578186035,2.695647300032631,-18.23724617379431,176.98051024870344
7.616321086883545,2.695647300032631,-18.23724617379431,176.98051024870344
7.6267969608306885,2.695647300032631,-18.23724617379431,176.98051024870344
7.637274503707886,2.695647300032631,-18.23724617379431,176.98051024870344
7.647722244262695,2.695647300032631,-18.23724617379431,176.98051024870344
7.659398078918457,2.6305879117005784,-17.8535498192127,177.18595964315995
7.670344352722168,2.6305879117005784,-17.8535498192127,177.18595964315995
7.681207895278931,2.6305879117005784,-17.8535498192127,177.18595964315995
7.692099571228027,2.6305879117005784,-17.8535498192127,177.18595964315995
7.7055583000183105,2.644513441743415,-17.269436506654987,177.40454520196113
7.716457366943359,2.644513441743415,-17.269436506654987,177.40454520196113
7.726909637451172,2.644513441743415,-17.269436506654987,177.40454520196113
7.737390518188477,2.644513441743415,-17.269436506654987,177.40454520196113
7.74787712097168,2.644513441743415,-17.269436506654987,177.40454520196113
7.7595648765563965,2.6067266082652845,-17.12298576980132,177.44280816183826
7.7705230712890625,2.6067266082652845,-17.12298576980132,177.44280816183826
7.781386852264404,2.6067266082652845,-17.12298576980132,177.44280816183826
7.792263507843018,2.6067266082652845,-17.12298576980132,177.44280816183826
7.8057475090026855,2.6295776624098877,-16.727159242583685,177.5061124545045
7.816613674163818,2.6295776624098877,-16.727159242583685,177.5061124545045
7.827056169509888,2.6295776624098877,-16.727159242583685,177.5061124545045
7.837496042251587,2.6295776624098877,-16.727159242583685,177.5061124545045
7.847955703735352,2.6295776624098877,-16.727159242583685,177.5061124545045
7.859650135040283,2.670106726730829,-16.065053530725777,177.65204634459025
7.870669603347778,2.670106726730829,-16.065053530725777,177.65204634459025
7.8815085887908936,2.670106726730829,-16.065053530725777,177.65204634459025
7.892347574234009,2.670106726730829,-16.065053530725777,177.65204634459025
7.905848979949951,2.7561321573188744,-15.057089257741186,178.15376982362753
7.91675329208374,2.7561321573188744,-15.057089257741186,178.15376982362753
7.927209138870239,2.7561321573188744,-15.057089257741186,178.15376982362753
7.937659978866577,2.7561321573188744,-15.057089257741186,178.15376982362753
7.948097229003906,2.7561321573188744,-15.057089257741186,178.15376982362753
7.959775686264038,2.8390287558052743,-14.432075951437309,178.34980060452486
7.97081184387207,2.8390287558052743,-14.432075951437309,178.34980060452486
7.981682062149048,2.8390287558052743,-14.432075951437309,178.34980060452486
7.992536783218384,2.8390287558052743,-14.432075951437309,178.34980060452486
8.005977153778076,2.9703335513480673,-13.800100342717151,178.51279872741188
8.016834020614624,2.9703335513480673,-13.800100342717151,178.51279872741188
8.027328252792358,2.9703335513480673,-13.800100342717151,178.51279872741188
8.03780198097229,2.9703335513480673,-13.800100342717151,178.51279872741188
8.048268795013428,2.9703335513480673,-13.800100342717151,178.51279872741188
8.059936046600342,2.949674721086444,-13.43028973765969,178.63828318949342
8.070985794067383,2.949674721086444,-13.43028973765969,178.63828318949342
8.081835746765137,2.949674721086444,-13.43028973765969,178.63828318949342
8.092705965042114,2.949674721086444,-13.43028973765969,178.63828318949342
8.106137990951538,3.0883406845477452,-13.167323774607175,178.62206332903875
8.11699104309082,3.0883406845477452,-13.167323774607175,178.62206332903875
8.127467155456543,3.0883406845477452,-13.167323774607175,178.62206332903875
8.137914180755615,3.0883406845477452,-13.167323774607175,178.62206332903875
8.148391246795654,3.0883406845477452,-13.167323774607175,178.62206332903875
8.16006875038147,3.098158478229868,-12.887499603767514,178.68534775077765
8.171123504638672,3.098158478229868,-12.887499603767514,178.68534775077765
8.181951999664307,3.098158478229868,-12.887499603767514,178.68534775077765
8.192806005477905,3.098158478229868,-12.887499603767514,178.68534775077765
8.207027435302734,3.07422572081858,-12.171367291240148,179.01084430252948
8.217641353607178,3.07422572081858,-12.171367291240148,179.01084430252948
8.228111267089844,3.07422572081858,-12.171367291240148,179.01084430252948
8.238577842712402,3.07422572081858,-12.171367291240148,179.01084430252948
8.249029874801636,3.07422572081858,-12.171367291240148,179.01084430252948
8.260705947875977,3.161535446471826,-11.758557458459254,179.13968408613468
8.27157211303711,3.161535446471826,-11.758557458459254,179.13968408613468
8.28242564201355,3.161535446471826,-11.758557458459254,179.13968408613468
8.293265104293823,3.161535446471826,-11.758557458459254,179.13968408613468
8.30676555633545,3.120309236535446,-11.313110443974082,179.2971074600748
8.317671775817871,3.120309236535446,-11.313110443974082,179.2971074600748
8.328135251998901,3.120309236535446,-11.313110443974082,179.2971074600748
8.338595628738403,3.120309236535446,-11.313110443974082,179.2971074600748
8.349052667617798,3.120309236535446,-11.313110443974082,179.2971074600748
8.360754489898682,3.249838032323633,-10.923281683646241,179.4501961883508
8.371560335159302,3.249838032323633,-10.923281683646241,179.4501961883508
8.382363080978394,3.249838032323633,-10.923281683646241,179.4501961883508
8.393217086791992,3.249838032323633,-10.923281683646241,179.4501961883508
8.406747341156006,3.3332243713399397,-10.380717417416307,179.64795590190053
8.417666912078857,3.3332243713399397,-10.380717417416307,179.64795590190053
8.428232192993164,3.3332243713399397,-10.380717417416307,179.64795590190053
8.438822031021118,3.3332243713399397,-10.380717417416307,179.64795590190053
8.449310541152954,3.3332243713399397,-10.380717417416307,179.64795590190053
8.461132526397705,3.4436835783416693,-9.67317025965065,179.95428447284533
8.471916675567627,3.4436835783416693,-9.67317025965065,179.95428447284533
8.482722997665405,3.4436835783416693,-9.67317025965065,179.95428447284533
8.49358582496643,3.4436835783416693,-9.67317025965065,179.95428447284533
8.507084846496582,3.4544507005013214,-9.358311468602613,179.98395933048724
8.517940282821655,3.4544507005013214,-9.358311468602613,179.98395933048724
8.528438091278076,3.4544507005013214,-9.358311468602613,179.98395933048724
8.538904428482056,3.4544507005013214,-9.358311468602613,179.98395933048724
8.549394130706787,3.4544507005013214,-9.358311468602613,179.98395933048724
8.561119079589844,3.5674290617967666,-9.000177862895717,179.96483477294524
8.571866989135742,3.5674290617967666,-9.000177862895717,179.96483477294524
8.582735776901245,3.5674290617967666,-9.000177862895717,179.96483477294524
8.593594789505005,3.5674290617967666,-9.000177862895717,179.96483477294524
8.60706615447998,3.623529834971284,-8.302929546863217,-179.6737538428902
8.617984294891357,3.623529834971284,-8.302929546863217,-179.6737538428902
8.628512382507324,3.623529834971284,-8.302929546863217,-179.6737538428902
8.63901162147522,3.623529834971284,-8.302929546863217,-179.6737538428902
8.649482727050781,3.623529834971284,-8.302929546863217,-179.6737538428902
8.66117000579834,3.79587261284886,-7.796682811424841,-179.5222750719544
8.672025918960571,3.79587261284886,-7.796682811424841,-179.5222750719544
8.682885885238647,3.79587261284886,-7.796682811424841,-179.5222750719544
8.693748950958252,3.79587261284886,-7.796682811424841,-179.5222750719544
8.707225322723389,3.8524693119500486,-7.065769953917648,-179.1651857929477
8.718122243881226,3.8524693119500486,-7.065769953917648,-179.1651857929477
8.728619575500488,3.8524693119500486,-7.065769953917648,-179.1651857929477
8.739129781723022,3.8524693119500486,-7.065769953917648,-179.1651857929477
8.749606847763062,3.8524693119500486,-7.065769953917648,-179.1651857929477
8.76129937171936,3.8609425536947746,-6.587012639007359,-179.02362209760855
8.772150754928589,3.8609425536947746,-6.587012639007359,-179.02362209760855
8.783044576644897,3.8609425536947746,-6.587012639007359,-179.02362209760855
8.793922185897827,3.8609425536947746,-6.587012639007359,-179.02362209760855
8.807422161102295,3.982293138049042,-6.151428191822565,-178.8823623578765
8.818310737609863,3.982293138049042,-6.151428191822565,-178.8823623578765
8.828755855560303,3.982293138049042,-6.151428191822565,-178.8823623578765
8.839247941970825,3.982293138049042,-6.151428191822565,-178.8823623578765
8.84970736503601,3.982293138049042,-6.151428191822565,-178.8823623578765
8.861390590667725,4.009368169498965,-5.503294031336535,-178.60236029745852
8.87221074104309,4.009368169498965,-5.503294031336535,-178.60236029745852
8.883062839508057,4.009368169498965,-5.503294031336535,-178.60236029745852
8.893930435180664,4.009368169498965,-5.503294031336535,-178.60236029745852
8.907423973083496,4.040045481878191,-4.910963613263246,-178.52008430056168
8.918319463729858,4.040045481878191,-4.910963613263246,-178.52008430056168
8.928759098052979,4.040045481878191,-4.910963613263246,-178.52008430056168
8.93921971321106,4.040045481878191,-4.910963613263246,-178.52008430056168
8.949706792831421,4.040045481878191,-4.910963613263246,-178.52008430056168
8.961411237716675,4.040165477833377,-4.516573262611608,-178.58356247973353
8.97228717803955,4.040165477833377,-4.516573262611608,-178.58356247973353
8.98312258720398,4.040165477833377,-4.516573262611608,-178.58356247973353
8.993993043899536,4.040165477833377,-4.516573262611608,-178.58356247973353
9.005682229995728,5.0911936566160785,-3.2454479919175427,-178.35119657637586
9.016485452651978,5.0911936566160785,-3.2454479919175427,-178.35119657637586
9.027250051498413,5.0911936566160785,-3.2454479919175427,-178.35119657637586
9.038026332855225,5.0911936566160785,-3.2454479919175427,-178.35119657637586
9.048945188522339,5.0911936566160785,-3.2454479919175427,-178.35119657637586
9.06108021736145,5.469154654368623,-3.0341837554511386,-178.49885166404553
9.071529150009155,5.469154654368623,-3.0341837554511386,-178.49885166404553
9.082513570785522,5.469154654368623,-3.0341837554511386,-178.49885166404553
9.093350887298584,5.469154654368623,-3.0341837554511386,-178.49885166404553
9.105918645858765,5.358082310712917,-2.8807957700245135,-178.74806046532126
9.11681056022644,5.358082310712917,-2.8807957700245135,-178.74806046532126
9.12766408920288,5.358082310712917,-2.8807957700245135,-178.74806046532126
9.138534784317017,5.358082310712917,-2.8807957700245135,-178.74806046532126
9.148990154266357,5.358082310712917,-2.8807957700245135,-178.74806046532126
9.161294221878052,5.2193183213448755,-2.225812384191569,-178.48370972179833
9.171722650527954,5.2193183213448755,-2.225812384191569,-178.48370972179833
9.18261170387268,5.2193183213448755,-2.225812384191569,-178.48370972179833
9.193379878997803,5.2193183213448755,-2.225812384191569,-178.48370972179833
9.206807374954224,5.019645390115387,-1.567009577815857,-178.11505684741766
9.217698097229004,5.019645390115387,-1.567009577815857,-178.11505684741766
9.228558540344238,5.019645390115387,-1.567009577815857,-178.11505684741766
9.239181995391846,5.019645390115387,-1.567009577815857,-178.11505684741766
9.24959421157837,5.019645390115387,-1.567009577815857,-178.11505684741766
9.261706590652466,4.6634689610455835,-0.9619343266043721,-177.86902131781656
9.272864580154419,4.6634689610455835,-0.9619343266043721,-177.86902131781656
9.283733606338501,4.6634689610455835,-0.9619343266043721,-177.86902131781656
9.294562339782715,4.6634689610455835,-0.9619343266043721,-177.86902131781656
9.308032751083374,4.491995922587624,-0.35884511704386984,-177.6341493296695
9.31895661354065,4.491995922587624,-0.35884511704386984,-177.6341493296695
9.329455614089966,4.491995922587624,-0.35884511704386984,-177.6341493296695
9.339929819107056,4.491995922587624,-0.35884511704386984,-177.6341493296695
9.350369215011597,4.491995922587624,-0.35884511704386984,-177.6341493296695
9.362030029296875,4.480729746534333,0.10180530380864385,-177.41284795458475
9.372970342636108,4.480729746534333,0.10180530380864385,-177.41284795458475
9.383833169937134,4.480729746534333,0.10180530380864385,-177.41284795458475
9.394699573516846,4.480729746534333,0.10180530380864385,-177.41284795458475
9.408589124679565,4.307161360909274,0.7135930701415851,-177.1940595733697
9.419447422027588,4.307161360909274,0.7135930701415851,-177.1940595733697
9.4298574924469,4.307161360909274,0.7135930701415851,-177.1940595733697
9.440308570861816,4.307161360909274,0.7135930701415851,-177.1940595733697
9.45087194442749,4.307161360909274,0.7135930701415851,-177.1940595733697
9.46349835395813,4.556716303675125,2.1200698918351573,-176.6105035810396
9.4744553565979,4.556716303675125,2.1200698918351573,-176.6105035810396
9.485351800918579,4.556716303675125,2.1200698918351573,-176.6105035810396
9.4962317943573,4.556716303675125,2.1200698918351573,-176.6105035810396
9.509726285934448,4.43305306728198,2.5305078014755056,-176.44279436658476
9.52021074295044,4.43305306728198,2.5305078014755056,-176.44279436658476
9.53066086769104,4.43305306728198,2.5305078014755056,-176.44279436658476
9.541112661361694,4.43305306728198,2.5305078014755056,-176.44279436658476
9.551601648330688,4.43305306728198,2.5305078014755056,-176.44279436658476
9.564023733139038,4.267032594887036,2.186155516861721,-176.8452045166945
9.57490062713623,4.267032594887036,2.186155516861721,-176.8452045166945
9.58577561378479,4.267032594887036,2.186155516861721,-176.8452045166945
9.59662413597107,4.267032594887036,2.186155516861721,-176.8452045166945
9.610317468643188,4.260187056755194,2.386817717568029,-176.77461030428697
9.620798587799072,4.260187056755194,2.386817717568029,-176.77461030428697
9.63124966621399,4.260187056755194,2.386817717568029,-176.77461030428697
9.641694784164429,4.260187056755194,2.386817717568029,-176.77461030428697
9.653365135192871,4.18525730439602,2.4441004785641987,-176.7530275957608
9.664366006851196,4.18525730439602,2.4441004785641987,-176.7530275957608
9.675254344940186,4.18525730439602,2.4441004785641987,-176.7530275957608
9.686080694198608,4.18525730439602,2.4441004785641987,-176.7530275957608
9.696911096572876,4.18525730439602,2.4441004785641987,-176.7530275957608
9.710619688034058,4.240331190036804,2.2728364771254803,-176.898439704073
9.721083879470825,4.240331190036804,2.2728364771254803,-176.898439704073
9.731538772583008,4.240331190036804,2.2728364771254803,-176.898439704073
9.741973161697388,4.240331190036804,2.2728364771254803,-176.898439704073
9.753641128540039,4.086197506584715,2.2553217252342823,-176.88141040380756
9.764526844024658,4.086197506584715,2.2553217252342823,-176.88141040380756
9.775424242019653,4.086197506584715,2.2553217252342823,-176.88141040380756
9.78627324104309,4.086197506584715,2.2553217252342823,-176.88141040380756
9.797101736068726,4.086197506584715,2.2553217252342823,-176.88141040380756
9.80988359451294,4.090228015368808,2.394758321081076,-176.86894661630097
9.820393562316895,4.090228015368808,2.394758321081076,-176.86894661630097
9.830872058868408,4.090228015368808,2.394758321081076,-176.86894661630097
9.84132695198059,4.090228015368808,2.394758321081076,-176.86894661630097
9.851750373840332,4.090228015368808,2.394758321081076,-176.86894661630097
9.864134788513184,4.057096340706419,2.2505356126232052,-176.92401025984975
9.874955415725708,4.057096340706419,2.2505356126232052,-176.92401025984975
9.885788917541504,4.057096340706419,2.2505356126232052,-176.92401025984975
9.896623849868774,4.057096340706419,2.2505356126232052,-176.92401025984975
9.910247564315796,4.067044714161146,2.340754999291126,-176.9067583483832
9.920726776123047,4.067044714161146,2.340754999291126,-176.9067583483832
9.931192636489868,4.067044714161146,2.340754999291126,-176.9067583483832
9.941641569137573,4.067044714161146,2.340754999291126,-176.9067583483832
9.952072143554688,4.067044714161146,2.340754999291126,-176.9067583483832
9.964428186416626,4.0696695570594175,2.43848865367711,-176.90277027279132
9.975324153900146,4.0696695570594175,2.43848865367711,-176.90277027279132
9.986220121383667,4.0696695570594175,2.43848865367711,-176.90277027279132
9.99708890914917,4.0696695570594175,2.43848865367711,-176.90277027279132
10.010699272155762,4.090964172822008,2.3321887969380053,-177.08130579996322
10.021175622940063,4.090964172822008,2.3321887969380053,-177.08130579996322
10.031673431396484,4.090964172822008,2.3321887969380053,-177.08130579996322
10.042165279388428,4.090964172822008,2.3321887969380053,-177.08130579996322
10.053872346878052,3.9964075710386053,2.474934744426868,-177.09220935087944
10.064676761627197,3.9964075710386053,2.474934744426868,-177.09220935087944
10.075632333755493,3.9964075710386053,2.474934744426868,-177.09220935087944
10.08657693862915,3.9964075710386053,2.474934744426868,-177.09220935087944
10.097482442855835,3.9964075710386053,2.474934744426868,-177.09220935087944
10.110284805297852,4.010185114993512,2.525948908377566,-177.1601018025512
10.120757818222046,4.010185114993512,2.525948908377566,-177.1601018025512
10.131215810775757,4.010185114993512,2.525948908377566,-177.1601018025512
10.141721248626709,4.010185114993512,2.525948908377566,-177.1601018025512
10.152188539505005,4.010185114993512,2.525948908377566,-177.1601018025512
10.164592981338501,3.9379986914858764,2.5530294562794023,-177.2870067799256
10.17546272277832,3.9379986914858764,2.5530294562794023,-177.2870067799256
10.186304569244385,3.9379986914858764,2.5530294562794023,-177.2870067799256
10.197155237197876,3.9379986914858764,2.5530294562794023,-177.2870067799256
10.210665941238403,3.938125594564859,2.6036411699702287,-177.33425176438303
10.221138000488281,3.938125594564859,2.6036411699702287,-177.33425176438303
10.231590270996094,3.938125594564859,2.6036411699702287,-177.33425176438303
10.242046594619751,3.938125594564859,2.6036411699702287,-177.33425176438303
10.25260305404663,3.938125594564859,2.6036411699702287,-177.33425176438303
10.265061616897583,3.9131431419208553,2.5378702618147853,-177.44230680248782
10.275940656661987,3.9131431419208553,2.5378702618147853,-177.44230680248782
10.286792755126953,3.9131431419208553,2.5378702618147853,-177.44230680248782
10.297621250152588,3.9131431419208553,2.5378702618147853,-177.44230680248782
10.311098337173462,3.884529375406633,2.604457366638628,-177.53159061410358
10.321585655212402,3.884529375406633,2.604457366638628,-177.53159061410358
10.332028865814209,3.884529375406633,2.604457366638628,-177.53159061410358
10.342462062835693,3.884529375406633,2.604457366638628,-177.53159061410358
10.352897882461548,3.884529375406633,2.604457366638628,-177.53159061410358
10.365249872207642,3.8020871568714214,2.661697584803572,-177.5175158639926
10.376110076904297,3.8020871568714214,2.661697584803572,-177.5175158639926
10.386967182159424,3.8020871568714214,2.661697584803572,-177.5175158639926
10.397785425186157,3.8020871568714214,2.661697584803572,-177.5175158639926
10.410566806793213,3.886371641693718,2.666938162889197,-177.51551450016257
10.4210364818573,3.886371641693718,2.666938162889197,-177.51551450016257
10.431493759155273,3.886371641693718,2.666938162889197,-177.51551450016257
10.441959142684937,3.886371641693718,2.666938162889197,-177.51551450016257
10.45246958732605,3.886371641693718,2.666938162889197,-177.51551450016257
10.464166402816772,3.84082301024575,2.7638670745192404,-177.4569515695115
10.475046634674072,3.84082301024575,2.7638670745192404,-177.4569515695115
10.485940933227539,3.84082301024575,2.7638670745192404,-177.4569515695115
10.496792316436768,3.84082301024575,2.7638670745192404,-177.4569515695115
10.510300397872925,3.8776129708849636,2.811383299841715,-177.4335933480001
10.521165609359741,3.8776129708849636,2.811383299841715,-177.4335933480001
10.53165078163147,3.8776129708849636,2.811383299841715,-177.4335933480001
10.542128801345825,3.8776129708849636,2.811383299841715,-177.4335933480001
10.552599906921387,3.8776129708849636,2.811383299841715,-177.4335933480001
10.564276218414307,3.955198840070962,2.8158282811882187,-177.4102028432226
10.575117349624634,3.955198840070962,2.8158282811882187,-177.4102028432226
10.585978984832764,3.955198840070962,2.8158282811882187,-177.4102028432226
10.596847295761108,3.955198840070962,2.8158282811882187,-177.4102028432226
10.611146211624146,3.8642977153467353,2.817983675843828,-177.4127104455413
10.621628284454346,3.8642977153467353,2.817983675843828,-177.4127104455413
10.632068157196045,3.8642977153467353,2.817983675843828,-177.4127104455413
10.642509937286377,3.8642977153467353,2.817983675843828,-177.4127104455413
10.652992725372314,3.8642977153467353,2.817983675843828,-177.4127104455413
10.664700746536255,3.978794391303125,2.713350501916771,-177.49749059520792
10.675531148910522,3.978794391303125,2.713350501916771,-177.49749059520792
10.686367988586426,3.978794391303125,2.713350501916771,-177.49749059520792
10.697219848632812,3.978794391303125,2.713350501916771,-177.49749059520792
10.710684776306152,3.9517774348942383,2.719744768262265,-177.4629154286226
10.72149109840393,3.9517774348942383,2.719744768262265,-177.4629154286226
10.73193907737732,3.9517774348942383,2.719744768262265,-177.4629154286226
10.742382287979126,3.9517774348942383,2.719744768262265,-177.4629154286226
10.752839088439941,3.9517774348942383,2.719744768262265,-177.4629154286226
10.764541864395142,3.981267181785596,2.9171870597089877,-177.31532036354733
10.775401830673218,3.981267181785596,2.9171870597089877,-177.31532036354733
10.786262273788452,3.981267181785596,2.9171870597089877,-177.31532036354733
10.797079086303711,3.981267181785596,2.9171870597089877,-177.31532036354733
10.811317920684814,3.999759942337089,2.8621960091457805,-177.35867768744467
10.821803092956543,3.999759942337089,2.8621960091457805,-177.35867768744467
10.832260608673096,3.999759942337089,2.8621960091457805,-177.35867768744467
10.842690229415894,3.999759942337089,2.8621960091457805,-177.35867768744467
10.853129148483276,3.999759942337089,2.8621960091457805,-177.35867768744467
10.864946603775024,3.959114068858385,2.948017501294736,-177.38472828663805
10.875816345214844,3.959114068858385,2.948017501294736,-177.38472828663805
10.886668682098389,3.959114068858385,2.948017501294736,-177.38472828663805
10.897500038146973,3.959114068858385,2.948017501294736,-177.38472828663805
10.911002159118652,4.020343233417198,2.3980127641219786,-177.51478279012224
10.921782732009888,4.020343233417198,2.3980127641219786,-177.51478279012224
10.932257890701294,4.020343233417198,2.3980127641219786,-177.51478279012224
10.942740201950073,4.020343233417198,2.3980127641219786,-177.51478279012224
10.953197717666626,4.020343233417198,2.3980127641219786,-177.51478279012224
10.96484923362732,3.577426902168605,-0.2940460571813159,-178.20376396011193
10.975679159164429,3.577426902168605,-0.2940460571813159,-178.20376396011193
10.986538410186768,3.577426902168605,-0.2940460571813159,-178.20376396011193
10.99743914604187,3.577426902168605,-0.2940460571813159,-178.20376396011193
11.009137392044067,3.27586058271565,-3.2675019990498213,-179.04347799767973
11.019960403442383,3.27586058271565,-3.2675019990498213,-179.04347799767973
11.030795812606812,3.27586058271565,-3.2675019990498213,-179.04347799767973
11.041702032089233,3.27586058271565,-3.2675019990498213,-179.04347799767973
11.052176237106323,3.27586058271565,-3.2675019990498213,-179.04347799767973
11.064409494400024,3.2115072450078843,-5.387309669806214,-178.59607112661206
11.075570106506348,3.2115072450078843,-5.387309669806214,-178.59607112661206
11.086402893066406,3.2115072450078843,-5.387309669806214,-178.59607112661206
11.097270965576172,3.2115072450078843,-5.387309669806214,-178.59607112661206
11.10964822769165,3.3045862616385207,-8.474693482143895,-178.7784623746844
11.120485305786133,3.3045862616385207,-8.474693482143895,-178.7784623746844
11.131319284439087,3.3045862616385207,-8.474693482143895,-178.7784623746844
11.14211106300354,3.3045862616385207,-8.474693482143895,-178.7784623746844
11.152607917785645,3.3045862616385207,-8.474693482143895,-178.7784623746844
11.164578199386597,3.3938246652445976,-12.035861245508892,-179.7668723824958
11.17575454711914,3.3938246652445976,-12.035861245508892,-179.7668723824958
11.186637878417969,3.3938246652445976,-12.035861245508892,-179.7668723824958
11.197499752044678,3.3938246652445976,-12.035861245508892,-179.7668723824958
11.209206342697144,2.966061522477453,-15.00922705572003,179.4962215360743
11.220084428787231,2.966061522477453,-15.00922705572003,179.4962215360743
11.230937242507935,2.966061522477453,-15.00922705572003,179.4962215360743
11.241783142089844,2.966061522477453,-15.00922705572003,179.4962215360743
11.252230405807495,2.966061522477453,-15.00922705572003,179.4962215360743
11.264671564102173,2.9160886948656386,-16.70139852306874,179.06272817523475
11.275945901870728,2.9160886948656386,-16.70139852306874,179.06272817523475
11.286973476409912,2.9160886948656386,-16.70139852306874,179.06272817523475
11.29793405532837,2.9160886948656386,-16.70139852306874,179.06272817523475
11.312393188476562,2.696218224207118,-18.859329394697927,178.2825585768728
11.3230140209198,2.696218224207118,-18.859329394697927,178.2825585768728
11.33364748954773,2.696218224207118,-18.859329394697927,178.2825585768728
11.344346523284912,2.696218224207118,-18.859329394697927,178.2825585768728
11.356304168701172,2.6810627365941953,-20.41243377467731,177.78287378235558
11.367260932922363,2.6810627365941953,-20.41243377467731,177.78287378235558
11.378133058547974,2.6810627365941953,-20.41243377467731,177.78287378235558
11.389012336730957,2.6810627365941953,-20.41243377467731,177.78287378235558
11.399857759475708,2.6810627365941953,-20.41243377467731,177.78287378235558
11.412723302841187,2.7224566397174788,-20.499260303278906,177.8797392710489
11.423224449157715,2.7224566397174788,-20.499260303278906,177.8797392710489
11.433685302734375,2.7224566397174788,-20.499260303278906,177.8797392710489
11.444151163101196,2.7224566397174788,-20.499260303278906,177.8797392710489
11.45586109161377,2.4874349579853297,-21.60417212242609,177.45252143493204
11.46674132347107,2.4874349579853297,-21.60417212242609,177.45252143493204
11.477636337280273,2.4874349579853297,-21.60417212242609,177.45252143493204
11.488491296768188,2.4874349579853297,-21.60417212242609,177.45252143493204
11.499344110488892,2.4874349579853297,-21.60417212242609,177.45252143493204
11.512852907180786,2.7525695730550312,-22.254319422703606,176.99143007183775
11.523364305496216,2.7525695730550312,-22.254319422703606,176.99143007183775
11.533846139907837,2.7525695730550312,-22.254319422703606,176.99143007183775
11.544309377670288,2.7525695730550312,-22.254319422703606,176.99143007183775
11.554821014404297,2.7525695730550312,-22.254319422703606,176.99143007183775
11.567177772521973,2.862019139532901,-22.11221246999424,177.13809326828482
11.578244686126709,2.862019139532901,-22.11221246999424,177.13809326828482
11.58914303779602,2.862019139532901,-22.11221246999424,177.13809326828482
11.599989652633667,2.862019139532901,-22.11221246999424,177.13809326828482
11.61280345916748,3.1195391669334556,-22.09303712472363,177.1311815056162
11.623259782791138,3.1195391669334556,-22.09303712472363,177.1311815056162
11.63369870185852,3.1195391669334556,-22.09303712472363,177.1311815056162
11.644144773483276,3.1195391669334556,-22.09303712472363,177.1311815056162
11.654603958129883,3.1195391669334556,-22.09303712472363,177.1311815056162
11.667036294937134,3.0479305382418347,-21.825447062777172,177.2742225221062
11.677957773208618,3.0479305382418347,-21.825447062777172,177.2742225221062
11.689028024673462,3.0479305382418347,-21.825447062777172,177.2742225221062
11.699949979782104,3.0479305382418347,-21.825447062777172,177.2742225221062
11.71277904510498,3.126518275807734,-22.078768115965772,177.16562346372893
11.723194599151611,3.126518275807734,-22.078768115965772,177.16562346372893
11.733622074127197,3.126518275807734,-22.078768115965772,177.16562346372893
11.744060039520264,3.126518275807734,-22.078768115965772,177.16562346372893
11.754536867141724,3.126518275807734,-22.078768115965772,177.16562346372893
11.766271591186523,3.0458955919458197,-22.06008970038411,177.21058360250456
11.777129888534546,3.0458955919458197,-22.06008970038411,177.21058360250456
11.787986516952515,3.0458955919458197,-22.06008970038411,177.21058360250456
11.798819780349731,3.0458955919458197,-22.06008970038411,177.21058360250456
11.812263488769531,3.043595063237785,-22.15938972502921,177.2006224441542
11.82317328453064,3.043595063237785,-22.15938972502921,177.2006224441542
11.833653688430786,3.043595063237785,-22.15938972502921,177.2006224441542
11.844134092330933,3.043595063237785,-22.15938972502921,177.2006224441542
11.854601383209229,3.043595063237785,-22.15938972502921,177.2006224441542
11.866251707077026,3.1502132662880467,-22.318104635360072,177.04622369312196
11.877158641815186,3.1502132662880467,-22.318104635360072,177.04622369312196
11.888030767440796,3.1502132662880467,-22.318104635360072,177.04622369312196
11.898902893066406,3.1502132662880467,-22.318104635360072,177.04622369312196
11.91236662864685,2.8829699088113743,-22.191393579208015,177.18870653872276
11.92329216003418,2.8829699088113743,-22.191393579208015,177.18870653872276
11.933741092681885,2.8829699088113743,-22.191393579208015,177.18870653872276
11.94419002532959,2.8829699088113743,-22.191393579208015,177.18870653872276
11.954656839370728,2.8829699088113743,-22.191393579208015,177.18870653872276
11.96633505821228,2.9041297840832083,-22.070967369623773,177.28055908660681
11.97716999053955,2.9041297840832083,-22.070967369623773,177.28055908660681
11.987998247146606,2.9041297840832083,-22.070967369623773,177.28055908660681
11.998835802078247,2.9041297840832083,-22.070967369623773,177.28055908660681
12.013150453567505,2.89547541365981,-22.163693514047285,177.2299638987376
12.023643255233765,2.89547541365981,-22.163693514047285,177.2299638987376
12.034118175506592,2.89547541365981,-22.163693514047285,177.2299638987376
12.044713735580444,2.89547541365981,-22.163693514047285,177.2299638987376
12.055175542831421,2.89547541365981,-22.163693514047285,177.2299638987376
12.06757926940918,2.9001738777995594,-22.29742377703007,177.15363721112658
12.07804536819458,2.9001738777995594,-22.29742377703007,177.15363721112658
12.08889651298523,2.9001738777995594,-22.29742377703007,177.15363721112658
12.099729061126709,2.9001738777995594,-22.29742377703007,177.15363721112658
12.113390922546387,2.873234277467872,-22.290902235960715,177.18034354075488
12.12393593788147,2.873234277467872,-22.290902235960715,177.18034354075488
12.13442349433899,2.873234277467872,-22.290902235960715,177.18034354075488
12.144884824752808,2.873234277467872,-22.290902235960715,177.18034354075488
12.155329942703247,2.873234277467872,-22.290902235960715,177.18034354075488
12.167683124542236,2.9283172781357463,-22.211916299966532,177.21458111017313
12.178535461425781,2.9283172781357463,-22.211916299966532,177.21458111017313
12.189396858215332,2.9283172781357463,-22.211916299966532,177.21458111017313
12.200229406356812,2.9283172781357463,-22.211916299966532,177.21458111017313
12.21369218826294,2.842615773835763,-22.921718769697506,176.8965572717208
12.224150896072388,2.842615773835763,-22.921718769697506,176.8965572717208
12.23460841178894,2.842615773835763,-22.921718769697506,176.8965572717208
12.245076894760132,2.842615773835763,-22.921718769697506,176.8965572717208
12.255525588989258,2.842615773835763,-22.921718769697506,176.8965572717208
12.267181396484375,2.9712128789926573,-23.021282685969794,176.66724564823497
12.278019189834595,2.9712128789926573,-23.021282685969794,176.66724564823497
12.288856267929077,2.9712128789926573,-23.021282685969794,176.66724564823497
12.2997465133667,2.9712128789926573,-23.021282685969794,176.66724564823497
12.313225269317627,2.8661940071779286,-22.503088512730752,177.06847882607462
12.323965549468994,2.8661940071779286,-22.503088512730752,177.06847882607462
12.334400177001953,2.8661940071779286,-22.503088512730752,177.06847882607462
12.344826459884644,2.8661940071779286,-22.503088512730752,177.06847882607462
12.355289697647095,2.8661940071779286,-22.503088512730752,177.06847882607462
12.366957187652588,2.9733111857865064,-22.792311141063013,176.68799225093025
12.377778053283691,2.9733111857865064,-22.792311141063013,176.68799225093025
12.388599872589111,2.9733111857865064,-22.792311141063013,176.68799225093025
12.399417400360107,2.9733111857865064,-22.792311141063013,176.68799225093025
12.412166833877563,2.847025453123346,-22.471712944924754,176.94444856028895
12.422634840011597,2.847025453123346,-22.471712944924754,176.94444856028895
12.433430910110474,2.847025453123346,-22.471712944924754,176.94444856028895
12.444127798080444,2.847025453123346,-22.471712944924754,176.94444856028895
12.454552412033081,2.847025453123346,-22.471712944924754,176.94444856028895
12.4666006565094,2.9510793178248504,-22.582437507298287,176.83511834647376
12.477797269821167,2.9510793178248504,-22.582437507298287,176.83511834647376
12.488605737686157,2.9510793178248504,-22.582437507298287,176.83511834647376
12.499373197555542,2.9510793178248504,-22.582437507298287,176.83511834647376
12.512837171554565,3.0616126331597147,-21.876973163475327,177.02768724411402
12.523708581924438,3.0616126331597147,-21.876973163475327,177.02768724411402
12.534284114837646,3.0616126331597147,-21.876973163475327,177.02768724411402
12.544740676879883,3.0616126331597147,-21.876973163475327,177.02768724411402
12.55519723892212,3.0616126331597147,-21.876973163475327,177.02768724411402
12.566840887069702,3.0569188829285263,-20.350924567044647,177.5037515264935
12.577930450439453,3.0569188829285263,-20.350924567044647,177.5037515264935
12.58875846862793,3.0569188829285263,-20.350924567044647,177.5037515264935
12.599586248397827,3.0569188829285263,-20.350924567044647,177.5037515264935
12.612120151519775,2.72000056243919,-18.403950238650086,177.8653922217321
12.622962951660156,2.72000056243919,-18.403950238650086,177.8653922217321
12.633799314498901,2.72000056243919,-18.403950238650086,177.8653922217321
12.64446759223938,2.72000056243919,-18.403950238650086,177.8653922217321
12.654920816421509,2.72000056243919,-18.403950238650086,177.8653922217321
12.666890621185303,2.737861419809624,-16.539597446810724,178.08918611876794
12.677326202392578,2.737861419809624,-16.539597446810724,178.08918611876794
12.688166618347168,2.737861419809624,-16.539597446810724,178.08918611876794
12.699023246765137,2.737861419809624,-16.539597446810724,178.08918611876794
12.710679531097412,2.9785480004364375,-15.21141641093012,178.25383814023616
12.721500396728516,2.9785480004364375,-15.21141641093012,178.25383814023616
12.732305765151978,2.9785480004364375,-15.21141641093012,178.25383814023616
12.743161916732788,2.9785480004364375,-15.21141641093012,178.25383814023616
12.754021406173706,2.9785480004364375,-15.21141641093012,178.25383814023616
12.766241312026978,3.1364291153267896,-13.631479154795514,178.57525251155238
12.77671480178833,3.1364291153267896,-13.631479154795514,178.57525251155238
12.787173986434937,3.1364291153267896,-13.631479154795514,178.57525251155238
12.7983558177948,3.1364291153267896,-13.631479154795514,178.57525251155238
12.81186294555664,3.2125277314870777,-11.886554167425665,178.9338010584172
12.822741746902466,3.2125277314870777,-11.886554167425665,178.9338010584172
12.833577394485474,3.2125277314870777,-11.886554167425665,178.9338010584172
12.844466209411621,3.2125277314870777,-11.886554167425665,178.9338010584172
12.854952335357666,3.2125277314870777,-11.886554167425665,178.9338010584172
12.867162227630615,3.423658384451276,-9.641816323254858,179.36010704157653
12.877645492553711,3.423658384451276,-9.641816323254858,179.36010704157653
12.888510465621948,3.423658384451276,-9.641816323254858,179.36010704157653
12.899340152740479,3.423658384451276,-9.641816323254858,179.36010704157653
12.912843942642212,3.7678999098714803,-7.105393961912689,179.93427227726465
12.923361778259277,3.7678999098714803,-7.105393961912689,179.93427227726465
12.934229850769043,3.7678999098714803,-7.105393961912689,179.93427227726465
12.94492793083191,3.7678999098714803,-7.105393961912689,179.93427227726465
12.955390930175781,3.7678999098714803,-7.105393961912689,179.93427227726465
12.967394590377808,4.144294780828019,-5.13603908056072,-179.49941472748503
12.978574275970459,4.144294780828019,-5.13603908056072,-179.49941472748503
12.989438533782959,4.144294780828019,-5.13603908056072,-179.49941472748503
13.000307083129883,4.144294780828019,-5.13603908056072,-179.49941472748503
13.011955499649048,4.5774715905878,-3.8147856980079187,-179.14396441163893
13.02283501625061,4.5774715905878,-3.8147856980079187,-179.14396441163893
13.033726692199707,4.5774715905878,-3.8147856980079187,-179.14396441163893
13.044603824615479,4.5774715905878,-3.8147856980079187,-179.14396441163893
13.055078029632568,4.5774715905878,-3.8147856980079187,-179.14396441163893
13.067307949066162,4.817777061370627,-3.085523497474938,-179.05139917674686
13.07777452468872,4.817777061370627,-3.085523497474938,-179.05139917674686
13.088719606399536,4.817777061370627,-3.085523497474938,-179.05139917674686
13.0995774269104,4.817777061370627,-3.085523497474938,-179.05139917674686
13.113138675689697,4.823487593452515,-2.5214511352556395,-178.81071986382784
13.124022483825684,4.823487593452515,-2.5214511352556395,-178.81071986382784
13.134921073913574,4.823487593452515,-2.5214511352556395,-178.81071986382784
13.145377159118652,4.823487593452515,-2.5214511352556395,-178.81071986382784
13.155827045440674,4.823487593452515,-2.5214511352556395,-178.81071986382784
13.167646408081055,4.921490472409792,-2.0307953890521304,-178.52591061715003
13.178064823150635,4.921490472409792,-2.0307953890521304,-178.52591061715003
13.188909530639648,4.921490472409792,-2.0307953890521304,-178.52591061715003
13.19978666305542,4.921490472409792,-2.0307953890521304,-178.52591061715003
13.213274717330933,5.121922290409537,-1.296154740887211,-178.10437600498759
13.224339485168457,5.121922290409537,-1.296154740887211,-178.10437600498759
13.235246181488037,5.121922290409537,-1.296154740887211,-178.10437600498759
13.245692491531372,5.121922290409537,-1.296154740887211,-178.10437600498759
13.256160736083984,5.121922290409537,-1.296154740887211,-178.10437600498759
13.267870426177979,4.919273616563166,-0.7250652769819488,-177.7905987356557
13.27902626991272,4.919273616563166,-0.7250652769819488,-177.7905987356557
13.289897203445435,4.919273616563166,-0.7250652769819488,-177.7905987356557
13.30074954032898,4.919273616563166,-0.7250652769819488,-177.7905987356557
13.314197540283203,5.00851928180451,0.5673392976852885,-177.6018757732657
13.325137853622437,5.00851928180451,0.5673392976852885,-177.6018757732657
13.33561658859253,5.00851928180451,0.5673392976852885,-177.6018757732657
13.3460853099823,5.00851928180451,0.5673392976852885,-177.6018757732657
13.356536149978638,5.00851928180451,0.5673392976852885,-177.6018757732657
13.368234157562256,5.026428914175033,2.314022638920279,-177.19510156785313
13.379181623458862,5.026428914175033,2.314022638920279,-177.19510156785313
13.390034914016724,5.026428914175033,2.314022638920279,-177.19510156785313
13.400921821594238,5.026428914175033,2.314022638920279,-177.19510156785313
13.414420366287231,5.531771607935224,5.012329946038581,-176.70810726983305
13.425405740737915,5.531771607935224,5.012329946038581,-176.70810726983305
13.435972452163696,5.531771607935224,5.012329946038581,-176.70810726983305
13.446427345275879,5.531771607935224,5.012329946038581,-176.70810726983305
13.456864356994629,5.531771607935224,5.012329946038581,-176.70810726983305
13.46865701675415,5.933914999597849,7.2884294782956465,-176.26678415915435
13.479536771774292,5.933914999597849,7.2884294782956465,-176.26678415915435
13.490427017211914,5.933914999597849,7.2884294782956465,-176.26678415915435
13.501281261444092,5.933914999597849,7.2884294782956465,-176.26678415915435
13.514754295349121,5.860441463306436,8.843867459057888,-176.57451033468752
13.525621891021729,5.860441463306436,8.843867459057888,-176.57451033468752
13.536127805709839,5.860441463306436,8.843867459057888,-176.57451033468752
13.546635150909424,5.860441463306436,8.843867459057888,-176.57451033468752
13.557143449783325,5.860441463306436,8.843867459057888,-176.57451033468752
13.568877220153809,6.249822535957418,10.869979181518001,-176.9064827234846
13.57975459098816,6.249822535957418,10.869979181518001,-176.9064827234846
13.590610027313232,6.249822535957418,10.869979181518001,-176.9064827234846
13.601478099822998,6.249822535957418,10.869979181518001,-176.9064827234846
13.614006519317627,7.043673267005434,13.660270453078239,-176.1838679533701
13.624851942062378,7.043673267005434,13.660270453078239,-176.1838679533701
13.635709047317505,7.043673267005434,13.660270453078239,-176.1838679533701
13.646173238754272,7.043673267005434,13.660270453078239,-176.1838679533701
13.656696557998657,7.043673267005434,13.660270453078239,-176.1838679533701
13.668436050415039,7.476983581617241,15.683223918664758,-176.36525580460835
13.679630756378174,7.476983581617241,15.683223918664758,-176.36525580460835
13.690494298934937,7.476983581617241,15.683223918664758,-176.36525580460835
13.701361894607544,7.476983581617241,15.683223918664758,-176.36525580460835
13.71490216255188,8.130647036580834,17.82766697777481,-176.20255806116825
13.725836277008057,8.130647036580834,17.82766697777481,-176.20255806116825
13.736310005187988,8.130647036580834,17.82766697777481,-176.20255806116825
13.746771812438965,8.130647036580834,17.82766697777481,-176.20255806116825
13.757237672805786,8.130647036580834,17.82766697777481,-176.20255806116825
13.768959045410156,8.585042466306257,20.35453610432018,-175.70562499153675
13.779831647872925,8.585042466306257,20.35453610432018,-175.70562499153675
13.790691137313843,8.585042466306257,20.35453610432018,-175.70562499153675
13.80155348777771,8.585042466306257,20.35453610432018,-175.70562499153675
13.815791845321655,9.25884653179237,22.66888293047441,-175.19907895602896
13.826319217681885,9.25884653179237,22.66888293047441,-175.19907895602896
13.836814403533936,9.25884653179237,22.66888293047441,-175.19907895602896
13.847282648086548,9.25884653179237,22.66888293047441,-175.19907895602896
13.857750177383423,9.25884653179237,22.66888293047441,-175.19907895602896
13.869436264038086,9.130684664957837,23.556567890132335,-175.54037053677837
13.880287647247314,9.130684664957837,23.556567890132335,-175.54037053677837
13.891154527664185,9.130684664957837,23.556567890132335,-175.54037053677837
13.902024745941162,9.130684664957837,23.556567890132335,-175.54037053677837
13.915525436401367,9.485009041294154,25.020919714354672,-175.41783001004774
13.926425695419312,9.485009041294154,25.020919714354672,-175.41783001004774
13.93691372871399,9.485009041294154,25.020919714354672,-175.41783001004774
13.94739055633545,9.485009041294154,25.020919714354672,-175.41783001004774
13.95785927772522,9.485009041294154,25.020919714354672,-175.41783001004774
13.969516515731812,9.697567885666523,26.69587005318032,-175.0977323323998
13.980355501174927,9.697567885666523,26.69587005318032,-175.0977323323998
13.99126124382019,9.697567885666523,26.69587005318032,-175.0977323323998
14.002209186553955,9.697567885666523,26.69587005318032,-175.0977323323998
14.016558408737183,9.737514675105745,27.648544140999388,-175.00304619129028
14.02707314491272,9.737514675105745,27.648544140999388,-175.00304619129028
14.037537336349487,9.737514675105745,27.648544140999388,-175.00304619129028
14.047990083694458,9.737514675105745,27.648544140999388,-175.00304619129028
14.058435916900635,9.737514675105745,27.648544140999388,-175.00304619129028
14.070863008499146,10.038078196363417,28.80732416593161,-174.6694447961233
14.0816330909729,10.038078196363417,28.80732416593161,-174.6694447961233
14.092453479766846,10.038078196363417,28.80732416593161,-174.6694447961233
14.10323691368103,10.038078196363417,28.80732416593161,-174.6694447961233
14.116739511489868,9.99471630961856,29.521227756238453,-174.39139326541437
14.127226829528809,9.99471630961856,29.521227756238453,-174.39139326541437
14.137672662734985,9.99471630961856,29.521227756238453,-174.39139326541437
14.148036241531372,9.99471630961856,29.521227756238453,-174.39139326541437
14.158454179763794,9.99471630961856,29.521227756238453,-174.39139326541437
14.170804262161255,10.159358456813578,29.65285627517149,-174.73386385036534
14.181682109832764,10.159358456813578,29.65285627517149,-174.73386385036534
14.19257402420044,10.159358456813578,29.65285627517149,-174.73386385036534
14.203455209732056,10.159358456813578,29.65285627517149,-174.73386385036534
14.216943264007568,10.11590013377265,29.960640724485604,-174.75750333537422
14.22742509841919,10.11590013377265,29.960640724485604,-174.75750333537422
14.237882852554321,10.11590013377265,29.960640724485604,-174.75750333537422
14.248321771621704,10.11590013377265,29.960640724485604,-174.75750333537422
14.25874376296997,10.11590013377265,29.960640724485604,-174.75750333537422
14.270392417907715,10.300873744066958,30.269156317386123,-174.64013486273936
14.281214714050293,10.300873744066958,30.269156317386123,-174.64013486273936
14.292065620422363,10.300873744066958,30.269156317386123,-174.64013486273936
14.302899599075317,10.300873744066958,30.269156317386123,-174.64013486273936
14.317261457443237,10.41287358201107,30.763591120477944,-174.38925077057493
14.328668117523193,10.41287358201107,30.763591120477944,-174.38925077057493
14.339550495147705,10.41287358201107,30.763591120477944,-174.38925077057493
14.350780248641968,10.41287358201107,30.763591120477944,-174.38925077057493
14.365188837051392,10.554895436159063,30.87751611925,-174.19970845377458
14.376083850860596,10.554895436159063,30.87751611925,-174.19970845377458
14.387028217315674,10.554895436159063,30.87751611925,-174.19970845377458
14.397568225860596,10.554895436159063,30.87751611925,-174.19970845377458
14.408084869384766,10.554895436159063,30.87751611925,-174.19970845377458
14.419994115829468,10.268937662103655,30.29390914352027,-174.68187318653565
14.430838346481323,10.268937662103655,30.29390914352027,-174.68187318653565
14.44173526763916,10.268937662103655,30.29390914352027,-174.68187318653565
14.45274019241333,10.268937662103655,30.29390914352027,-174.68187318653565
14.466344356536865,10.484104626978192,30.42410320693302,-174.253286164645
14.477251291275024,10.484104626978192,30.42410320693302,-174.253286164645
14.487706184387207,10.484104626978192,30.42410320693302,-174.253286164645
14.498140573501587,10.484104626978192,30.42410320693302,-174.253286164645
14.508675336837769,10.484104626978192,30.42410320693302,-174.253286164645
14.520456075668335,10.412063423201802,30.43786721951372,-174.14655743458076
14.531253099441528,10.412063423201802,30.43786721951372,-174.14655743458076
14.542030334472656,10.412063423201802,30.43786721951372,-174.14655743458076
14.552887916564941,10.412063423201802,30.43786721951372,-174.14655743458076
14.567206621170044,10.522170429637931,30.542586601255778,-174.1197772799161
14.577695846557617,10.522170429637931,30.542586601255778,-174.1197772799161
14.588141441345215,10.522170429637931,30.542586601255778,-174.1197772799161
14.598573684692383,10.522170429637931,30.542586601255778,-174.1197772799161
14.609033107757568,10.522170429637931,30.542586601255778,-174.1197772799161
14.62071704864502,10.42316054282557,30.62275830541595,-174.26326073479197
14.631500959396362,10.42316054282557,30.62275830541595,-174.26326073479197
14.64226770401001,10.42316054282557,30.62275830541595,-174.26326073479197
14.653043031692505,10.42316054282557,30.62275830541595,-174.26326073479197
14.666563272476196,10.450995269969793,30.632782884345723,-174.2177706626855
14.67768669128418,10.450995269969793,30.632782884345723,-174.2177706626855
14.68813180923462,10.450995269969793,30.632782884345723,-174.2177706626855
14.698527574539185,10.450995269969793,30.632782884345723,-174.2177706626855
14.708963632583618,10.450995269969793,30.632782884345723,-174.2177706626855
14.720679521560669,10.307253534579987,30.64348428992902,-174.29403323352622
14.731600522994995,10.307253534579987,30.64348428992902,-174.29403323352622
14.742430210113525,10.307253534579987,30.64348428992902,-174.29403323352622
14.75321912765503,10.307253534579987,30.64348428992902,-174.29403323352622
14.766679763793945,10.594760762508763,31.03210668394808,-174.04765393482472
14.777588844299316,10.594760762508763,31.03210668394808,-174.04765393482472
14.788079977035522,10.594760762508763,31.03210668394808,-174.04765393482472
14.79849910736084,10.594760762508763,31.03210668394808,-174.04765393482472
14.808883428573608,10.594760762508763,31.03210668394808,-174.04765393482472
14.820476055145264,10.385385590441814,31.121529153556768,-173.98853272420035
14.831441402435303,10.385385590441814,31.121529153556768,-173.98853272420035
14.84233045578003,10.385385590441814,31.121529153556768,-173.98853272420035
14.853136777877808,10.385385590441814,31.121529153556768,-173.98853272420035
14.865894079208374,10.391977774748078,30.853152935728147,-174.12347988553793
14.876711130142212,10.391977774748078,30.853152935728147,-174.12347988553793
14.887642621994019,10.391977774748078,30.853152935728147,-174.12347988553793
14.898152589797974,10.391977774748078,30.853152935728147,-174.12347988553793
14.908571004867554,10.391977774748078,30.853152935728147,-174.12347988553793
14.920334577560425,10.37595697446762,30.73179218052774,-174.14836244124905
14.9307119846344,10.37595697446762,30.73179218052774,-174.14836244124905
14.941664934158325,10.37595697446762,30.73179218052774,-174.14836244124905
14.952560186386108,10.37595697446762,30.73179218052774,-174.14836244124905
14.966055154800415,10.304233500844346,30.616329468830024,-174.03541624571116
14.97691822052002,10.304233500844346,30.616329468830024,-174.03541624571116
14.987773895263672,10.304233500844346,30.616329468830024,-174.03541624571116
14.998244524002075,10.304233500844346,30.616329468830024,-174.03541624571116
15.008766651153564,10.304233500844346,30.616329468830024,-174.03541624571116
15.020511627197266,10.118570446600913,30.307571277599727,-174.2278097439951
15.03089427947998,10.118570446600913,30.307571277599727,-174.2278097439951
15.041759967803955,10.118570446600913,30.307571277599727,-174.2278097439951
15.052156925201416,10.118570446600913,30.307571277599727,-174.2278097439951
15.065609693527222,9.651379588468709,29.566539244454134,-174.38470766948143
15.076444864273071,9.651379588468709,29.566539244454134,-174.38470766948143
15.087234258651733,9.651379588468709,29.566539244454134,-174.38470766948143
15.098039865493774,9.651379588468709,29.566539244454134,-174.38470766948143
15.108505487442017,9.651379588468709,29.566539244454134,-174.38470766948143
15.120676517486572,9.435439427875526,28.669947748813787,-174.46967327976475
15.131123304367065,9.435439427875526,28.669947748813787,-174.46967327976475
15.141940116882324,9.435439427875526,28.669947748813787,-174.46967327976475
15.152779817581177,9.435439427875526,28.669947748813787,-174.46967327976475
15.167027235031128,9.002564316457075,27.53906839660128,-174.7337717884259
15.177523612976074,9.002564316457075,27.53906839660128,-174.7337717884259
15.188385486602783,9.002564316457075,27.53906839660128,-174.7337717884259
15.19882082939148,9.002564316457075,27.53906839660128,-174.7337717884259
15.20925760269165,9.002564316457075,27.53906839660128,-174.7337717884259
15.220937967300415,8.724219541461727,26.069398470440735,-174.7800365026611
15.23203158378601,8.724219541461727,26.069398470440735,-174.7800365026611
15.242868900299072,8.724219541461727,26.069398470440735,-174.7800365026611
15.253697633743286,8.724219541461727,26.069398470440735,-174.7800365026611
15.267946720123291,8.278614746176741,24.05323761661773,-174.89970766374276
15.278532028198242,8.278614746176741,24.05323761661773,-174.89970766374276
15.288979530334473,8.278614746176741,24.05323761661773,-174.89970766374276
15.299400806427002,8.278614746176741,24.05323761661773,-174.89970766374276
15.309843063354492,8.278614746176741,24.05323761661773,-174.89970766374276
15.321534395217896,7.941972328170387,22.215916899401225,-174.82280287791255
15.332398414611816,7.941972328170387,22.215916899401225,-174.82280287791255
15.343244791030884,7.941972328170387,22.215916899401225,-174.82280287791255
15.354074001312256,7.941972328170387,22.215916899401225,-174.82280287791255
15.365745306015015,7.425127672927462,20.531710589193235,-174.81374888479849
15.376659631729126,7.425127672927462,20.531710589193235,-174.81374888479849
15.387569189071655,7.425127672927462,20.531710589193235,-174.81374888479849
15.398491621017456,7.425127672927462,20.531710589193235,-174.81374888479849
15.4089834690094,7.425127672927462,20.531710589193235,-174.81374888479849
15.421154260635376,6.770561815203703,18.485496787447804,-175.28363609141152
15.431654691696167,6.770561815203703,18.485496787447804,-175.28363609141152
15.442543268203735,6.770561815203703,18.485496787447804,-175.28363609141152
15.453431606292725,6.770561815203703,18.485496787447804,-175.28363609141152
15.466925621032715,6.645901764327772,17.08995893615012,-174.99026488621405
15.477795839309692,6.645901764327772,17.08995893615012,-174.99026488621405
15.488683938980103,6.645901764327772,17.08995893615012,-174.99026488621405
15.499241352081299,6.645901764327772,17.08995893615012,-174.99026488621405
15.50973653793335,6.645901764327772,17.08995893615012,-174.99026488621405
15.521461725234985,6.467201905281387,15.113243218407991,-174.8720001781297
15.5325448513031,6.467201905281387,15.113243218407991,-174.8720001781297
15.543384790420532,6.467201905281387,15.113243218407991,-174.8720001781297
15.554259538650513,6.467201905281387,15.113243218407991,-174.8720001781297
15.567760467529297,5.7772282856872055,12.445137217915924,-174.95870084845268
15.578656196594238,5.7772282856872055,12.445137217915924,-174.95870084845268
15.589107751846313,5.7772282856872055,12.445137217915924,-174.95870084845268
15.599549770355225,5.7772282856872055,12.445137217915924,-174.95870084845268
15.610175132751465,5.7772282856872055,12.445137217915924,-174.95870084845268
15.621929407119751,4.825092053499242,10.349683006990034,-175.5485428971602
15.632768392562866,4.825092053499242,10.349683006990034,-175.5485428971602
15.64360523223877,4.825092053499242,10.349683006990034,-175.5485428971602
15.654430389404297,4.825092053499242,10.349683006990034,-175.5485428971602
15.667948484420776,4.441312864899561,9.895612372609193,-175.45527380793044
15.678446531295776,4.441312864899561,9.895612372609193,-175.45527380793044
15.689159393310547,4.441312864899561,9.895612372609193,-175.45527380793044
15.699596405029297,4.441312864899561,9.895612372609193,-175.45527380793044
15.710026502609253,4.441312864899561,9.895612372609193,-175.45527380793044
15.721758604049683,4.249771157122809,10.361185859273656,-175.08035787976405
15.732847929000854,4.249771157122809,10.361185859273656,-175.08035787976405
15.74370288848877,4.249771157122809,10.361185859273656,-175.08035787976405
15.754529237747192,4.249771157122809,10.361185859273656,-175.08035787976405
15.768017053604126,3.8633852183927995,9.72019863907893,-175.22487980991113
15.778936386108398,3.8633852183927995,9.72019863907893,-175.22487980991113
15.789424419403076,3.8633852183927995,9.72019863907893,-175.22487980991113
15.799866914749146,3.8633852183927995,9.72019863907893,-175.22487980991113
15.810293436050415,3.8633852183927995,9.72019863907893,-175.22487980991113
15.821930646896362,3.9594385793476077,10.026541776252708,-175.24706189662888
15.833005666732788,3.9594385793476077,10.026541776252708,-175.24706189662888
15.843875169754028,3.9594385793476077,10.026541776252708,-175.24706189662888
15.854720830917358,3.9594385793476077,10.026541776252708,-175.24706189662888
15.867471694946289,4.159634218188141,10.109259994993213,-175.01421057738332
15.8782799243927,4.159634218188141,10.109259994993213,-175.01421057738332
15.889163255691528,4.159634218188141,10.109259994993213,-175.01421057738332
15.899638652801514,4.159634218188141,10.109259994993213,-175.01421057738332
15.910082340240479,4.159634218188141,10.109259994993213,-175.01421057738332
15.921912670135498,4.527812092367201,9.725278993060584,-175.10375349536181
15.932718992233276,4.527812092367201,9.725278993060584,-175.10375349536181
15.943578958511353,4.527812092367201,9.725278993060584,-175.10375349536181
15.954441785812378,4.527812092367201,9.725278993060584,-175.10375349536181
15.96866226196289,4.904084871091195,9.312099827550776,-175.16744302342968
15.979538440704346,4.904084871091195,9.312099827550776,-175.16744302342968
15.989975690841675,4.904084871091195,9.312099827550776,-175.16744302342968
16.000457048416138,4.904084871091195,9.312099827550776,-175.16744302342968
16.010925769805908,4.904084871091195,9.312099827550776,-175.16744302342968
16.022600412368774,6.094020831745113,9.178694377708494,-174.81552904999953
16.033409595489502,6.094020831745113,9.178694377708494,-174.81552904999953
16.044246435165405,6.094020831745113,9.178694377708494,-174.81552904999953
16.055150747299194,6.094020831745113,9.178694377708494,-174.81552904999953
16.06861925125122,7.459961568775765,9.010506058342019,-174.0100134725925
16.079468965530396,7.459961568775765,9.010506058342019,-174.0100134725925
16.08988618850708,7.459961568775765,9.010506058342019,-174.0100134725925
16.10030245780945,7.459961568775765,9.010506058342019,-174.0100134725925
16.11077380180359,7.459961568775765,9.010506058342019,-174.0100134725925
16.12249493598938,8.810439164926485,8.940446419146104,-173.72117990476693
16.133450031280518,8.810439164926485,8.940446419146104,-173.72117990476693
16.144282817840576,8.810439164926485,8.940446419146104,-173.72117990476693
16.155112743377686,8.810439164926485,8.940446419146104,-173.72117990476693
16.16937232017517,10.522159931356175,8.17635556044563,-173.67437572799415
16.179901599884033,10.522159931356175,8.17635556044563,-173.67437572799415
16.190378427505493,10.522159931356175,8.17635556044563,-173.67437572799415
16.20082426071167,10.522159931356175,8.17635556044563,-173.67437572799415
16.211275339126587,10.522159931356175,8.17635556044563,-173.67437572799415
16.22297167778015,11.83271166249254,7.93456378277206,-173.86764029385577
16.23378610610962,11.83271166249254,7.93456378277206,-173.86764029385577
16.244582176208496,11.83271166249254,7.93456378277206,-173.86764029385577
16.2553493976593,11.83271166249254,7.93456378277206,-173.86764029385577
16.26880645751953,13.36290764186182,7.676335225607891,-173.95930456643367
16.279695510864258,13.36290764186182,7.676335225607891,-173.95930456643367
16.290153980255127,13.36290764186182,7.676335225607891,-173.95930456643367
16.300606966018677,13.36290764186182,7.676335225607891,-173.95930456643367
16.311034679412842,13.36290764186182,7.676335225607891,-173.95930456643367
16.322674036026,14.313065397701976,7.346614193590309,-174.0387893940082
16.33378291130066,14.313065397701976,7.346614193590309,-174.0387893940082
16.344610452651978,14.313065397701976,7.346614193590309,-174.0387893940082
16.35550856590271,14.313065397701976,7.346614193590309,-174.0387893940082
16.367326259613037,15.58002051794794,7.095173178010268,-174.11073727629673
16.378302335739136,15.58002051794794,7.095173178010268,-174.11073727629673
16.389256477355957,15.58002051794794,7.095173178010268,-174.11073727629673
16.40024161338806,15.58002051794794,7.095173178010268,-174.11073727629673
16.410777807235718,15.58002051794794,7.095173178010268,-174.11073727629673
16.422749519348145,16.390692683237862,6.682989541112351,-174.4489793549536
16.433650493621826,16.390692683237862,6.682989541112351,-174.4489793549536
16.44460439682007,16.390692683237862,6.682989541112351,-174.4489793549536
16.455572366714478,16.390692683237862,6.682989541112351,-174.4489793549536
16.46989393234253,17.443066867427,6.300246556945999,-174.49609249236707
16.480424404144287,17.443066867427,6.300246556945999,-174.49609249236707
16.490879774093628,17.443066867427,6.300246556945999,-174.49609249236707
16.50133776664734,17.443066867427,6.300246556945999,-174.49609249236707
16.511786699295044,17.443066867427,6.300246556945999,-174.49609249236707
16.523552179336548,18.751163899920204,5.856439914947937,-174.75085520633056
16.53446650505066,18.751163899920204,5.856439914947937,-174.75085520633056
16.545334577560425,18.751163899920204,5.856439914947937,-174.75085520633056
16.556246280670166,18.751163899920204,5.856439914947937,-174.75085520633056
16.569666147232056,19.981131860677653,5.507131086257211,-174.805487660106
16.58058261871338,19.981131860677653,5.507131086257211,-174.805487660106
16.591100215911865,19.981131860677653,5.507131086257211,-174.805487660106
16.601529836654663,19.981131860677653,5.507131086257211,-174.805487660106
16.611944913864136,19.981131860677653,5.507131086257211,-174.805487660106
16.62361788749695,20.784012181842844,5.012365513659319,-174.87346078448692
16.634480953216553,20.784012181842844,5.012365513659319,-174.87346078448692
16.64534902572632,20.784012181842844,5.012365513659319,-174.87346078448692
16.65624761581421,20.784012181842844,5.012365513659319,-174.87346078448692
16.669771909713745,21.49097116249995,4.67399825917745,-175.18570221446942
16.680317163467407,21.49097116249995,4.67399825917745,-175.18570221446942
16.69076132774353,21.49097116249995,4.67399825917745,-175.18570221446942
16.7011501789093,21.49097116249995,4.67399825917745,-175.18570221446942
16.711530447006226,21.49097116249995,4.67399825917745,-175.18570221446942
16.72327494621277,22.199538031804,4.216884323463809,-175.41977641748474
16.734370470046997,22.199538031804,4.216884323463809,-175.41977641748474
16.745225191116333,22.199538031804,4.216884323463809,-175.41977641748474
16.75609016418457,22.199538031804,4.216884323463809,-175.41977641748474
16.769608736038208,23.036728647010737,3.9284253442656,-175.5776147545615
16.78053855895996,23.036728647010737,3.9284253442656,-175.5776147545615
16.791088581085205,23.036728647010737,3.9284253442656,-175.5776147545615
16.80161428451538,23.036728647010737,3.9284253442656,-175.5776147545615
16.812351942062378,23.036728647010737,3.9284253442656,-175.5776147545615
16.824050426483154,23.59809054383959,3.6811562175012393,-175.54090606890472
16.834917545318604,23.59809054383959,3.6811562175012393,-175.54090606890472
16.84577202796936,23.59809054383959,3.6811562175012393,-175.54090606890472
16.856724977493286,23.59809054383959,3.6811562175012393,-175.54090606890472
16.86953067779541,24.152387719197385,3.396861251765811,-175.70198783563626
16.88035249710083,24.152387719197385,3.396861251765811,-175.70198783563626
16.89101219177246,24.152387719197385,3.396861251765811,-175.70198783563626
16.90151572227478,24.152387719197385,3.396861251765811,-175.70198783563626
16.912010192871094,24.152387719197385,3.396861251765811,-175.70198783563626
16.92366862297058,25.010428387592903,3.1197951168971385,-175.80271726612173
16.934483528137207,25.010428387592903,3.1197951168971385,-175.80271726612173
16.945289134979248,25.010428387592903,3.1197951168971385,-175.80271726612173
16.956138849258423,25.010428387592903,3.1197951168971385,-175.80271726612173
16.96777892112732,25.7009514678139,2.855042729988808,-175.86808372869595
16.97862482070923,25.7009514678139,2.855042729988808,-175.86808372869595
16.989457845687866,25.7009514678139,2.855042729988808,-175.86808372869595
17.000285625457764,25.7009514678139,2.855042729988808,-175.86808372869595
17.0111563205719,25.7009514678139,2.855042729988808,-175.86808372869595
17.022841691970825,26.261022978691063,2.7720121863785883,-175.7389175431254
17.033225059509277,26.261022978691063,2.7720121863785883,-175.7389175431254
17.04359745979309,26.261022978691063,2.7720121863785883,-175.7389175431254
17.053970098495483,26.261022978691063,2.7720121863785883,-175.7389175431254
17.066351652145386,26.83638306655043,2.6176905097869896,-175.7715679185512
17.077198028564453,26.83638306655043,2.6176905097869896,-175.7715679185512
17.088271141052246,26.83638306655043,2.6176905097869896,-175.7715679185512
17.099056005477905,26.83638306655043,2.6176905097869896,-175.7715679185512
17.109825372695923,26.83638306655043,2.6176905097869896,-175.7715679185512
17.123123168945312,27.213534343732004,2.3590035349260083,-175.79359657077634
17.13362431526184,27.213534343732004,2.3590035349260083,-175.79359657077634
17.144140481948853,27.213534343732004,2.3590035349260083,-175.79359657077634
17.155043125152588,27.213534343732004,2.3590035349260083,-175.79359657077634
17.16851830482483,27.575055988667103,2.146283968114418,-175.91400271959583
17.179364442825317,27.575055988667103,2.146283968114418,-175.91400271959583
17.190210342407227,27.575055988667103,2.146283968114418,-175.91400271959583
17.201110124588013,27.575055988667103,2.146283968114418,-175.91400271959583
17.21154808998108,27.575055988667103,2.146283968114418,-175.91400271959583
17.223166465759277,27.942675907637664,2.044764275933534,-176.0740325234454
17.23354434967041,27.942675907637664,2.044764275933534,-176.0740325234454
17.24397873878479,27.942675907637664,2.044764275933534,-176.0740325234454
17.254422426223755,27.942675907637664,2.044764275933534,-176.0740325234454
17.26676368713379,28.337363589949184,2.10241296603306,-175.9769540709756
17.277567625045776,28.337363589949184,2.10241296603306,-175.9769540709756
17.288387060165405,28.337363589949184,2.10241296603306,-175.9769540709756
17.29920768737793,28.337363589949184,2.10241296603306,-175.9769540709756
17.310011386871338,28.337363589949184,2.10241296603306,-175.9769540709756
17.323289155960083,28.570342207116024,1.9167843759060326,-176.18411430815823
17.333714485168457,28.570342207116024,1.9167843759060326,-176.18411430815823
17.344115018844604,28.570342207116024,1.9167843759060326,-176.18411430815823
17.354551076889038,28.570342207116024,1.9167843759060326,-176.18411430815823
17.36692500114441,28.714178287837797,1.6841569226157327,-176.44945198674765
17.3777277469635,28.714178287837797,1.6841569226157327,-176.44945198674765
17.388540506362915,28.714178287837797,1.6841569226157327,-176.44945198674765
17.399332523345947,28.714178287837797,1.6841569226157327,-176.44945198674765
17.410167694091797,28.714178287837797,1.6841569226157327,-176.44945198674765
17.423502683639526,28.848982500200837,1.7934809146793744,-176.41103004177032
17.433934926986694,28.848982500200837,1.7934809146793744,-176.41103004177032
17.44435453414917,28.848982500200837,1.7934809146793744,-176.41103004177032
17.455486297607422,28.848982500200837,1.7934809146793744,-176.41103004177032
17.46922516822815,28.689956125886933,1.6166705593520054,-176.40897479877842
17.480067014694214,28.689956125886933,1.6166705593520054,-176.40897479877842
17.490861892700195,28.689956125886933,1.6166705593520054,-176.40897479877842
17.501689672470093,28.689956125886933,1.6166705593520054,-176.40897479877842
17.512114763259888,28.689956125886933,1.6166705593520054,-176.40897479877842
17.524186611175537,28.979120221576544,1.7480781738914541,-176.33288771570625
17.534608602523804,28.979120221576544,1.7480781738914541,-176.33288771570625
17.545612335205078,28.979120221576544,1.7480781738914541,-176.33288771570625
17.55647325515747,28.979120221576544,1.7480781738914541,-176.33288771570625
17.569907426834106,29.081055492049533,1.6714836226809406,-176.49493557185917
17.58078384399414,29.081055492049533,1.6714836226809406,-176.49493557185917
17.591617584228516,29.081055492049533,1.6714836226809406,-176.49493557185917
17.60211753845215,29.081055492049533,1.6714836226809406,-176.49493557185917
17.612536668777466,29.081055492049533,1.6714836226809406,-176.49493557185917
17.624529123306274,29.299744667033075,1.732780030473951,-176.50280755092106
17.634986400604248,29.299744667033075,1.732780030473951,-176.50280755092106
17.645848035812378,29.299744667033075,1.732780030473951,-176.50280755092106
17.656664609909058,29.299744667033075,1.732780030473951,-176.50280755092106
17.67085027694702,29.432380361686608,1.7551635370939112,-176.43601896232406
17.681707859039307,29.432380361686608,1.7551635370939112,-176.43601896232406
17.69230890274048,29.432380361686608,1.7551635370939112,-176.43601896232406
17.70277500152588,29.432380361686608,1.7551635370939112,-176.43601896232406
17.713199138641357,29.432380361686608,1.7551635370939112,-176.43601896232406
17.72481942176819,29.305943900313842,1.539728741156389,-176.5675625222315
17.735892295837402,29.305943900313842,1.539728741156389,-176.5675625222315
17.746694803237915,29.305943900313842,1.539728741156389,-176.5675625222315
17.757506132125854,29.305943900313842,1.539728741156389,-176.5675625222315
17.77095627784729,29.419881544183728,1.6453429304415443,-176.45751794351511
17.7818021774292,29.419881544183728,1.6453429304415443,-176.45751794351511
17.79249119758606,29.419881544183728,1.6453429304415443,-176.45751794351511
17.802928686141968,29.419881544183728,1.6453429304415443,-176.45751794351511
17.813349962234497,29.419881544183728,1.6453429304415443,-176.45751794351511
17.824985027313232,29.513624472293714,1.6325302303932159,-176.47349088144583
17.83606505393982,29.513624472293714,1.6325302303932159,-176.47349088144583
17.846889972686768,29.513624472293714,1.6325302303932159,-176.47349088144583
17.85778832435608,29.513624472293714,1.6325302303932159,-176.47349088144583
17.871369123458862,29.61982454750062,1.5603122178216398,-176.5124028731812
17.88225030899048,29.61982454750062,1.5603122178216398,-176.5124028731812
17.892693281173706,29.61982454750062,1.5603122178216398,-176.5124028731812
17.903108835220337,29.61982454750062,1.5603122178216398,-176.5124028731812
17.913536071777344,29.61982454750062,1.5603122178216398,-176.5124028731812
17.92516279220581,29.699832284856,1.5497774669774371,-176.42607513564136
17.936002254486084,29.699832284856,1.5497774669774371,-176.42607513564136
17.946800708770752,29.699832284856,1.5497774669774371,-176.42607513564136
17.957609176635742,29.699832284856,1.5497774669774371,-176.42607513564136
17.971063375473022,29.782578338623424,1.420624265787862,-176.4664462735536
17.981910467147827,29.782578338623424,1.420624265787862,-176.4664462735536
17.992727518081665,29.782578338623424,1.420624265787862,-176.4664462735536
18.00314688682556,29.782578338623424,1.420624265787862,-176.4664462735536
18.013557195663452,29.782578338623424,1.420624265787862,-176.4664462735536
18.025194883346558,29.75345857999555,1.133975932013941,-176.66574679524717
18.035618543624878,29.75345857999555,1.133975932013941,-176.66574679524717
18.046451091766357,29.75345857999555,1.133975932013941,-176.66574679524717
18.057266235351562,29.75345857999555,1.133975932013941,-176.66574679524717
18.071572065353394,29.88613293491795,1.1283685345918837,-176.54922191488413
18.082546949386597,29.88613293491795,1.1283685345918837,-176.54922191488413
18.09301733970642,29.88613293491795,1.1283685345918837,-176.54922191488413
18.103421926498413,29.88613293491795,1.1283685345918837,-176.54922191488413
18.11379647254944,29.88613293491795,1.1283685345918837,-176.54922191488413
18.125404357910156,29.87040149576063,1.0937231429831547,-176.580670229721
18.13579249382019,29.87040149576063,1.0937231429831547,-176.580670229721
18.146618366241455,29.87040149576063,1.0937231429831547,-176.580670229721
18.157506465911865,29.87040149576063,1.0937231429831547,-176.580670229721
18.170994997024536,30.017833601302986,1.0254548236047234,-176.71949907574825
18.18186092376709,30.017833601302986,1.0254548236047234,-176.71949907574825
18.192721843719482,30.017833601302986,1.0254548236047234,-176.71949907574825
18.2031831741333,30.017833601302986,1.0254548236047234,-176.71949907574825
18.213592767715454,30.017833601302986,1.0254548236047234,-176.71949907574825
18.22547149658203,30.044739649972524,1.0960560785312574,-176.52603938679982
18.23583483695984,30.044739649972524,1.0960560785312574,-176.52603938679982
18.246263027191162,30.044739649972524,1.0960560785312574,-176.52603938679982
18.25709104537964,30.044739649972524,1.0960560785312574,-176.52603938679982
18.270540952682495,30.06747012165002,1.0840109946194645,-176.4564926858234
18.281374216079712,30.06747012165002,1.0840109946194645,-176.4564926858234
18.292136192321777,30.06747012165002,1.0840109946194645,-176.4564926858234
18.302977800369263,30.06747012165002,1.0840109946194645,-176.4564926858234
18.313373565673828,30.06747012165002,1.0840109946194645,-176.4564926858234
18.32541036605835,30.183164025562835,0.7616388960166843,-176.75171406644273
18.335774183273315,30.183164025562835,0.7616388960166843,-176.75171406644273
18.34684419631958,30.183164025562835,0.7616388960166843,-176.75171406644273
18.357678174972534,30.183164025562835,0.7616388960166843,-176.75171406644273
18.370535373687744,30.243093240159695,0.7743569970153255,-176.61679060418135
18.38148546218872,30.243093240159695,0.7743569970153255,-176.61679060418135
18.39198613166809,30.243093240159695,0.7743569970153255,-176.61679060418135
18.403214693069458,30.243093240159695,0.7743569970153255,-176.61679060418135
18.413650274276733,30.243093240159695,0.7743569970153255,-176.61679060418135
18.42595100402832,30.20647560112735,0.7229054841224308,-176.52974907575629
18.43705701828003,30.20647560112735,0.7229054841224308,-176.52974907575629
18.447879552841187,30.20647560112735,0.7229054841224308,-176.52974907575629
18.45867943763733,30.20647560112735,0.7229054841224308,-176.52974907575629
18.472153902053833,30.320197335501746,0.5054811100012984,-176.78298913072965
18.483066082000732,30.320197335501746,0.5054811100012984,-176.78298913072965
18.493546724319458,30.320197335501746,0.5054811100012984,-176.78298913072965
18.503987550735474,30.320197335501746,0.5054811100012984,-176.78298913072965
18.51446557044983,30.320197335501746,0.5054811100012984,-176.78298913072965
18.52617049217224,30.2718246773543,0.5291636220044753,-176.70496527505307
18.537173986434937,30.2718246773543,0.5291636220044753,-176.70496527505307
18.548067331314087,30.2718246773543,0.5291636220044753,-176.70496527505307
18.558557987213135,30.2718246773543,0.5291636220044753,-176.70496527505307
18.572766304016113,30.26419938907877,0.5153033117473304,-176.67970931610324
18.583582639694214,30.26419938907877,0.5153033117473304,-176.67970931610324
18.594048500061035,30.26419938907877,0.5153033117473304,-176.67970931610324
18.604540586471558,30.26419938907877,0.5153033117473304,-176.67970931610324
18.614966869354248,30.26419938907877,0.5153033117473304,-176.67970931610324
18.62658953666687,30.252768725216058,0.4441631126538581,-176.76389837647264
18.637359142303467,30.252768725216058,0.4441631126538581,-176.76389837647264
18.648192644119263,30.252768725216058,0.4441631126538581,-176.76389837647264
18.659067630767822,30.252768725216058,0.4441631126538581,-176.76389837647264
18.67333984375,30.271848506720055,0.5537017454978607,-176.66157464554095
18.683817863464355,30.271848506720055,0.5537017454978607,-176.66157464554095
18.694279432296753,30.271848506720055,0.5537017454978607,-176.66157464554095
18.704764366149902,30.271848506720055,0.5537017454978607,-176.66157464554095
18.71526050567627,30.271848506720055,0.5537017454978607,-176.66157464554095
18.726972579956055,30.18217496145714,0.514792307573789,-176.80374203970226
18.737820148468018,30.18217496145714,0.514792307573789,-176.80374203970226
18.748658895492554,30.18217496145714,0.514792307573789,-176.80374203970226
18.759494304656982,30.18217496145714,0.514792307573789,-176.80374203970226
18.77378273010254,29.82352506799391,0.645105360214279,-176.7948733988949
18.784287452697754,29.82352506799391,0.645105360214279,-176.7948733988949
18.794762134552002,29.82352506799391,0.645105360214279,-176.7948733988949
18.805216550827026,29.82352506799391,0.645105360214279,-176.7948733988949
18.81566548347473,29.82352506799391,0.645105360214279,-176.7948733988949
18.828053951263428,29.28293083191384,0.7501226217835857,-176.94843372788208
18.83894419670105,29.28293083191384,0.7501226217835857,-176.94843372788208
18.849810361862183,29.28293083191384,0.7501226217835857,-176.94843372788208
18.860658407211304,29.28293083191384,0.7501226217835857,-176.94843372788208
18.873471975326538,28.58992022108265,1.0091571308643457,-176.87697232637998
18.88413381576538,28.58992022108265,1.0091571308643457,-176.87697232637998
18.89462661743164,28.58992022108265,1.0091571308643457,-176.87697232637998
18.905096530914307,28.58992022108265,1.0091571308643457,-176.87697232637998
18.915557861328125,28.58992022108265,1.0091571308643457,-176.87697232637998
18.9272403717041,27.604409433601877,1.4088351807542465,-176.6139147824366
18.93809700012207,27.604409433601877,1.4088351807542465,-176.6139147824366
18.948967456817627,27.604409433601877,1.4088351807542465,-176.6139147824366
18.959813833236694,27.604409433601877,1.4088351807542465,-176.6139147824366
18.973291397094727,26.30520536594578,1.823010147752919,-176.48508599339257
18.984193563461304,26.30520536594578,1.823010147752919,-176.48508599339257
18.994674921035767,26.30520536594578,1.823010147752919,-176.48508599339257
19.005168676376343,26.30520536594578,1.823010147752919,-176.48508599339257
19.01565146446228,26.30520536594578,1.823010147752919,-176.48508599339257
19.02732276916504,24.90911954572833,2.3603207439104694,-176.24728824923184
19.038156747817993,24.90911954572833,2.3603207439104694,-176.24728824923184
19.049072980880737,24.90911954572833,2.3603207439104694,-176.24728824923184
19.059601068496704,24.90911954572833,2.3603207439104694,-176.24728824923184
19.07311511039734,23.74152384356088,3.1969448896417574,-175.74545154148592
19.084016799926758,23.74152384356088,3.1969448896417574,-175.74545154148592
19.094478368759155,23.74152384356088,3.1969448896417574,-175.74545154148592
19.104960441589355,23.74152384356088,3.1969448896417574,-175.74545154148592
19.11543917655945,23.74152384356088,3.1969448896417574,-175.74545154148592
19.12711763381958,22.49572356753193,3.394221445067411,-175.64274802887923
19.138076782226562,22.49572356753193,3.394221445067411,-175.64274802887923
19.148943662643433,22.49572356753193,3.394221445067411,-175.64274802887923
19.159845113754272,22.49572356753193,3.394221445067411,-175.64274802887923
19.174100160598755,21.449909480733016,4.070122467642724,-175.30377989060204
19.184967756271362,21.449909480733016,4.070122467642724,-175.30377989060204
19.19547152519226,21.449909480733016,4.070122467642724,-175.30377989060204
19.205949068069458,21.449909480733016,4.070122467642724,-175.30377989060204
19.21644639968872,21.449909480733016,4.070122467642724,-175.30377989060204
19.228859424591064,20.359151280084284,4.920408646426192,-174.86931797962538
19.239670991897583,20.359151280084284,4.920408646426192,-174.86931797962538
19.250450372695923,20.359151280084284,4.920408646426192,-174.86931797962538
19.261295318603516,20.359151280084284,4.920408646426192,-174.86931797962538
19.274944305419922,19.20878415079798,5.787230360798391,-174.52305441095518
19.28546953201294,19.20878415079798,5.787230360798391,-174.52305441095518
19.295929193496704,19.20878415079798,5.787230360798391,-174.52305441095518
19.306381464004517,19.20878415079798,5.787230360798391,-174.52305441095518
19.316826343536377,19.20878415079798,5.787230360798391,-174.52305441095518
19.32925248146057,18.183977542185563,6.649944924739888,-174.3294286157208
19.340096473693848,18.183977542185563,6.649944924739888,-174.3294286157208
19.35092568397522,18.183977542185563,6.649944924739888,-174.3294286157208
19.361763954162598,18.183977542185563,6.649944924739888,-174.3294286157208
19.374629497528076,16.999018035228147,7.121762574157976,-174.51162664589594
19.38515305519104,16.999018035228147,7.121762574157976,-174.51162664589594
19.39565896987915,16.999018035228147,7.121762574157976,-174.51162664589594
19.406086206436157,16.999018035228147,7.121762574157976,-174.51162664589594
19.416477918624878,16.999018035228147,7.121762574157976,-174.51162664589594
19.42805576324463,15.877924110194822,7.441453686766415,-174.40285344386442
19.43890142440796,15.877924110194822,7.441453686766415,-174.40285344386442
19.44981551170349,15.877924110194822,7.441453686766415,-174.40285344386442
19.460721731185913,15.877924110194822,7.441453686766415,-174.40285344386442
19.474217414855957,15.263093240007967,8.2368281887137,-174.06778443130023
19.485107421875,15.263093240007967,8.2368281887137,-174.06778443130023
19.49558925628662,15.263093240007967,8.2368281887137,-174.06778443130023
19.506072998046875,15.263093240007967,8.2368281887137,-174.06778443130023
19.516539573669434,15.263093240007967,8.2368281887137,-174.06778443130023
19.528207540512085,14.14524047699412,8.585831792504901,-173.80703857046865
19.53903889656067,14.14524047699412,8.585831792504901,-173.80703857046865
19.549924612045288,14.14524047699412,8.585831792504901,-173.80703857046865
19.56051516532898,14.14524047699412,8.585831792504901,-173.80703857046865
19.574044704437256,13.772459305744468,8.985496911361299,-173.5055591096888
19.58493447303772,13.772459305744468,8.985496911361299,-173.5055591096888
19.595381498336792,13.772459305744468,8.985496911361299,-173.5055591096888
19.605844020843506,13.772459305744468,8.985496911361299,-173.5055591096888
19.616307020187378,13.772459305744468,8.985496911361299,-173.5055591096888
19.62798833847046,13.478697526583455,9.029397185241734,-173.33406507280063
19.638833045959473,13.478697526583455,9.029397185241734,-173.33406507280063
19.649672269821167,13.478697526583455,9.029397185241734,-173.33406507280063
19.66055154800415,13.478697526583455,9.029397185241734,-173.33406507280063
19.674052238464355,13.087751777621303,9.283719335768042,-173.22298672489427
19.684924364089966,13.087751777621303,9.283719335768042,-173.22298672489427
19.69537663459778,13.087751777621303,9.283719335768042,-173.22298672489427
19.705819368362427,13.087751777621303,9.283719335768042,-173.22298672489427
19.716301679611206,13.087751777621303,9.283719335768042,-173.22298672489427
19.728012800216675,12.804441853132648,9.11903874816853,-173.26799833401574
19.739003896713257,12.804441853132648,9.11903874816853,-173.26799833401574
19.749835968017578,12.804441853132648,9.11903874816853,-173.26799833401574
19.760663270950317,12.804441853132648,9.11903874816853,-173.26799833401574
19.774118900299072,12.817104403506585,9.594514013365073,-173.09030696972076
19.785011053085327,12.817104403506585,9.594514013365073,-173.09030696972076
19.79555583000183,12.817104403506585,9.594514013365073,-173.09030696972076
19.806021690368652,12.817104403506585,9.594514013365073,-173.09030696972076
19.816476106643677,12.817104403506585,9.594514013365073,-173.09030696972076
19.828128576278687,12.811893199981009,9.451157844467446,-173.20035146864714
19.83922052383423,12.811893199981009,9.451157844467446,-173.20035146864714
19.850101709365845,12.811893199981009,9.451157844467446,-173.20035146864714
19.860966444015503,12.811893199981009,9.451157844467446,-173.20035146864714
19.87412166595459,12.642996365031607,9.204417172195647,-173.39864483860075
19.884962797164917,12.642996365031607,9.204417172195647,-173.39864483860075
19.895707607269287,12.642996365031607,9.204417172195647,-173.39864483860075
19.906172513961792,12.642996365031607,9.204417172195647,-173.39864483860075
19.916679859161377,12.642996365031607,9.204417172195647,-173.39864483860075
19.928327322006226,12.780142223389255,9.448553064965006,-173.23073306885377
19.938711166381836,12.780142223389255,9.448553064965006,-173.23073306885377
19.94946312904358,12.780142223389255,9.448553064965006,-173.23073306885377
19.960308074951172,12.780142223389255,9.448553064965006,-173.23073306885377
19.97386622428894,12.630466988804649,9.233890219871311,-173.40352613751335
19.984745264053345,12.630466988804649,9.233890219871311,-173.40352613751335
19.99557137489319,12.630466988804649,9.233890219871311,-173.40352613751335
20.005977153778076,12.630466988804649,9.233890219871311,-173.40352613751335
20.016491174697876,12.630466988804649,9.233890219871311,-173.40352613751335
20.028281927108765,12.66197792058813,9.219690088066642,-173.3524907469644
20.03873085975647,12.66197792058813,9.219690088066642,-173.3524907469644
20.04955768585205,12.66197792058813,9.219690088066642,-173.3524907469644
20.06040048599243,12.66197792058813,9.219690088066642,-173.3524907469644
20.07384419441223,12.749703244866264,9.274939926146704,-173.4448384134732
20.08471941947937,12.749703244866264,9.274939926146704,-173.4448384134732
20.095550537109375,12.749703244866264,9.274939926146704,-173.4448384134732
20.10603618621826,12.749703244866264,9.274939926146704,-173.4448384134732
20.11650276184082,12.749703244866264,9.274939926146704,-173.4448384134732
20.128495931625366,12.598940681113296,9.286839783908633,-173.48572212311564
20.139619827270508,12.598940681113296,9.286839783908633,-173.48572212311564
20.150455713272095,12.598940681113296,9.286839783908633,-173.48572212311564
20.16128158569336,12.598940681113296,9.286839783908633,-173.48572212311564
20.17470383644104,12.58274631275653,9.590586378789517,-173.33919176349372
20.1855525970459,12.58274631275653,9.590586378789517,-173.33919176349372
20.196162939071655,12.58274631275653,9.590586378789517,-173.33919176349372
20.206639289855957,12.58274631275653,9.590586378789517,-173.33919176349372
20.217205286026,12.58274631275653,9.590586378789517,-173.33919176349372
20.229037046432495,11.692838902109491,9.464002002380646,-173.5520385356415
20.239909887313843,11.692838902109491,9.464002002380646,-173.5520385356415
20.25076913833618,11.692838902109491,9.464002002380646,-173.5520385356415
20.261584520339966,11.692838902109491,9.464002002380646,-173.5520385356415
20.27501630783081,11.206393711589206,9.941778666693553,-173.19316586959263
20.285866498947144,11.206393711589206,9.941778666693553,-173.19316586959263
20.296366453170776,11.206393711589206,9.941778666693553,-173.19316586959263
20.30688500404358,11.206393711589206,9.941778666693553,-173.19316586959263
20.31731104850769,11.206393711589206,9.941778666693553,-173.19316586959263
20.32891273498535,10.037532678789466,10.284477903057054,-173.10719245845894
20.33997678756714,10.037532678789466,10.284477903057054,-173.10719245845894
20.350841760635376,10.037532678789466,10.284477903057054,-173.10719245845894
20.36172127723694,10.037532678789466,10.284477903057054,-173.10719245845894
20.376140117645264,8.4177458681395,10.851796380548762,-173.031542574493
20.386613845825195,8.4177458681395,10.851796380548762,-173.031542574493
20.397066354751587,8.4177458681395,10.851796380548762,-173.031542574493
20.407559871673584,8.4177458681395,10.851796380548762,-173.031542574493
20.41806435585022,8.4177458681395,10.851796380548762,-173.031542574493
20.430510997772217,6.962950730588656,11.607015517111053,-172.86531100150336
20.4413480758667,6.962950730588656,11.607015517111053,-172.86531100150336
20.452143669128418,6.962950730588656,11.607015517111053,-172.86531100150336
20.462915897369385,6.962950730588656,11.607015517111053,-172.86531100150336
20.47651720046997,5.574558895563698,12.5750829614594,-172.87231536639283
20.48703098297119,5.574558895563698,12.5750829614594,-172.87231536639283
20.497488021850586,5.574558895563698,12.5750829614594,-172.87231536639283
20.507964611053467,5.574558895563698,12.5750829614594,-172.87231536639283
20.51842761039734,5.574558895563698,12.5750829614594,-172.87231536639283
20.53087615966797,4.905447808888896,13.117234488124373,-172.7511625946442
20.541768550872803,4.905447808888896,13.117234488124373,-172.7511625946442
20.55268359184265,4.905447808888896,13.117234488124373,-172.7511625946442
20.563578605651855,4.905447808888896,13.117234488124373,-172.7511625946442
20.576358556747437,3.557087577778865,12.99832534114056,-172.99202809006678
20.586897134780884,3.557087577778865,12.99832534114056,-172.99202809006678
20.5973904132843,3.557087577778865,12.99832534114056,-172.99202809006678
20.607818126678467,3.557087577778865,12.99832534114056,-172.99202809006678
20.618220806121826,3.557087577778865,12.99832534114056,-172.99202809006678
20.629822969436646,2.1251646964880373,13.499158691951166,-173.08074767101195
20.640690803527832,2.1251646964880373,13.499158691951166,-173.08074767101195
20.651655673980713,2.1251646964880373,13.499158691951166,-173.08074767101195
20.662614345550537,2.1251646964880373,13.499158691951166,-173.08074767101195
20.676912307739258,1.072901991377584,14.146824899211378,-172.95552577752855
20.687397003173828,1.072901991377584,14.146824899211378,-172.95552577752855
20.697887420654297,1.072901991377584,14.146824899211378,-172.95552577752855
20.708391666412354,1.072901991377584,14.146824899211378,-172.95552577752855
20.718846082687378,1.072901991377584,14.146824899211378,-172.95552577752855
20.731233596801758,-0.4167345744173364,13.933208546965288,-173.07815982145752
20.742058277130127,-0.4167345744173364,13.933208546965288,-173.07815982145752
20.75293755531311,-0.4167345744173364,13.933208546965288,-173.07815982145752
20.76381754875183,-0.4167345744173364,13.933208546965288,-173.07815982145752
20.777432203292847,-2.0635521343584555,13.246815744648607,-173.8492962886801
20.78789234161377,-2.0635521343584555,13.246815744648607,-173.8492962886801
20.798317432403564,-2.0635521343584555,13.246815744648607,-173.8492962886801
20.808769702911377,-2.0635521343584555,13.246815744648607,-173.8492962886801
20.81924295425415,-2.0635521343584555,13.246815744648607,-173.8492962886801
20.8316388130188,-2.8166334397085877,13.438481741116842,-173.79783669537295
20.842483282089233,-2.8166334397085877,13.438481741116842,-173.79783669537295
20.85332489013672,-2.8166334397085877,13.438481741116842,-173.79783669537295
20.864221572875977,-2.8166334397085877,13.438481741116842,-173.79783669537295
20.875954627990723,-3.676567697606954,13.637761974812852,-173.75473908196628
20.886807680130005,-3.676567697606954,13.637761974812852,-173.75473908196628
20.89725637435913,-3.676567697606954,13.637761974812852,-173.75473908196628
20.907674074172974,-3.676567697606954,13.637761974812852,-173.75473908196628
20.918125867843628,-3.676567697606954,13.637761974812852,-173.75473908196628
20.929797887802124,-4.034617947575092,13.777916012742658,-173.6179978352751
20.940224647521973,-4.034617947575092,13.777916012742658,-173.6179978352751
20.95103907585144,-4.034617947575092,13.777916012742658,-173.6179978352751
20.961833715438843,-4.034617947575092,13.777916012742658,-173.6179978352751
20.97526502609253,-4.6307472885993874,13.850350580043543,-173.43648872022547
20.986138820648193,-4.6307472885993874,13.850350580043543,-173.43648872022547
20.996981382369995,-4.6307472885993874,13.850350580043543,-173.43648872022547
21.007425785064697,-4.6307472885993874,13.850350580043543,-173.43648872022547
21.017865896224976,-4.6307472885993874,13.850350580043543,-173.43648872022547
21.029829502105713,-4.9652759617080084,14.17476148545353,-173.30463374007056
21.040270805358887,-4.9652759617080084,14.17476148545353,-173.30463374007056
21.05111026763916,-4.9652759617080084,14.17476148545353,-173.30463374007056
21.06194806098938,-4.9652759617080084,14.17476148545353,-173.30463374007056
21.07620143890381,-5.819760183268141,13.62583956233753,-173.4756565099782
21.08708691596985,-5.819760183268141,13.62583956233753,-173.4756565099782
21.097584009170532,-5.819760183268141,13.62583956233753,-173.4756565099782
21.10802936553955,-5.819760183268141,13.62583956233753,-173.4756565099782
21.118457317352295,-5.819760183268141,13.62583956233753,-173.4756565099782
21.130122423171997,-6.5071941772800415,13.307844517047574,-173.72375111808918
21.14117980003357,-6.5071941772800415,13.307844517047574,-173.72375111808918
21.152014017105103,-6.5071941772800415,13.307844517047574,-173.72375111808918
21.162843227386475,-6.5071941772800415,13.307844517047574,-173.72375111808918
21.176312685012817,-7.071441040168977,12.931268085247808,-174.06361970525782
21.187658309936523,-7.071441040168977,12.931268085247808,-174.06361970525782
21.19849419593811,-7.071441040168977,12.931268085247808,-174.06361970525782
21.209299564361572,-7.071441040168977,12.931268085247808,-174.06361970525782
21.21981430053711,-7.071441040168977,12.931268085247808,-174.06361970525782
21.232249975204468,-7.541899741333714,13.014999596261964,-174.0709427181531
21.24306321144104,-7.541899741333714,13.014999596261964,-174.0709427181531
21.25386357307434,-7.541899741333714,13.014999596261964,-174.0709427181531
21.26478624343872,-7.541899741333714,13.014999596261964,-174.0709427181531
21.278452157974243,-8.007335963739306,13.474885010978399,-174.05270444995284
21.288881301879883,-8.007335963739306,13.474885010978399,-174.05270444995284
21.29929804801941,-8.007335963739306,13.474885010978399,-174.05270444995284
21.309703588485718,-8.007335963739306,13.474885010978399,-174.05270444995284
21.320114612579346,-8.007335963739306,13.474885010978399,-174.05270444995284
21.3324933052063,-8.850027022730515,13.394275888283358,-174.27798252851747
21.343286752700806,-8.850027022730515,13.394275888283358,-174.27798252851747
21.354084253311157,-8.850027022730515,13.394275888283358,-174.27798252851747
21.3648579120636,-8.850027022730515,13.394275888283358,-174.27798252851747
21.377742052078247,-9.388406850854832,13.35533522890315,-174.52001258707458
21.388159036636353,-9.388406850854832,13.35533522890315,-174.52001258707458
21.398568630218506,-9.388406850854832,13.35533522890315,-174.52001258707458
21.40896224975586,-9.388406850854832,13.35533522890315,-174.52001258707458
21.419366598129272,-9.388406850854832,13.35533522890315,-174.52001258707458
21.4310462474823,-9.589444882108905,13.614779956203096,-174.443227736517
21.441977739334106,-9.589444882108905,13.614779956203096,-174.443227736517
21.452747344970703,-9.589444882108905,13.614779956203096,-174.443227736517
21.463553190231323,-9.589444882108905,13.614779956203096,-174.443227736517
21.47781801223755,-9.924850782768745,13.703960732646268,-174.37535847181303
21.488224744796753,-9.924850782768745,13.703960732646268,-174.37535847181303
21.498626470565796,-9.924850782768745,13.703960732646268,-174.37535847181303
21.5090229511261,-9.924850782768745,13.703960732646268,-174.37535847181303
21.51940608024597,-9.924850782768745,13.703960732646268,-174.37535847181303
21.53121852874756,-9.99674640804613,13.789157362897543,-174.3486915823901
21.542234659194946,-9.99674640804613,13.789157362897543,-174.3486915823901
21.553576231002808,-9.99674640804613,13.789157362897543,-174.3486915823901
21.56422519683838,-9.99674640804613,13.789157362897543,-174.3486915823901
21.5785014629364,-10.226668405453687,13.513901282800276,-174.4089308544536
21.588988542556763,-10.226668405453687,13.513901282800276,-174.4089308544536
21.599478483200073,-10.226668405453687,13.513901282800276,-174.4089308544536
21.609984874725342,-10.226668405453687,13.513901282800276,-174.4089308544536
21.62044906616211,-10.226668405453687,13.513901282800276,-174.4089308544536
21.6329288482666,-10.288019333327718,13.486709858310997,-174.50536733987906
21.64380168914795,-10.288019333327718,13.486709858310997,-174.50536733987906
21.654694080352783,-10.288019333327718,13.486709858310997,-174.50536733987906
21.66553568840027,-10.288019333327718,13.486709858310997,-174.50536733987906
21.679101943969727,-10.2941660617077,13.750452909950539,-174.27377849458009
21.68951940536499,-10.2941660617077,13.750452909950539,-174.27377849458009
21.699917554855347,-10.2941660617077,13.750452909950539,-174.27377849458009
21.710306882858276,-10.2941660617077,13.750452909950539,-174.27377849458009
21.72070860862732,-10.2941660617077,13.750452909950539,-174.27377849458009
21.73380970954895,-10.137955952803074,14.116922811056911,-174.03742022381468
21.7445969581604,-10.137955952803074,14.116922811056911,-174.03742022381468
21.755396842956543,-10.137955952803074,14.116922811056911,-174.03742022381468
21.766167879104614,-10.137955952803074,14.116922811056911,-174.03742022381468
21.77971076965332,-10.29607017376106,13.940879711771542,-174.0555384412394
21.790112733840942,-10.29607017376106,13.940879711771542,-174.0555384412394
21.80050563812256,-10.29607017376106,13.940879711771542,-174.0555384412394
21.810892343521118,-10.29607017376106,13.940879711771542,-174.0555384412394
21.822572231292725,-10.321048823952498,14.031673612608708,-173.93850913094863
21.83336567878723,-10.321048823952498,14.031673612608708,-173.93850913094863
21.84413743019104,-10.321048823952498,14.031673612608708,-173.93850913094863
21.85491108894348,-10.321048823952498,14.031673612608708,-173.93850913094863
21.865686178207397,-10.321048823952498,14.031673612608708,-173.93850913094863
21.878520488739014,-10.337500337688454,13.84657559928543,-173.8897692723248
21.88891911506653,-10.337500337688454,13.84657559928543,-173.8897692723248
21.899306535720825,-10.337500337688454,13.84657559928543,-173.8897692723248
21.909688472747803,-10.337500337688454,13.84657559928543,-173.8897692723248
21.920063495635986,-10.337500337688454,13.84657559928543,-173.8897692723248
21.93171787261963,-10.373448763806142,13.651669727520632,-173.94795692054456
21.94268536567688,-10.373448763806142,13.651669727520632,-173.94795692054456
21.95345425605774,-10.373448763806142,13.651669727520632,-173.94795692054456
21.964226245880127,-10.373448763806142,13.651669727520632,-173.94795692054456
21.97845959663391,-10.434730451411397,13.692527947661254,-173.937793098612
21.98894715309143,-10.434730451411397,13.692527947661254,-173.937793098612
21.999341249465942,-10.434730451411397,13.692527947661254,-173.937793098612
22.009721279144287,-10.434730451411397,13.692527947661254,-173.937793098612
22.020101070404053,-10.434730451411397,13.692527947661254,-173.937793098612
22.03175449371338,-10.374884035916327,13.576552547946738,-173.92838273081563
22.042601585388184,-10.374884035916327,13.576552547946738,-173.92838273081563
22.05337381362915,-10.374884035916327,13.576552547946738,-173.92838273081563
22.06414270401001,-10.374884035916327,13.576552547946738,-173.92838273081563
22.07830500602722,-10.473729255383901,13.624276278303853,-174.007083190925
22.089102745056152,-10.473729255383901,13.624276278303853,-174.007083190925
22.099497318267822,-10.473729255383901,13.624276278303853,-174.007083190925
22.109890460968018,-10.473729255383901,13.624276278303853,-174.007083190925
22.120279788970947,-10.473729255383901,13.624276278303853,-174.007083190925
22.131934642791748,-10.40755494507221,13.291622307931254,-174.11325300642827
22.142760515213013,-10.40755494507221,13.291622307931254,-174.11325300642827
22.153544902801514,-10.40755494507221,13.291622307931254,-174.11325300642827
22.164337396621704,-10.40755494507221,13.291622307931254,-174.11325300642827
22.178520441055298,-10.385260561804834,13.203343820085099,-174.2019199385111
22.189228534698486,-10.385260561804834,13.203343820085099,-174.2019199385111
22.19961714744568,-10.385260561804834,13.203343820085099,-174.2019199385111
22.21000099182129,-10.385260561804834,13.203343820085099,-174.2019199385111
22.2204008102417,-10.385260561804834,13.203343820085099,-174.2019199385111
22.232057571411133,-10.348966153220502,13.248376131618707,-174.0815627766032
22.242891550064087,-10.348966153220502,13.248376131618707,-174.0815627766032
22.25329875946045,-10.348966153220502,13.248376131618707,-174.0815627766032
22.264079809188843,-10.348966153220502,13.248376131618707,-174.0815627766032
22.27828288078308,-10.23908032969021,13.253013495852073,-174.11246476945394
22.289085626602173,-10.23908032969021,13.253013495852073,-174.11246476945394
22.29947781562805,-10.23908032969021,13.253013495852073,-174.11246476945394
22.309868097305298,-10.23908032969021,13.253013495852073,-174.11246476945394
22.320253133773804,-10.23908032969021,13.253013495852073,-174.11246476945394
22.33192801475525,-10.377465188457757,13.175427975879735,-174.12087558441425
22.34264898300171,-10.377465188457757,13.175427975879735,-174.12087558441425
22.353429079055786,-10.377465188457757,13.175427975879735,-174.12087558441425
22.36431622505188,-10.377465188457757,13.175427975879735,-174.12087558441425
22.377944469451904,-10.370774090779353,13.284767388772439,-174.22844157181055
22.388750791549683,-10.370774090779353,13.284767388772439,-174.22844157181055
22.39956569671631,-10.370774090779353,13.284767388772439,-174.22844157181055
22.40996217727661,-10.370774090779353,13.284767388772439,-174.22844157181055
22.420350551605225,-10.370774090779353,13.284767388772439,-174.22844157181055
22.432103872299194,-10.399938919982203,13.114850018891294,-174.17470966286524
22.442506074905396,-10.399938919982203,13.114850018891294,-174.17470966286524
22.453292846679688,-10.399938919982203,13.114850018891294,-174.17470966286524
22.464088678359985,-10.399938919982203,13.114850018891294,-174.17470966286524
22.47827386856079,-10.349476668868185,13.49138561276631,-174.0520946688486
22.48906683921814,-10.349476668868185,13.49138561276631,-174.0520946688486
22.4997296333313,-10.349476668868185,13.49138561276631,-174.0520946688486
22.510123252868652,-10.349476668868185,13.49138561276631,-174.0520946688486
22.52051067352295,-10.349476668868185,13.49138561276631,-174.0520946688486
22.532262563705444,-10.45325190591052,13.236386231131052,-174.057129391599
22.543341875076294,-10.45325190591052,13.236386231131052,-174.057129391599
22.55412197113037,-10.45325190591052,13.236386231131052,-174.057129391599
22.564900636672974,-10.45325190591052,13.236386231131052,-174.057129391599
22.579103231430054,-10.457754606135707,13.164164151383103,-174.07243821269992
22.589935541152954,-10.457754606135707,13.164164151383103,-174.07243821269992
22.600395917892456,-10.457754606135707,13.164164151383103,-174.07243821269992
22.61080002784729,-10.457754606135707,13.164164151383103,-174.07243821269992
22.621217966079712,-10.457754606135707,13.164164151383103,-174.07243821269992
22.632903814315796,-10.41462110752201,13.208551237132362,-174.02152030621718
22.643690824508667,-10.41462110752201,13.208551237132362,-174.02152030621718
22.654459238052368,-10.41462110752201,13.208551237132362,-174.02152030621718
22.66523027420044,-10.41462110752201,13.208551237132362,-174.02152030621718
22.679466485977173,-10.548746722803761,13.000080426998373,-174.06791880787554
22.69004988670349,-10.548746722803761,13.000080426998373,-174.06791880787554
22.70045018196106,-10.548746722803761,13.000080426998373,-174.06791880787554
22.71083664894104,-10.548746722803761,13.000080426998373,-174.06791880787554
22.721431970596313,-10.548746722803761,13.000080426998373,-174.06791880787554
22.733134984970093,-10.489123592390058,13.15676043739802,-174.09660569337674
22.743948459625244,-10.489123592390058,13.15676043739802,-174.09660569337674
22.754334211349487,-10.489123592390058,13.15676043739802,-174.09660569337674
22.765195608139038,-10.489123592390058,13.15676043739802,-174.09660569337674
22.77943730354309,-10.603430857370844,13.046774392088324,-174.06428627520336
22.790188550949097,-10.603430857370844,13.046774392088324,-174.06428627520336
22.800609588623047,-10.603430857370844,13.046774392088324,-174.06428627520336
22.811031341552734,-10.603430857370844,13.046774392088324,-174.06428627520336
22.82144784927368,-10.603430857370844,13.046774392088324,-174.06428627520336
22.833160877227783,-10.661894777408797,13.095572609124462,-174.1026907011574
22.843955755233765,-10.661894777408797,13.095572609124462,-174.1026907011574
22.854843139648438,-10.661894777408797,13.095572609124462,-174.1026907011574
22.865702152252197,-10.661894777408797,13.095572609124462,-174.1026907011574
22.879313230514526,-10.67959908154086,13.107512661152647,-174.07089519719395
22.890167236328125,-10.67959908154086,13.107512661152647,-174.07089519719395
22.900579929351807,-10.67959908154086,13.107512661152647,-174.07089519719395
22.91099715232849,-10.67959908154086,13.107512661152647,-174.07089519719395
22.921394109725952,-10.67959908154086,13.107512661152647,-174.07089519719395
22.93307662010193,-10.677550619265864,13.07448235631867,-174.10948159882426
22.943487644195557,-10.677550619265864,13.07448235631867,-174.10948159882426
22.954291820526123,-10.677550619265864,13.07448235631867,-174.10948159882426
22.965095043182373,-10.677550619265864,13.07448235631867,-174.10948159882426
22.97929096221924,-10.730262630442853,13.170473793380925,-174.0395558664479
22.99015736579895,-10.730262630442853,13.170473793380925,-174.0395558664479
23.000598907470703,-10.730262630442853,13.170473793380925,-174.0395558664479
23.011003971099854,-10.730262630442853,13.170473793380925,-174.0395558664479
23.021393299102783,-10.730262630442853,13.170473793380925,-174.0395558664479
23.033069610595703,-10.712963612750363,12.935400161585584,-174.11625619051472
23.04416799545288,-10.712963612750363,12.935400161585584,-174.11625619051472
23.054960250854492,-10.712963612750363,12.935400161585584,-174.11625619051472
23.06572723388672,-10.712963612750363,12.935400161585584,-174.11625619051472
23.079944849014282,-10.772239832845282,12.969713407632428,-174.09000323474177
23.09066104888916,-10.772239832845282,12.969713407632428,-174.09000323474177
23.101067304611206,-10.772239832845282,12.969713407632428,-174.09000323474177
23.111459016799927,-10.772239832845282,12.969713407632428,-174.09000323474177
23.12184190750122,-10.772239832845282,12.969713407632428,-174.09000323474177
23.13350796699524,-10.765337349835004,13.043052362595114,-173.98949461934356
23.144307374954224,-10.765337349835004,13.043052362595114,-173.98949461934356
23.15509819984436,-10.765337349835004,13.043052362595114,-173.98949461934356
23.16588807106018,-10.765337349835004,13.043052362595114,-173.98949461934356
23.18010187149048,-10.767030564575133,12.906268160530534,-174.0837582462053
23.190815925598145,-10.767030564575133,12.906268160530534,-174.0837582462053
23.201202154159546,-10.767030564575133,12.906268160530534,-174.0837582462053
23.211645126342773,-10.767030564575133,12.906268160530534,-174.0837582462053
23.22207498550415,-10.767030564575133,12.906268160530534,-174.0837582462053
23.233768224716187,-10.92065021350463,12.96543927046923,-174.0845942333799
23.24456524848938,-10.92065021350463,12.96543927046923,-174.0845942333799
23.25497603416443,-10.92065021350463,12.96543927046923,-174.0845942333799
23.26575469970703,-10.92065021350463,12.96543927046923,-174.0845942333799
23.288027048110962,-10.900749767890035,12.881530414210204,-174.1314958883915
23.298943996429443,-10.900749767890035,12.881530414210204,-174.1314958883915
23.309833765029907,-10.900749767890035,12.881530414210204,-174.1314958883915
23.320690631866455,-10.900749767890035,12.881530414210204,-174.1314958883915
23.3326416015625,-11.01486016729998,12.751559759596198,-174.22384686152418
23.343048810958862,-11.01486016729998,12.751559759596198,-174.22384686152418
23.35343647003174,-11.01486016729998,12.751559759596198,-174.22384686152418
23.363824605941772,-11.01486016729998,12.751559759596198,-174.22384686152418
23.376184940338135,-10.935806127133858,12.795460415155404,-174.162783101778
23.386959314346313,-10.935806127133858,12.795460415155404,-174.162783101778
23.39773988723755,-10.935806127133858,12.795460415155404,-174.162783101778
23.408500909805298,-10.935806127133858,12.795460415155404,-174.162783101778
23.419283628463745,-10.935806127133858,12.795460415155404,-174.162783101778
23.432615995407104,-10.916713544014664,12.737537702502548,-174.1624180805428
23.44301462173462,-10.916713544014664,12.737537702502548,-174.1624180805428
23.453394651412964,-10.916713544014664,12.737537702502548,-174.1624180805428
23.463778495788574,-10.916713544014664,12.737537702502548,-174.1624180805428
23.4761323928833,-10.891699363438429,12.861989987298811,-174.1073094381827
23.48691749572754,-10.891699363438429,12.861989987298811,-174.1073094381827
23.497690439224243,-10.891699363438429,12.861989987298811,-174.1073094381827
23.508466243743896,-10.891699363438429,12.861989987298811,-174.1073094381827
23.519262075424194,-10.891699363438429,12.861989987298811,-174.1073094381827
23.53255534172058,-10.864067436545428,13.001290944022509,-174.0384395681371
23.54295301437378,-10.864067436545428,13.001290944022509,-174.0384395681371
23.553338766098022,-10.864067436545428,13.001290944022509,-174.0384395681371
23.563730478286743,-10.864067436545428,13.001290944022509,-174.0384395681371
23.575395822525024,-10.955831224876292,12.906057506246375,-174.06157227487262
23.586199522018433,-10.955831224876292,12.906057506246375,-174.06157227487262
23.597002029418945,-10.955831224876292,12.906057506246375,-174.06157227487262
23.60779619216919,-10.955831224876292,12.906057506246375,-174.06157227487262
23.618565320968628,-10.955831224876292,12.906057506246375,-174.06157227487262
23.631365537643433,-11.030026349490608,12.784619140787711,-174.114890262419
23.64182138442993,-11.030026349490608,12.784619140787711,-174.114890262419
23.652226448059082,-11.030026349490608,12.784619140787711,-174.114890262419
23.662622451782227,-11.030026349490608,12.784619140787711,-174.114890262419
23.673017978668213,-11.030026349490608,12.784619140787711,-174.114890262419
23.684712886810303,-11.108959785462288,12.856571799472674,-174.15120500850787
23.69569492340088,-11.108959785462288,12.856571799472674,-174.15120500850787
23.70646071434021,-11.108959785462288,12.856571799472674,-174.15120500850787
23.717280626296997,-11.108959785462288,12.856571799472674,-174.15120500850787
23.73149871826172,-11.13314796752048,12.657831781489127,-174.17090305206773
23.74189829826355,-11.13314796752048,12.657831781489127,-174.17090305206773
23.75229525566101,-11.13314796752048,12.657831781489127,-174.17090305206773
23.76268696784973,-11.13314796752048,12.657831781489127,-174.17090305206773
23.773086547851562,-11.13314796752048,12.657831781489127,-174.17090305206773
23.78477191925049,-11.12219951848078,12.844748873602411,-174.13747663261785
23.795581102371216,-11.12219951848078,12.844748873602411,-174.13747663261785
23.80638551712036,-11.12219951848078,12.844748873602411,-174.13747663261785
23.817188262939453,-11.12219951848078,12.844748873602411,-174.13747663261785
23.83138346672058,-11.114352644056103,12.620424787192569,-174.17967913225903
23.841833114624023,-11.114352644056103,12.620424787192569,-174.17967913225903
23.85222554206848,-11.114352644056103,12.620424787192569,-174.17967913225903
23.862610816955566,-11.114352644056103,12.620424787192569,-174.17967913225903
23.873000621795654,-11.114352644056103,12.620424787192569,-174.17967913225903
23.88468861579895,-11.135106023546715,12.479901543272815,-174.2542562705812
23.895681619644165,-11.135106023546715,12.479901543272815,-174.2542562705812
23.906482934951782,-11.135106023546715,12.479901543272815,-174.2542562705812
23.917280673980713,-11.135106023546715,12.479901543272815,-174.2542562705812
23.931471347808838,-11.048108921880303,12.714872436414467,-174.18879435997198
23.94196653366089,-11.048108921880303,12.714872436414467,-174.18879435997198
23.952354907989502,-11.048108921880303,12.714872436414467,-174.18879435997198
23.96276617050171,-11.048108921880303,12.714872436414467,-174.18879435997198
23.973159313201904,-11.048108921880303,12.714872436414467,-174.18879435997198
23.98482918739319,-11.104706550851063,12.52823564131683,-174.1143446505788
23.995628118515015,-11.104706550851063,12.52823564131683,-174.1143446505788
24.006423473358154,-11.104706550851063,12.52823564131683,-174.1143446505788
24.01720118522644,-11.104706550851063,12.52823564131683,-174.1143446505788
24.03140902519226,-11.073535679150448,12.780183133749938,-174.11958751362383
24.042123317718506,-11.073535679150448,12.780183133749938,-174.11958751362383
24.05252981185913,-11.073535679150448,12.780183133749938,-174.11958751362383
24.062925100326538,-11.073535679150448,12.780183133749938,-174.11958751362383
24.073323488235474,-11.073535679150448,12.780183133749938,-174.11958751362383
24.084988117218018,-10.99863243031403,12.521524496945151,-174.04593038479993
24.09578585624695,-10.99863243031403,12.521524496945151,-174.04593038479993
24.10656213760376,-10.99863243031403,12.521524496945151,-174.04593038479993
24.117337465286255,-10.99863243031403,12.521524496945151,-174.04593038479993
24.131558179855347,-10.802214919302576,12.406226000649713,-174.0858831736056
24.142285346984863,-10.802214919302576,12.406226000649713,-174.0858831736056
24.152677059173584,-10.802214919302576,12.406226000649713,-174.0858831736056
24.16307306289673,-10.802214919302576,12.406226000649713,-174.0858831736056
24.17346215248108,-10.802214919302576,12.406226000649713,-174.0858831736056
24.18511939048767,-10.720266700807302,12.34333146786269,-174.16312082009227
24.195513248443604,-10.720266700807302,12.34333146786269,-174.16312082009227
24.206295251846313,-10.720266700807302,12.34333146786269,-174.16312082009227
24.217072010040283,-10.720266700807302,12.34333146786269,-174.16312082009227
24.231276750564575,-10.683087316887415,12.25451379533422,-174.17970169473455
24.242075443267822,-10.683087316887415,12.25451379533422,-174.17970169473455
24.252475023269653,-10.683087316887415,12.25451379533422,-174.17970169473455
24.262871026992798,-10.683087316887415,12.25451379533422,-174.17970169473455
24.27326726913452,-10.683087316887415,12.25451379533422,-174.17970169473455
24.284987688064575,-10.627155585195057,12.332465108693942,-174.21630187750606
24.296103715896606,-10.627155585195057,12.332465108693942,-174.21630187750606
24.306983470916748,-10.627155585195057,12.332465108693942,-174.21630187750606
24.3178288936615,-10.627155585195057,12.332465108693942,-174.21630187750606
24.33206844329834,-10.541881490911543,12.375045620976993,-174.1616048590999
24.342608213424683,-10.541881490911543,12.375045620976993,-174.1616048590999
24.353002786636353,-10.541881490911543,12.375045620976993,-174.1616048590999
24.36338710784912,-10.541881490911543,12.375045620976993,-174.1616048590999
24.37377429008484,-10.541881490911543,12.375045620976993,-174.1616048590999
24.385478258132935,-10.490194434577004,12.496856079925752,-174.11774451839574
24.39629864692688,-10.490194434577004,12.496856079925752,-174.11774451839574
24.407068729400635,-10.490194434577004,12.496856079925752,-174.11774451839574
24.41784167289734,-10.490194434577004,12.496856079925752,-174.11774451839574
24.43206787109375,-10.62267018225519,12.491881578793324,-174.03165043839508
24.442740201950073,-10.62267018225519,12.491881578793324,-174.03165043839508
24.453197956085205,-10.62267018225519,12.491881578793324,-174.03165043839508
24.463617086410522,-10.62267018225519,12.491881578793324,-174.03165043839508
24.474021673202515,-10.62267018225519,12.491881578793324,-174.03165043839508
24.48573088645935,-10.627620453172822,12.595967777292696,-173.9847669668193
24.496533155441284,-10.627620453172822,12.595967777292696,-173.9847669668193
24.507356882095337,-10.627620453172822,12.595967777292696,-173.9847669668193
24.518131017684937,-10.627620453172822,12.595967777292696,-173.9847669668193
24.532356023788452,-10.640833887952157,12.4896280655182,-173.99840922550925
24.542898178100586,-10.640833887952157,12.4896280655182,-173.99840922550925
24.5532968044281,-10.640833887952157,12.4896280655182,-173.99840922550925
24.56369400024414,-10.640833887952157,12.4896280655182,-173.99840922550925
24.57408094406128,-10.640833887952157,12.4896280655182,-173.99840922550925
24.585760831832886,-10.585310911362129,12.519016225868704,-173.95277548264488
24.596720933914185,-10.585310911362129,12.519016225868704,-173.95277548264488
24.607516765594482,-10.585310911362129,12.519016225868704,-173.95277548264488
24.618284702301025,-10.585310911362129,12.519016225868704,-173.95277548264488
24.63249158859253,-10.44759439391478,12.289164951373888,-173.96752301202164
24.64305830001831,-10.44759439391478,12.289164951373888,-173.96752301202164
24.65345001220703,-10.44759439391478,12.289164951373888,-173.96752301202164
24.66384267807007,-10.44759439391478,12.289164951373888,-173.96752301202164
24.674222707748413,-10.44759439391478,12.289164951373888,-173.96752301202164
24.68589472770691,-10.263589171440392,12.136501437942464,-174.11245433799078
24.696292638778687,-10.263589171440392,12.136501437942464,-174.11245433799078
24.707066535949707,-10.263589171440392,12.136501437942464,-174.11245433799078
24.717839002609253,-10.263589171440392,12.136501437942464,-174.11245433799078
24.732051134109497,-10.069931700033836,12.209856745346134,-174.1134487217282
24.74284839630127,-10.069931700033836,12.209856745346134,-174.1134487217282
24.753241300582886,-10.069931700033836,12.209856745346134,-174.1134487217282
24.76362943649292,-10.069931700033836,12.209856745346134,-174.1134487217282
24.77401900291443,-10.069931700033836,12.209856745346134,-174.1134487217282
24.78576159477234,-9.706550542887761,12.16225126598858,-174.00122120398723
24.79689931869507,-9.706550542887761,12.16225126598858,-174.00122120398723
24.80768656730652,-9.706550542887761,12.16225126598858,-174.00122120398723
24.818467617034912,-9.706550542887761,12.16225126598858,-174.00122120398723
24.83264708518982,-9.599236678839596,12.31818138437871,-173.8472883228839
24.84338355064392,-9.599236678839596,12.31818138437871,-173.8472883228839
24.853787899017334,-9.599236678839596,12.31818138437871,-173.8472883228839
24.864188194274902,-9.599236678839596,12.31818138437871,-173.8472883228839
24.874576091766357,-9.599236678839596,12.31818138437871,-173.8472883228839
24.886251211166382,-9.193425032219793,12.283592813652918,-173.8735610878503
24.89705204963684,-9.193425032219793,12.283592813652918,-173.8735610878503
24.907856941223145,-9.193425032219793,12.283592813652918,-173.8735610878503
24.918665170669556,-9.193425032219793,12.283592813652918,-173.8735610878503
24.932803869247437,-8.716956222983605,11.879923821409715,-173.87357448073993
24.943542957305908,-8.716956222983605,11.879923821409715,-173.87357448073993
24.95392942428589,-8.716956222983605,11.879923821409715,-173.87357448073993
24.96431064605713,-8.716956222983605,11.879923821409715,-173.87357448073993
24.974693059921265,-8.716956222983605,11.879923821409715,-173.87357448073993
24.98636031150818,-8.4487092653299,12.002791919088896,-173.72105346417368
24.997208833694458,-8.4487092653299,12.002791919088896,-173.72105346417368
25.007978439331055,-8.4487092653299,12.002791919088896,-173.72105346417368
25.018750190734863,-8.4487092653299,12.002791919088896,-173.72105346417368
25.03296208381653,-7.986723662281368,12.013905357255808,-173.56149908703048
25.043676614761353,-7.986723662281368,12.013905357255808,-173.56149908703048
25.054067850112915,-7.986723662281368,12.013905357255808,-173.56149908703048
25.064680337905884,-7.986723662281368,12.013905357255808,-173.56149908703048
25.075076580047607,-7.986723662281368,12.013905357255808,-173.56149908703048
25.086743354797363,-7.609597899320363,12.02728625921388,-173.53865918441176
25.097524404525757,-7.609597899320363,12.02728625921388,-173.53865918441176
25.108293771743774,-7.609597899320363,12.02728625921388,-173.53865918441176
25.119061708450317,-7.609597899320363,12.02728625921388,-173.53865918441176
25.133306741714478,-7.320052675996577,11.950299070027246,-173.36298235846883
25.14383625984192,-7.320052675996577,11.950299070027246,-173.36298235846883
25.1542387008667,-7.320052675996577,11.950299070027246,-173.36298235846883
25.164671182632446,-7.320052675996577,11.950299070027246,-173.36298235846883
25.175071716308594,-7.320052675996577,11.950299070027246,-173.36298235846883
25.186742782592773,-7.025540049299751,11.76963956299412,-173.35896822750422
25.197138786315918,-7.025540049299751,11.76963956299412,-173.35896822750422
25.207945585250854,-7.025540049299751,11.76963956299412,-173.35896822750422
25.21874499320984,-7.025540049299751,11.76963956299412,-173.35896822750422
25.232959032058716,-6.698816849083969,11.655133585309729,-173.27802575549856
25.24379277229309,-6.698816849083969,11.655133585309729,-173.27802575549856
25.254201650619507,-6.698816849083969,11.655133585309729,-173.27802575549856
25.26460838317871,-6.698816849083969,11.655133585309729,-173.27802575549856
25.275004148483276,-6.698816849083969,11.655133585309729,-173.27802575549856
25.286664962768555,-6.483346894802441,11.648320958607963,-173.16468371789318
25.297624111175537,-6.483346894802441,11.648320958607963,-173.16468371789318
25.30841088294983,-6.483346894802441,11.648320958607963,-173.16468371789318
25.319202423095703,-6.483346894802441,11.648320958607963,-173.16468371789318
25.333383798599243,-5.857022855169227,11.545907977232028,-173.12584081109145
25.34415102005005,-5.857022855169227,11.545907977232028,-173.12584081109145
25.354535579681396,-5.857022855169227,11.545907977232028,-173.12584081109145
25.36495852470398,-5.857022855169227,11.545907977232028,-173.12584081109145
25.375345468521118,-5.857022855169227,11.545907977232028,-173.12584081109145
25.387022256851196,-5.27388598535125,11.162246132380158,-173.14571944587564
25.397815942764282,-5.27388598535125,11.162246132380158,-173.14571944587564
25.408588886260986,-5.27388598535125,11.162246132380158,-173.14571944587564
25.419357776641846,-5.27388598535125,11.162246132380158,-173.14571944587564
25.43354845046997,-3.94628798956792,11.331040281930209,-172.78322319685938
25.444332122802734,-3.94628798956792,11.331040281930209,-172.78322319685938
25.45473599433899,-3.94628798956792,11.331040281930209,-172.78322319685938
25.465123653411865,-3.94628798956792,11.331040281930209,-172.78322319685938
25.475516080856323,-3.94628798956792,11.331040281930209,-172.78322319685938
25.487177848815918,-3.012584905880309,11.194010613786169,-172.73275750023498
25.497950315475464,-3.012584905880309,11.194010613786169,-172.73275750023498
25.508724212646484,-3.012584905880309,11.194010613786169,-172.73275750023498
25.519495487213135,-3.012584905880309,11.194010613786169,-172.73275750023498
25.533682346343994,-2.0322820667563852,10.868847261033157,-172.73232474034586
25.544484615325928,-2.0322820667563852,10.868847261033157,-172.73232474034586
25.55487298965454,-2.0322820667563852,10.868847261033157,-172.73232474034586
25.56526756286621,-2.0322820667563852,10.868847261033157,-172.73232474034586
25.575653076171875,-2.0322820667563852,10.868847261033157,-172.73232474034586
25.587311029434204,-1.1187240217845875,11.139619137921382,-172.34402810254267
25.598119020462036,-1.1187240217845875,11.139619137921382,-172.34402810254267
25.608922481536865,-1.1187240217845875,11.139619137921382,-172.34402810254267
25.61971950531006,-1.1187240217845875,11.139619137921382,-172.34402810254267
25.633901119232178,-0.38492319258655366,11.453494342499322,-171.97673077585367
25.644617319107056,-0.38492319258655366,11.453494342499322,-171.97673077585367
25.655021905899048,-0.38492319258655366,11.453494342499322,-171.97673077585367
25.66541814804077,-0.38492319258655366,11.453494342499322,-171.97673077585367
25.675808429718018,-0.38492319258655366,11.453494342499322,-171.97673077585367
25.68747091293335,-0.07508267538695335,11.800469045037287,-171.66813859317048
25.697866678237915,-0.07508267538695335,11.800469045037287,-171.66813859317048
25.708660125732422,-0.07508267538695335,11.800469045037287,-171.66813859317048
25.71946620941162,-0.07508267538695335,11.800469045037287,-171.66813859317048
25.733633279800415,-0.2998376382284229,11.972761217386516,-171.57733148826242
25.74449586868286,-0.2998376382284229,11.972761217386516,-171.57733148826242
25.75489592552185,-0.2998376382284229,11.972761217386516,-171.57733148826242
25.765296936035156,-0.2998376382284229,11.972761217386516,-171.57733148826242
25.775693893432617,-0.2998376382284229,11.972761217386516,-171.57733148826242
25.787357330322266,-0.35262453448969183,11.935661452243874,-171.44885530043615
25.79844045639038,-0.35262453448969183,11.935661452243874,-171.44885530043615
25.809210538864136,-0.35262453448969183,11.935661452243874,-171.44885530043615
25.81999373435974,-0.35262453448969183,11.935661452243874,-171.44885530043615
25.834157705307007,-0.4971757705152384,11.522810981406794,-171.529297214671
25.84495496749878,-0.4971757705152384,11.522810981406794,-171.529297214671
25.85536551475525,-0.4971757705152384,11.522810981406794,-171.529297214671
25.865761756896973,-0.4971757705152384,11.522810981406794,-171.529297214671
25.876152515411377,-0.4971757705152384,11.522810981406794,-171.529297214671
25.887814044952393,-0.7760662360262088,10.204180644286811,-172.14944222622472
25.898611068725586,-0.7760662360262088,10.204180644286811,-172.14944222622472
25.909415006637573,-0.7760662360262088,10.204180644286811,-172.14944222622472
25.920209646224976,-0.7760662360262088,10.204180644286811,-172.14944222622472
25.93441414833069,-0.06463092905088728,9.412739018173236,-172.68024383656564
25.945106983184814,-0.06463092905088728,9.412739018173236,-172.68024383656564
25.95551347732544,-0.06463092905088728,9.412739018173236,-172.68024383656564
25.96591806411743,-0.06463092905088728,9.412739018173236,-172.68024383656564
25.97631287574768,-0.06463092905088728,9.412739018173236,-172.68024383656564
25.987973928451538,2.5045713300409043,9.468138080024348,-171.77604164301326
25.998767614364624,2.5045713300409043,9.468138080024348,-171.77604164301326
26.009566068649292,2.5045713300409043,9.468138080024348,-171.77604164301326
26.020341634750366,2.5045713300409043,9.468138080024348,-171.77604164301326
26.034544467926025,2.4061278077588533,9.361682654862724,-171.25917444810054
26.045263528823853,2.4061278077588533,9.361682654862724,-171.25917444810054
26.05566954612732,2.4061278077588533,9.361682654862724,-171.25917444810054
26.06605625152588,2.4061278077588533,9.361682654862724,-171.25917444810054
26.076449632644653,2.4061278077588533,9.361682654862724,-171.25917444810054
26.088119506835938,2.4336120284869316,9.386226413752235,-171.1237787999179
26.098928689956665,2.4336120284869316,9.386226413752235,-171.1237787999179
26.10973310470581,2.4336120284869316,9.386226413752235,-171.1237787999179
26.12053942680359,2.4336120284869316,9.386226413752235,-171.1237787999179
26.134711265563965,2.4422822209991732,9.404207322278575,-170.95373718653263
26.145435571670532,2.4422822209991732,9.404207322278575,-170.95373718653263
26.155837535858154,2.4422822209991732,9.404207322278575,-170.95373718653263
26.166234970092773,2.4422822209991732,9.404207322278575,-170.95373718653263
26.17664098739624,2.4422822209991732,9.404207322278575,-170.95373718653263
26.1883065700531,2.436631460341598,9.402797581155358,-170.34843452539207
26.199433088302612,2.436631460341598,9.402797581155358,-170.34843452539207
26.210232257843018,2.436631460341598,9.402797581155358,-170.34843452539207
26.221035480499268,2.436631460341598,9.402797581155358,-170.34843452539207
26.235387086868286,2.51551167732494,9.45735806931175,-170.21920919572815
26.24581265449524,2.51551167732494,9.45735806931175,-170.21920919572815
26.256227254867554,2.51551167732494,9.45735806931175,-170.21920919572815
26.266627311706543,2.51551167732494,9.45735806931175,-170.21920919572815
26.277034282684326,2.51551167732494,9.45735806931175,-170.21920919572815
26.288711071014404,2.507978693521058,9.458647290423471,-170.2285084336912
26.29949426651001,2.507978693521058,9.458647290423471,-170.2285084336912
26.310304164886475,2.507978693521058,9.458647290423471,-170.2285084336912
26.32110571861267,2.507978693521058,9.458647290423471,-170.2285084336912
26.335293292999268,2.5220640993594436,9.457469290949316,-170.22740597264652
26.345714807510376,2.5220640993594436,9.457469290949316,-170.22740597264652
26.356188774108887,2.5220640993594436,9.457469290949316,-170.22740597264652
26.36670422554016,2.5220640993594436,9.457469290949316,-170.22740597264652
26.37721061706543,2.5220640993594436,9.457469290949316,-170.22740597264652
26.389066457748413,2.5220640993594436,9.457469290949316,-170.22740597264652
26.399964570999146,2.5220640993594436,9.457469290949316,-170.22740597264652
26.41085386276245,2.5220640993594436,9.457469290949316,-170.22740597264652
26.421742916107178,2.5220640993594436,9.457469290949316,-170.22740597264652
26.4360511302948,2.5220640993594436,9.457469290949316,-170.22740597264652
26.44658923149109,2.5220640993594436,9.457469290949316,-170.22740597264652
26.457093238830566,2.5220640993594436,9.457469290949316,-170.22740597264652
26.467581748962402,2.5220640993594436,9.457469290949316,-170.22740597264652
26.47807741165161,2.5220640993594436,9.457469290949316,-170.22740597264652
26.49122643470764,2.5219590384288026,9.456873801200064,-170.2255962798632
26.50212550163269,2.5219590384288026,9.456873801200064,-170.2255962798632
26.51299023628235,2.5219590384288026,9.456873801200064,-170.2255962798632
26.52385139465332,2.5219590384288026,9.456873801200064,-170.2255962798632
26.53721046447754,2.5220640993594436,9.457469290949316,-170.22740597264652
26.547687292099,2.5220640993594436,9.457469290949316,-170.22740597264652
26.558168411254883,2.5220640993594436,9.457469290949316,-170.22740597264652
26.568719148635864,2.5220640993594436,9.457469290949316,-170.22740597264652
26.58120608329773,2.5789397622878174,9.459201669970492,-170.22108450068333
26.592089891433716,2.5789397622878174,9.459201669970492,-170.22108450068333
26.602997541427612,2.5789397622878174,9.459201669970492,-170.22108450068333
26.6138858795166,2.5789397622878174,9.459201669970492,-170.22108450068333
26.624791145324707,2.5789397622878174,9.459201669970492,-170.22108450068333
26.63747811317444,2.637163190075526,9.468457473672062,-170.2095277408816
26.647969722747803,2.637163190075526,9.468457473672062,-170.2095277408816
26.658451318740845,2.637163190075526,9.468457473672062,-170.2095277408816
26.668932914733887,2.637163190075526,9.468457473672062,-170.2095277408816
26.68142080307007,2.6871089037961964,9.471371413442693,-170.20556820629986
26.692288637161255,2.6871089037961964,9.471371413442693,-170.20556820629986
26.703160047531128,2.6871089037961964,9.471371413442693,-170.20556820629986
26.71401357650757,2.6871089037961964,9.471371413442693,-170.20556820629986
26.724896907806396,2.6871089037961964,9.471371413442693,-170.20556820629986
26.737467288970947,2.730493440312447,9.474159435992823,-170.19340584178366
26.747942447662354,2.730493440312447,9.474159435992823,-170.19340584178366
26.758436679840088,2.730493440312447,9.474159435992823,-170.19340584178366
26.76892375946045,2.730493440312447,9.474159435992823,-170.19340584178366
26.78139638900757,2.75291581955577,9.486469505782836,-170.19152523875204
26.792256116867065,2.75291581955577,9.486469505782836,-170.19152523875204
26.803136110305786,2.75291581955577,9.486469505782836,-170.19152523875204
26.814027309417725,2.75291581955577,9.486469505782836,-170.19152523875204
26.82464361190796,2.75291581955577,9.486469505782836,-170.19152523875204
26.838006258010864,2.782334905486209,9.491029143467255,-170.18227319819007
26.848493814468384,2.782334905486209,9.491029143467255,-170.18227319819007
26.858974933624268,2.782334905486209,9.491029143467255,-170.18227319819007
26.869476318359375,2.782334905486209,9.491029143467255,-170.18227319819007
26.881930112838745,2.805361381868976,9.503216463422717,-170.1734495709717
26.892792463302612,2.805361381868976,9.503216463422717,-170.1734495709717
26.903684616088867,2.805361381868976,9.503216463422717,-170.1734495709717
26.91454768180847,2.805361381868976,9.503216463422717,-170.1734495709717
26.92541480064392,2.805361381868976,9.503216463422717,-170.1734495709717
26.937886714935303,2.8265427363164433,9.508607796428699,-170.1786170389344
26.94837212562561,2.8265427363164433,9.508607796428699,-170.1786170389344
26.958879709243774,2.8265427363164433,9.508607796428699,-170.1786170389344
26.96935510635376,2.8265427363164433,9.508607796428699,-170.1786170389344
26.981188774108887,2.8545942163766296,9.50564592883618,-170.17459981239097
26.992063522338867,2.8545942163766296,9.50564592883618,-170.17459981239097
27.002930641174316,2.8545942163766296,9.50564592883618,-170.17459981239097
27.013809204101562,2.8545942163766296,9.50564592883618,-170.17459981239097
27.024696826934814,2.8545942163766296,9.50564592883618,-170.17459981239097
27.038076162338257,2.876325000367029,9.503748407964972,-170.16601645216178
27.048551321029663,2.876325000367029,9.503748407964972,-170.16601645216178
27.05903959274292,2.876325000367029,9.503748407964972,-170.16601645216178
27.06951880455017,2.876325000367029,9.503748407964972,-170.16601645216178
27.081974506378174,2.8974563618440334,9.501975984081156,-170.16437196950275
27.09284496307373,2.8974563618440334,9.501975984081156,-170.16437196950275
27.103700637817383,2.8974563618440334,9.501975984081156,-170.16437196950275
27.11456799507141,2.8974563618440334,9.501975984081156,-170.16437196950275
27.125444412231445,2.8974563618440334,9.501975984081156,-170.16437196950275
27.13894009590149,2.9045001868000067,9.501385178159346,-170.16382411790596
27.149420976638794,2.9045001868000067,9.501385178159346,-170.16382411790596
27.159908056259155,2.9045001868000067,9.501385178159346,-170.16382411790596
27.170396327972412,2.9045001868000067,9.501385178159346,-170.16382411790596
27.183570384979248,2.9262831253557424,9.506652692585382,-170.1620539719673
27.194430828094482,2.9262831253557424,9.506652692585382,-170.1620539719673
27.205336809158325,2.9262831253557424,9.506652692585382,-170.1620539719673
27.216228485107422,2.9262831253557424,9.506652692585382,-170.1620539719673
27.22712254524231,2.9262831253557424,9.506652692585382,-170.1620539719673
27.23933720588684,2.935179582491079,9.512842233877732,-170.14750548737564
27.249804258346558,2.935179582491079,9.512842233877732,-170.14750548737564
27.26093292236328,2.935179582491079,9.512842233877732,-170.14750548737564
27.2717924118042,2.935179582491079,9.512842233877732,-170.14750548737564
27.286046028137207,2.949267996068662,9.511658854175296,-170.1464100045163
27.296938180923462,2.949267996068662,9.511658854175296,-170.1464100045163
27.307426691055298,2.949267996068662,9.511658854175296,-170.1464100045163
27.31791877746582,2.949267996068662,9.511658854175296,-170.1464100045163
27.328418016433716,2.949267996068662,9.511658854175296,-170.1464100045163
27.340209245681763,2.971053999858671,9.516923929752881,-170.1446378821017
27.35108709335327,2.971053999858671,9.516923929752881,-170.1446378821017
27.361990451812744,2.971053999858671,9.516923929752881,-170.1446378821017
27.37289309501648,2.971053999858671,9.516923929752881,-170.1446378821017
27.387178659439087,2.991586546237221,9.515282155870896,-170.1499317871282
27.397650718688965,2.991586546237221,9.515282155870896,-170.1499317871282
27.408138275146484,2.991586546237221,9.515282155870896,-170.1499317871282
27.41862392425537,2.991586546237221,9.515282155870896,-170.1499317871282
27.429117679595947,2.991586546237221,9.515282155870896,-170.1499317871282
27.441786766052246,2.9992318754089187,9.514557146186815,-170.1424489366784
27.45264959335327,2.9992318754089187,9.514557146186815,-170.1424489366784
27.46352195739746,2.9992318754089187,9.514557146186815,-170.1424489366784
27.47437834739685,2.9992318754089187,9.514557146186815,-170.1424489366784
27.488014936447144,2.999832699767197,9.514423398299659,-170.1355134374408
27.498488187789917,2.999832699767197,9.514423398299659,-170.1355134374408
27.508963584899902,2.999832699767197,9.514423398299659,-170.1355134374408
27.519433975219727,2.999832699767197,9.514423398299659,-170.1355134374408
27.52991795539856,2.999832699767197,9.514423398299659,-170.1355134374408
27.54311442375183,3.0068772144587532,9.513831272359903,-170.13496664493104
27.553964138031006,3.0068772144587532,9.513831272359903,-170.13496664493104
27.564842224121094,3.0068772144587532,9.513831272359903,-170.13496664493104
27.575757265090942,3.0068772144587532,9.513831272359903,-170.13496664493104
27.58913016319275,3.013975099445873,9.520413969880126,-170.14122278204476
27.599618196487427,3.013975099445873,9.520413969880126,-170.14122278204476
27.610100507736206,3.013975099445873,9.520413969880126,-170.14122278204476
27.620582342147827,3.013975099445873,9.520413969880126,-170.14122278204476
27.633082628250122,3.0133209351746912,9.513373760548841,-170.141355395015
27.643970727920532,3.0133209351746912,9.513373760548841,-170.141355395015
27.65483832359314,3.0133209351746912,9.513373760548841,-170.141355395015
27.66570234298706,3.0133209351746912,9.513373760548841,-170.141355395015
27.67658829689026,3.0133209351746912,9.513373760548841,-170.141355395015
27.689056873321533,3.0133209351746912,9.513373760548841,-170.141355395015
27.69953465461731,3.0133209351746912,9.513373760548841,-170.141355395015
27.71001124382019,3.0133209351746912,9.513373760548841,-170.141355395015
27.72048568725586,3.0133209351746912,9.513373760548841,-170.141355395015
27.732948780059814,3.020365495925472,9.512782069265878,-170.14080885702074
27.743826389312744,3.020365495925472,9.512782069265878,-170.14080885702074
27.75469970703125,3.020365495925472,9.512782069265878,-170.14080885702074
27.765592098236084,3.020365495925472,9.512782069265878,-170.14080885702074
27.776501655578613,3.020365495925472,9.512782069265878,-170.14080885702074
27.789113521575928,3.034454679691682,9.51159868977166,-170.13971624681471
27.799591064453125,3.034454679691682,9.51159868977166,-170.13971624681471
27.810080766677856,3.034454679691682,9.51159868977166,-170.13971624681471
27.820570468902588,3.034454679691682,9.51159868977166,-170.13971624681471
27.83303189277649,3.042017884288489,9.517445074495454,-170.13720729827452
27.84388756752014,3.042017884288489,9.517445074495454,-170.13720729827452
27.854756355285645,3.042017884288489,9.517445074495454,-170.13720729827452
27.86562418937683,3.042017884288489,9.517445074495454,-170.13720729827452
27.876505136489868,3.042017884288489,9.517445074495454,-170.13720729827452
27.890018939971924,3.042619123183467,9.517308728410464,-170.13027091525063
27.900491952896118,3.042619123183467,9.517308728410464,-170.13027091525063
27.910967350006104,3.042619123183467,9.517308728410464,-170.13027091525063
27.92143726348877,3.042619123183467,9.517308728410464,-170.13027091525063
27.933892726898193,3.0496634741218274,9.516716597472442,-170.1297245083042
27.944761753082275,3.0496634741218274,9.516716597472442,-170.1297245083042
27.955618143081665,3.0496634741218274,9.516716597472442,-170.1297245083042
27.96648907661438,3.0496634741218274,9.516716597472442,-170.1297245083042
27.97735357284546,3.0496634741218274,9.516716597472442,-170.1297245083042
27.989819526672363,3.057363381553372,9.52316430071172,-170.12904306563485
28.00030279159546,3.057363381553372,9.52316430071172,-170.12904306563485
28.010833978652954,3.057363381553372,9.52316430071172,-170.12904306563485
28.021319150924683,3.057363381553372,9.52316430071172,-170.12904306563485
28.033780097961426,3.057363381553372,9.52316430071172,-170.12904306563485
28.04464602470398,3.057363381553372,9.52316430071172,-170.12904306563485
28.055506944656372,3.057363381553372,9.52316430071172,-170.12904306563485
28.066375732421875,3.057363381553372,9.52316430071172,-170.12904306563485
28.07719612121582,3.057363381553372,9.52316430071172,-170.12904306563485
28.089673280715942,3.0650095850677093,9.522434512940732,-170.12156062932712
28.100149869918823,3.0650095850677093,9.522434512940732,-170.12156062932712
28.11062788963318,3.0650095850677093,9.522434512940732,-170.12156062932712
28.121108293533325,3.0650095850677093,9.522434512940732,-170.12156062932712
28.133639097213745,3.0713978723344764,9.514802134361783,-170.12115035676607
28.144562005996704,3.0713978723344764,9.514802134361783,-170.12115035676607
28.15546727180481,3.0713978723344764,9.514802134361783,-170.12115035676607
28.166359424591064,3.0713978723344764,9.514802134361783,-170.12115035676607
28.177249908447266,3.0713978723344764,9.514802134361783,-170.12115035676607
28.189774751663208,3.078442303404338,9.514209574925331,-170.12060462900212
28.20026206970215,3.078442303404338,9.514209574925331,-170.12060462900212
28.210778951644897,3.078442303404338,9.514209574925331,-170.12060462900212
28.22128415107727,3.078442303404338,9.514209574925331,-170.12060462900212
28.233763217926025,3.0790987114207957,9.521249368625273,-170.12046816746098
28.244630098342896,3.0790987114207957,9.521249368625273,-170.12046816746098
28.255501985549927,3.0790987114207957,9.521249368625273,-170.12046816746098
28.2663631439209,3.0790987114207957,9.521249368625273,-170.12046816746098
28.27723526954651,3.0790987114207957,9.521249368625273,-170.12046816746098
28.29061484336853,3.086143306849636,9.520656798009435,-170.11992217008398
28.301113843917847,3.086143306849636,9.520656798009435,-170.11992217008398
28.311612367630005,3.086143306849636,9.520656798009435,-170.11992217008398
28.322611093521118,3.086143306849636,9.520656798009435,-170.11992217008398
28.336833477020264,3.0925312302901875,9.51302445913362,-170.1195136406022
28.34769630432129,3.0925312302901875,9.51302445913362,-170.1195136406022
28.35858464241028,3.0925312302901875,9.51302445913362,-170.1195136406022
28.36907172203064,3.0925312302901875,9.51302445913362,-170.1195136406022
28.37956213951111,3.0925312302901875,9.51302445913362,-170.1195136406022
28.391582012176514,3.0995757263176777,9.512431902778227,-170.11896838000897
28.402753829956055,3.0995757263176777,9.512431902778227,-170.11896838000897
28.413633346557617,3.0995757263176777,9.512431902778227,-170.11896838000897
28.42457413673401,3.0995757263176777,9.512431902778227,-170.11896838000897
28.438916444778442,3.0995757263176777,9.512431902778227,-170.11896838000897
28.449368000030518,3.0995757263176777,9.512431902778227,-170.11896838000897
28.45985198020935,3.0995757263176777,9.512431902778227,-170.11896838000897
28.47028946876526,3.0995757263176777,9.512431902778227,-170.11896838000897
28.480716466903687,3.0995757263176777,9.512431902778227,-170.11896838000897
28.492339372634888,3.0995757263176777,9.512431902778227,-170.11896838000897
28.503130674362183,3.0995757263176777,9.512431902778227,-170.11896838000897
28.513899087905884,3.0995757263176777,9.512431902778227,-170.11896838000897
28.524677515029907,3.0995757263176777,9.512431902778227,-170.11896838000897
28.538040161132812,3.1066202442092057,9.511839347449717,-170.11842327518207
28.548870086669922,3.1066202442092057,9.511839347449717,-170.11842327518207
28.559298753738403,3.1066202442092057,9.511839347449717,-170.11842327518207
28.569756984710693,3.1066202442092057,9.511839347449717,-170.11842327518207
28.580175399780273,3.1066202442092057,9.511839347449717,-170.11842327518207
28.59185552597046,3.113664784070511,9.51124679314802,-170.11787832614286
28.602986335754395,3.113664784070511,9.51124679314802,-170.11787832614286
28.61388850212097,3.113664784070511,9.51124679314802,-170.11787832614286
28.62476658821106,3.113664784070511,9.51124679314802,-170.11787832614286
28.63820171356201,3.114265971218509,9.511106121167309,-170.110943098199
28.649216651916504,3.114265971218509,9.511106121167309,-170.110943098199
28.65972352027893,3.114265971218509,9.511106121167309,-170.110943098199
28.670231342315674,3.114265971218509,9.511106121167309,-170.110943098199
28.68068766593933,3.114265971218509,9.511106121167309,-170.110943098199
28.692317724227905,3.1143219060478255,9.51828652582377,-170.11773973811583
28.703134298324585,3.1143219060478255,9.51828652582377,-170.11773973811583
28.713918924331665,3.1143219060478255,9.51828652582377,-170.11773973811583
28.724859714508057,3.1143219060478255,9.51828652582377,-170.11773973811583
28.739476442337036,3.1143219060478255,9.51828652582377,-170.11773973811583
28.750005960464478,3.1143219060478255,9.51828652582377,-170.11773973811583
28.760472059249878,3.1143219060478255,9.51828652582377,-170.11773973811583
28.77092432975769,3.1143219060478255,9.51828652582377,-170.11773973811583
28.781368494033813,3.1143219060478255,9.51828652582377,-170.11773973811583
28.793917417526245,3.121366610746792,9.517693960346431,-170.11719451961562
28.8048574924469,3.121366610746792,9.517693960346431,-170.11719451961562
28.81571888923645,3.121366610746792,9.517693960346431,-170.11719451961562
28.826586484909058,3.121366610746792,9.517693960346431,-170.11719451961562
28.839390516281128,3.1296708844140393,9.523999706183501,-170.10957491764646
28.84989094734192,3.1296708844140393,9.523999706183501,-170.10957491764646
28.86036515235901,3.1296708844140393,9.523999706183501,-170.10957491764646
28.870842695236206,3.1296708844140393,9.523999706183501,-170.10957491764646
28.881285429000854,3.1296708844140393,9.523999706183501,-170.10957491764646
28.892942905426025,3.1296708844140393,9.523999706183501,-170.10957491764646
28.903804063796997,3.1296708844140393,9.523999706183501,-170.10957491764646
28.91466236114502,3.1296708844140393,9.523999706183501,-170.10957491764646
28.925519943237305,3.1296708844140393,9.523999706183501,-170.10957491764646
28.939741134643555,3.1296708844140393,9.523999706183501,-170.10957491764646
28.95021677017212,3.1296708844140393,9.523999706183501,-170.10957491764646
28.960719108581543,3.1296708844140393,9.523999706183501,-170.10957491764646
28.971211910247803,3.1296708844140393,9.523999706183501,-170.10957491764646
28.98166012763977,3.1296708844140393,9.523999706183501,-170.10957491764646
28.994018077850342,3.1296708844140393,9.523999706183501,-170.10957491764646
29.00482940673828,3.1296708844140393,9.523999706183501,-170.10957491764646
29.015729665756226,3.1296708844140393,9.523999706183501,-170.10957491764646
29.02660298347473,3.1296708844140393,9.523999706183501,-170.10957491764646
29.040090799331665,3.1296708844140393,9.523999706183501,-170.10957491764646
29.050498723983765,3.1296708844140393,9.523999706183501,-170.10957491764646
29.060973167419434,3.1296708844140393,9.523999706183501,-170.10957491764646
29.071452140808105,3.1296708844140393,9.523999706183501,-170.10957491764646
29.08193349838257,3.1296708844140393,9.523999706183501,-170.10957491764646
29.09426999092102,3.1360577027104695,9.51636685979798,-170.10916950122623
29.105071544647217,3.1360577027104695,9.51636685979798,-170.10916950122623
29.115840196609497,3.1360577027104695,9.51636685979798,-170.10916950122623
29.126718282699585,3.1360577027104695,9.51636685979798,-170.10916950122623
29.14022135734558,3.1360577027104695,9.51636685979798,-170.10916950122623
29.150699615478516,3.1360577027104695,9.51636685979798,-170.10916950122623
29.161133766174316,3.1360577027104695,9.51636685979798,-170.10916950122623
29.17156958580017,3.1360577027104695,9.51636685979798,-170.10916950122623
29.182031869888306,3.1360577027104695,9.51636685979798,-170.10916950122623
29.194400310516357,3.1360577027104695,9.51636685979798,-170.10916950122623
29.20484232902527,3.1360577027104695,9.51636685979798,-170.10916950122623
29.215677738189697,3.1360577027104695,9.51636685979798,-170.10916950122623
29.226521492004395,3.1360577027104695,9.51636685979798,-170.10916950122623
29.24013352394104,3.1354560867641625,9.516508832474164,-170.11610455015477
29.25067400932312,3.1354560867641625,9.516508832474164,-170.11610455015477
29.26116919517517,3.1354560867641625,9.516508832474164,-170.11610455015477
29.2716121673584,3.1354560867641625,9.516508832474164,-170.11610455015477
29.282045364379883,3.1354560867641625,9.516508832474164,-170.11610455015477
29.294461727142334,3.128411337616995,9.517101395896585,-170.11664945695483
29.305328607559204,3.128411337616995,9.517101395896585,-170.11664945695483
29.3161780834198,3.128411337616995,9.517101395896585,-170.11664945695483
29.32701539993286,3.128411337616995,9.517101395896585,-170.11664945695483
29.34053897857666,3.128411337616995,9.517101395896585,-170.11664945695483
29.351028203964233,3.128411337616995,9.517101395896585,-170.11664945695483
29.36151957511902,3.128411337616995,9.517101395896585,-170.11664945695483
29.37200903892517,3.128411337616995,9.517101395896585,-170.11664945695483
29.382441759109497,3.128411337616995,9.517101395896585,-170.11664945695483
29.39409375190735,3.121366610746792,9.517693960346431,-170.11719451961562
29.404894828796387,3.121366610746792,9.517693960346431,-170.11719451961562
29.415740728378296,3.121366610746792,9.517693960346431,-170.11719451961562
29.42660665512085,3.121366610746792,9.517693960346431,-170.11719451961562
29.440833568572998,3.1220239494914237,9.524733825839439,-170.1170555064361
29.451339960098267,3.1220239494914237,9.524733825839439,-170.1170555064361
29.46180772781372,3.1220239494914237,9.524733825839439,-170.1170555064361
29.472289085388184,3.1220239494914237,9.524733825839439,-170.1170555064361
29.482760667800903,3.1220239494914237,9.524733825839439,-170.1170555064361
29.495097398757935,3.129068819223897,9.52414124917832,-170.11651001851516
29.50585913658142,3.129068819223897,9.52414124917832,-170.11651001851516
29.516628742218018,3.129068819223897,9.52414124917832,-170.11651001851516
29.52751326560974,3.129068819223897,9.52414124917832,-170.11651001851516
29.54114532470703,3.1220239494914237,9.524733825839439,-170.1170555064361
29.551564931869507,3.1220239494914237,9.524733825839439,-170.1170555064361
29.562017917633057,3.1220239494914237,9.524733825839439,-170.1170555064361
29.572485208511353,3.1220239494914237,9.524733825839439,-170.1170555064361
29.584167003631592,3.129068819223897,9.52414124917832,-170.11651001851516
29.59500479698181,3.129068819223897,9.52414124917832,-170.11651001851516
29.60581612586975,3.129068819223897,9.52414124917832,-170.11651001851516
29.616583108901978,3.129068819223897,9.52414124917832,-170.11651001851516
29.627405166625977,3.129068819223897,9.52414124917832,-170.11651001851516
29.64105725288391,3.1296708844140393,9.523999706183501,-170.10957491764646
29.651552438735962,3.1296708844140393,9.523999706183501,-170.10957491764646
29.66196322441101,3.1296708844140393,9.523999706183501,-170.10957491764646
29.67234492301941,3.1296708844140393,9.523999706183501,-170.10957491764646
29.6827290058136,3.1296708844140393,9.523999706183501,-170.10957491764646
29.69518756866455,3.129068819223897,9.52414124917832,-170.11651001851516
29.705726146697998,3.129068819223897,9.52414124917832,-170.11651001851516
29.7165367603302,3.129068819223897,9.52414124917832,-170.11651001851516
29.727346658706665,3.129068819223897,9.52414124917832,-170.11651001851516
29.740856409072876,3.130328884326342,9.531039701671444,-170.10943548520828
29.751358032226562,3.130328884326342,9.531039701671444,-170.10943548520828
29.761762380599976,3.130328884326342,9.531039701671444,-170.10943548520828
29.772139072418213,3.130328884326342,9.531039701671444,-170.10943548520828
29.78251314163208,3.130328884326342,9.531039701671444,-170.10943548520828
29.794186115264893,3.130328884326342,9.531039701671444,-170.10943548520828
29.805060863494873,3.130328884326342,9.531039701671444,-170.10943548520828
29.815869331359863,3.130328884326342,9.531039701671444,-170.10943548520828
29.826687335968018,3.130328884326342,9.531039701671444,-170.10943548520828
29.840107679367065,3.1297263749802338,9.53118124758525,-170.11637058019375
29.851221799850464,3.1297263749802338,9.53118124758525,-170.11637058019375
29.861753463745117,3.1297263749802338,9.53118124758525,-170.11637058019375
29.87226891517639,3.1297263749802338,9.53118124758525,-170.11637058019375
29.882728815078735,3.1297263749802338,9.53118124758525,-170.11637058019375
29.89438486099243,3.129068819223897,9.52414124917832,-170.11651001851516
29.90527319908142,3.129068819223897,9.52414124917832,-170.11651001851516
29.916156768798828,3.129068819223897,9.52414124917832,-170.11651001851516
29.927008867263794,3.129068819223897,9.52414124917832,-170.11651001851516
29.940427780151367,3.1226813622753453,9.531773836467345,-170.11691649337413
29.95123600959778,3.1226813622753453,9.531773836467345,-170.11691649337413
29.961776733398438,3.1226813622753453,9.531773836467345,-170.11691649337413
29.972273349761963,3.1226813622753453,9.531773836467345,-170.11691649337413
29.98273539543152,3.1226813622753453,9.531773836467345,-170.11691649337413
29.99441170692444,3.1220239494914237,9.524733825839439,-170.1170555064361
30.0052273273468,3.1220239494914237,9.524733825839439,-170.1170555064361
30.01606798171997,3.1220239494914237,9.524733825839439,-170.1170555064361
30.026899576187134,3.1220239494914237,9.524733825839439,-170.1170555064361
30.040367364883423,3.1149791019201762,9.525326403528867,-170.1176011502056
30.05144238471985,3.1149791019201762,9.525326403528867,-170.1176011502056
30.061883449554443,3.1149791019201762,9.525326403528867,-170.1176011502056
30.07234477996826,3.1149791019201762,9.525326403528867,-170.1176011502056
30.08282232284546,3.1149791019201762,9.525326403528867,-170.1176011502056
30.094483613967896,3.1149791019201762,9.525326403528867,-170.1176011502056
30.105289936065674,3.1149791019201762,9.525326403528867,-170.1176011502056
30.116119146347046,3.1149791019201762,9.525326403528867,-170.1176011502056
30.126968383789062,3.1149791019201762,9.525326403528867,-170.1176011502056
30.14039945602417,3.115636371721669,9.532366426378564,-170.11746256241216
30.15127396583557,3.115636371721669,9.532366426378564,-170.11746256241216
30.161707401275635,3.115636371721669,9.532366426378564,-170.11746256241216
30.172159910202026,3.115636371721669,9.532366426378564,-170.11746256241216
30.18263030052185,3.115636371721669,9.532366426378564,-170.11746256241216
30.194262504577637,3.115636371721669,9.532366426378564,-170.11746256241216
30.20465397834778,3.115636371721669,9.532366426378564,-170.11746256241216
30.215410470962524,3.115636371721669,9.532366426378564,-170.11746256241216
30.226239919662476,3.115636371721669,9.532366426378564,-170.11746256241216
30.239779710769653,3.115636371721669,9.532366426378564,-170.11746256241216
30.25057053565979,3.115636371721669,9.532366426378564,-170.11746256241216
30.261351346969604,3.115636371721669,9.532366426378564,-170.11746256241216
30.27183198928833,3.115636371721669,9.532366426378564,-170.11746256241216
30.282267332077026,3.115636371721669,9.532366426378564,-170.11746256241216
30.2942373752594,3.1162937154864196,9.539406594488128,-170.1173239747355
30.30463743209839,3.1162937154864196,9.539406594488128,-170.1173239747355
30.315570831298828,3.1162937154864196,9.539406594488128,-170.1173239747355
30.32631492614746,3.1162937154864196,9.539406594488128,-170.1173239747355
30.339849948883057,3.116896679249892,9.539265910905934,-170.11038877017867
30.350728511810303,3.116896679249892,9.539265910905934,-170.11038877017867
30.36156439781189,3.116896679249892,9.539265910905934,-170.11038877017867
30.371997117996216,3.116896679249892,9.539265910905934,-170.11038877017867
30.382375478744507,3.116896679249892,9.539265910905934,-170.11038877017867
30.394402265548706,3.1092486038756197,9.539999197660855,-170.11787062488673
30.404836654663086,3.1092486038756197,9.539999197660855,-170.11787062488673
30.415761709213257,3.1092486038756197,9.539999197660855,-170.11787062488673
30.426195859909058,3.1092486038756197,9.539999197660855,-170.11787062488673
30.439639806747437,3.1162937154864196,9.539406594488128,-170.1173239747355
30.450486183166504,3.1162937154864196,9.539406594488128,-170.1173239747355
30.461322784423828,3.1162937154864196,9.539406594488128,-170.1173239747355
30.4721896648407,3.1162937154864196,9.539406594488128,-170.1173239747355
30.482605695724487,3.1162937154864196,9.539406594488128,-170.1173239747355
30.49456477165222,3.1162937154864196,9.539406594488128,-170.1173239747355
30.504991054534912,3.1162937154864196,9.539406594488128,-170.1173239747355
30.51589322090149,3.1162937154864196,9.539406594488128,-170.1173239747355
30.526719331741333,3.1162937154864196,9.539406594488128,-170.1173239747355
30.540168046951294,3.116238891291493,9.532225745700197,-170.11052735200846
30.55098009109497,3.116238891291493,9.532225745700197,-170.11052735200846
30.56180453300476,3.116238891291493,9.532225745700197,-170.11052735200846
30.572339296340942,3.116238891291493,9.532225745700197,-170.11052735200846
30.58281946182251,3.116238891291493,9.532225745700197,-170.11052735200846
30.594730138778687,3.116896679249892,9.539265910905934,-170.11038877017867
30.60513401031494,3.116896679249892,9.539265910905934,-170.11038877017867
30.61554479598999,3.116896679249892,9.539265910905934,-170.11038877017867
30.626360654830933,3.116896679249892,9.539265910905934,-170.11038877017867
30.639087200164795,3.1232838767378728,9.531632723170514,-170.10998134062933
30.649876832962036,3.1232838767378728,9.531632723170514,-170.10998134062933
30.660682916641235,3.1232838767378728,9.531632723170514,-170.10998134062933
30.67149043083191,3.1232838767378728,9.531632723170514,-170.10998134062933
30.68235945701599,3.1232838767378728,9.531632723170514,-170.10998134062933
30.69407033920288,3.1232838767378728,9.531632723170514,-170.10998134062933
30.70447850227356,3.1232838767378728,9.531632723170514,-170.10998134062933
30.71489405632019,3.1232838767378728,9.531632723170514,-170.10998134062933
30.7253258228302,3.1232838767378728,9.531632723170514,-170.10998134062933
30.737796545028687,3.130328884326342,9.531039701671444,-170.10943548520828
30.748664140701294,3.130328884326342,9.531039701671444,-170.10943548520828
30.75947856903076,3.130328884326342,9.531039701671444,-170.10943548520828
30.77030110359192,3.130328884326342,9.531039701671444,-170.10943548520828
30.781112909317017,3.130328884326342,9.531039701671444,-170.10943548520828
30.794418573379517,3.130328884326342,9.531039701671444,-170.10943548520828
30.80486488342285,3.130328884326342,9.531039701671444,-170.10943548520828
30.815279960632324,3.130328884326342,9.531039701671444,-170.10943548520828
30.825690031051636,3.130328884326342,9.531039701671444,-170.10943548520828
30.838027238845825,3.1380321313520008,9.537486809690407,-170.10874992821542
30.84885549545288,3.1380321313520008,9.537486809690407,-170.10874992821542
30.859683513641357,3.1380321313520008,9.537486809690407,-170.10874992821542
30.87050724029541,3.1380321313520008,9.537486809690407,-170.10874992821542
30.881301403045654,3.1380321313520008,9.537486809690407,-170.10874992821542
30.894603490829468,3.1380321313520008,9.537486809690407,-170.10874992821542
30.905060052871704,3.1380321313520008,9.537486809690407,-170.10874992821542
30.915493965148926,3.1380321313520008,9.537486809690407,-170.10874992821542
30.926477909088135,3.1380321313520008,9.537486809690407,-170.10874992821542
30.939929246902466,3.138690422895813,9.544527083521613,-170.10861007078327
30.950756549835205,3.138690422895813,9.544527083521613,-170.10861007078327
30.961586475372314,3.138690422895813,9.544527083521613,-170.10861007078327
30.972423791885376,3.138690422895813,9.544527083521613,-170.10861007078327
30.982847929000854,3.138690422895813,9.544527083521613,-170.10861007078327
30.994525909423828,3.138087030294892,9.54466906791332,-170.11554509610576
31.004943132400513,3.138087030294892,9.54466906791332,-170.11554509610576
31.015366077423096,3.138087030294892,9.54466906791332,-170.11554509610576
31.02579092979431,3.138087030294892,9.54466906791332,-170.11554509610576
31.03821063041687,3.131041709077784,9.545261680235782,-170.11609170390562
31.049210786819458,3.131041709077784,9.545261680235782,-170.11609170390562
31.059976816177368,3.131041709077784,9.545261680235782,-170.11609170390562
31.070811986923218,3.131041709077784,9.545261680235782,-170.11609170390562
31.081673860549927,3.131041709077784,9.545261680235782,-170.11609170390562
31.09421730041504,3.131041709077784,9.545261680235782,-170.11609170390562
31.104583501815796,3.131041709077784,9.545261680235782,-170.11609170390562
31.114978790283203,3.131041709077784,9.545261680235782,-170.11609170390562
31.125500202178955,3.131041709077784,9.545261680235782,-170.11609170390562
31.137248754501343,3.131041709077784,9.545261680235782,-170.11609170390562
31.148088932037354,3.131041709077784,9.545261680235782,-170.11609170390562
31.158916473388672,3.131041709077784,9.545261680235782,-170.11609170390562
31.16979956626892,3.131041709077784,9.545261680235782,-170.11609170390562
31.180686235427856,3.131041709077784,9.545261680235782,-170.11609170390562
31.19350838661194,3.131645106815427,9.545120128477048,-170.1091566206869
31.203975915908813,3.131645106815427,9.545120128477048,-170.1091566206869
31.21438217163086,3.131645106815427,9.545120128477048,-170.1091566206869
31.22480797767639,3.131645106815427,9.545120128477048,-170.1091566206869
31.235312700271606,3.131645106815427,9.545120128477048,-170.1091566206869
31.247748851776123,3.131041709077784,9.545261680235782,-170.11609170390562
31.258550882339478,3.131041709077784,9.545261680235782,-170.11609170390562
31.26935577392578,3.131041709077784,9.545261680235782,-170.11609170390562
31.280154705047607,3.131041709077784,9.545261680235782,-170.11609170390562
31.293768644332886,3.131041709077784,9.545261680235782,-170.11609170390562
31.304270029067993,3.131041709077784,9.545261680235782,-170.11609170390562
31.314733505249023,3.131041709077784,9.545261680235782,-170.11609170390562
31.325177669525146,3.131041709077784,9.545261680235782,-170.11609170390562
31.335601806640625,3.131041709077784,9.545261680235782,-170.11609170390562
31.348060369491577,3.131041709077784,9.545261680235782,-170.11609170390562
31.3589825630188,3.131041709077784,9.545261680235782,-170.11609170390562
31.369792461395264,3.131041709077784,9.545261680235782,-170.11609170390562
31.380592584609985,3.131041709077784,9.545261680235782,-170.11609170390562
31.393319845199585,3.1233930065387008,9.54599541277166,-170.12357390113755
31.40378212928772,3.1233930065387008,9.54599541277166,-170.12357390113755
31.414251804351807,3.1233930065387008,9.54599541277166,-170.12357390113755
31.424715042114258,3.1233930065387008,9.54599541277166,-170.12357390113755
31.435155868530273,3.1233930065387008,9.54599541277166,-170.12357390113755
31.44679594039917,3.131041709077784,9.545261680235782,-170.11609170390562
31.457645177841187,3.131041709077784,9.545261680235782,-170.11609170390562
31.468506574630737,3.131041709077784,9.545261680235782,-170.11609170390562
31.479410409927368,3.131041709077784,9.545261680235782,-170.11609170390562
31.492257356643677,3.1316994874873068,9.552302114709981,-170.11595226593894
31.50309658050537,3.1316994874873068,9.552302114709981,-170.11595226593894
31.513819456100464,3.1316994874873068,9.552302114709981,-170.11595226593894
31.524285793304443,3.1316994874873068,9.552302114709981,-170.11595226593894
31.534731149673462,3.1316994874873068,9.552302114709981,-170.11595226593894
31.546396255493164,3.1310956448176746,9.552443669453508,-170.12288763580983
31.557233333587646,3.1310956448176746,9.552443669453508,-170.12288763580983
31.568156957626343,3.1310956448176746,9.552443669453508,-170.12288763580983
31.579049110412598,3.1310956448176746,9.552443669453508,-170.12288763580983
31.59251070022583,3.1310956448176746,9.552443669453508,-170.12288763580983
31.603307008743286,3.1310956448176746,9.552443669453508,-170.12288763580983
31.613953828811646,3.1310956448176746,9.552443669453508,-170.12288763580983
31.62451195716858,3.1310956448176746,9.552443669453508,-170.12288763580983
31.635061740875244,3.1310956448176746,9.552443669453508,-170.12288763580983
31.646867752075195,3.1316994874873068,9.552302114709981,-170.11595226593894
31.65779733657837,3.1316994874873068,9.552302114709981,-170.11595226593894
31.668819665908813,3.1316994874873068,9.552302114709981,-170.11595226593894
31.679779767990112,3.1316994874873068,9.552302114709981,-170.11595226593894
31.694149494171143,3.139402948095994,9.55875005793985,-170.11526536979517
31.70484948158264,3.139402948095994,9.55875005793985,-170.11526536979517
31.71546769142151,3.139402948095994,9.55875005793985,-170.11526536979517
31.726003170013428,3.139402948095994,9.55875005793985,-170.11526536979517
31.737791299819946,3.132357340182884,9.559342694770566,-170.11581282809055
31.748607397079468,3.132357340182884,9.559342694770566,-170.11581282809055
31.75940704345703,3.132357340182884,9.559342694770566,-170.11581282809055
31.77027440071106,3.132357340182884,9.559342694770566,-170.11581282809055
31.78117346763611,3.132357340182884,9.559342694770566,-170.11581282809055
31.79480528831482,3.139261171029989,9.558144868143676,-170.11343180416483
31.805298566818237,3.139261171029989,9.558144868143676,-170.11343180416483
31.815773487091064,3.139261171029989,9.558144868143676,-170.11343180416483
31.82625412940979,3.139261171029989,9.558144868143676,-170.11343180416483
31.836748600006104,3.139261171029989,9.558144868143676,-170.11343180416483
31.849810361862183,3.132215994160189,9.55873750392027,-170.11397938372596
31.86068320274353,3.132215994160189,9.55873750392027,-170.11397938372596
31.871517181396484,3.132215994160189,9.55873750392027,-170.11397938372596
31.882408618927002,3.132215994160189,9.55873750392027,-170.11397938372596
31.895727157592773,3.132215994160189,9.55873750392027,-170.11397938372596
31.906226634979248,3.132215994160189,9.55873750392027,-170.11397938372596
31.916849851608276,3.132215994160189,9.55873750392027,-170.11397938372596
31.927359342575073,3.132215994160189,9.55873750392027,-170.11397938372596
31.937823057174683,3.132215994160189,9.55873750392027,-170.11397938372596
31.951282024383545,3.1328202805588186,9.558595946559128,-170.10704308597252
31.962153911590576,3.1328202805588186,9.558595946559128,-170.10704308597252
31.97299599647522,3.1328202805588186,9.558595946559128,-170.10704308597252
31.983872413635254,3.1328202805588186,9.558595946559128,-170.10704308597252
31.99611210823059,3.1328202805588186,9.558595946559128,-170.10704308597252
32.00656032562256,3.1328202805588186,9.558595946559128,-170.10704308597252
32.01700401306152,3.1328202805588186,9.558595946559128,-170.10704308597252
32.02827262878418,3.1328202805588186,9.558595946559128,-170.10704308597252
32.042587757110596,3.1328202805588186,9.558595946559128,-170.10704308597252
32.05358099937439,3.1328202805588186,9.558595946559128,-170.10704308597252
32.064491510391235,3.1328202805588186,9.558595946559128,-170.10704308597252
32.074955701828,3.1328202805588186,9.558595946559128,-170.10704308597252
32.085418701171875,3.1328202805588186,9.558595946559128,-170.10704308597252
32.097153425216675,3.1328202805588186,9.558595946559128,-170.10704308597252
32.108312129974365,3.1328202805588186,9.558595946559128,-170.10704308597252
32.11914134025574,3.1328202805588186,9.558595946559128,-170.10704308597252
32.12997579574585,3.1328202805588186,9.558595946559128,-170.10704308597252
32.14342665672302,3.1257751310532744,9.559189016019198,-170.1075907636558
32.15432000160217,3.1257751310532744,9.559189016019198,-170.1075907636558
32.16481590270996,3.1257751310532744,9.559189016019198,-170.1075907636558
32.175260066986084,3.1257751310532744,9.559189016019198,-170.1075907636558
32.18570327758789,3.1257751310532744,9.559189016019198,-170.1075907636558
32.19739770889282,3.1257751310532744,9.559189016019198,-170.1075907636558
32.20846343040466,3.1257751310532744,9.559189016019198,-170.1075907636558
32.21930527687073,3.1257751310532744,9.559189016019198,-170.1075907636558
32.23014521598816,3.1257751310532744,9.559189016019198,-170.1075907636558
32.24361801147461,3.1257751310532744,9.559189016019198,-170.1075907636558
32.25472688674927,3.1257751310532744,9.559189016019198,-170.1075907636558
32.26519775390625,3.1257751310532744,9.559189016019198,-170.1075907636558
32.27566981315613,3.1257751310532744,9.559189016019198,-170.1075907636558
32.28612232208252,3.1257751310532744,9.559189016019198,-170.1075907636558
32.297788858413696,3.1257751310532744,9.559189016019198,-170.1075907636558
32.308645725250244,3.1257751310532744,9.559189016019198,-170.1075907636558
32.319520235061646,3.1257751310532744,9.559189016019198,-170.1075907636558
32.33038067817688,3.1257751310532744,9.559189016019198,-170.1075907636558
32.34387254714966,3.12511698030641,9.552148872026448,-170.10772980351064
32.35482883453369,3.12511698030641,9.552148872026448,-170.10772980351064
32.36531710624695,3.12511698030641,9.552148872026448,-170.10772980351064
32.3757905960083,3.12511698030641,9.552148872026448,-170.10772980351064
32.386234760284424,3.12511698030641,9.552148872026448,-170.10772980351064
32.397895097732544,3.1252578923106036,9.552753618271764,-170.109564319744
32.40879774093628,3.1252578923106036,9.552753618271764,-170.109564319744
32.41966152191162,3.1252578923106036,9.552753618271764,-170.109564319744
32.4301278591156,3.1252578923106036,9.552753618271764,-170.109564319744
32.44357514381409,3.1252578923106036,9.552753618271764,-170.109564319744
32.45441913604736,3.1252578923106036,9.552753618271764,-170.109564319744
32.46526837348938,3.1252578923106036,9.552753618271764,-170.109564319744
32.475749492645264,3.1252578923106036,9.552753618271764,-170.109564319744
32.48625826835632,3.1252578923106036,9.552753618271764,-170.109564319744
32.49805402755737,3.1323033294605613,9.552160560025305,-170.1090171886037
32.50892686843872,3.1323033294605613,9.552160560025305,-170.1090171886037
32.519716024398804,3.1323033294605613,9.552160560025305,-170.1090171886037
32.53057026863098,3.1323033294605613,9.552160560025305,-170.1090171886037
32.54407596588135,3.1323033294605613,9.552160560025305,-170.1090171886037
32.55493402481079,3.1323033294605613,9.552160560025305,-170.1090171886037
32.56542444229126,3.1323033294605613,9.552160560025305,-170.1090171886037
32.575870513916016,3.1323033294605613,9.552160560025305,-170.1090171886037
32.586350202560425,3.1323033294605613,9.552160560025305,-170.1090171886037
32.59798550605774,3.131645106815427,9.545120128477048,-170.1091566206869
32.6090784072876,3.131645106815427,9.545120128477048,-170.1091566206869
32.6198456287384,3.131645106815427,9.545120128477048,-170.1091566206869
32.63068175315857,3.131645106815427,9.545120128477048,-170.1091566206869
32.64414310455322,3.138690422895813,9.544527083521613,-170.10861007078327
32.654996156692505,3.138690422895813,9.544527083521613,-170.10861007078327
32.66560244560242,3.138690422895813,9.544527083521613,-170.10861007078327
32.67602348327637,3.138690422895813,9.544527083521613,-170.10861007078327
32.68648838996887,3.138690422895813,9.544527083521613,-170.10861007078327
32.69819784164429,3.138690422895813,9.544527083521613,-170.10861007078327
32.709248065948486,3.138690422895813,9.544527083521613,-170.10861007078327
32.72008419036865,3.138690422895813,9.544527083521613,-170.10861007078327
32.730889558792114,3.138690422895813,9.544527083521613,-170.10861007078327
32.74440956115723,3.1380321313520008,9.537486809690407,-170.10874992821542
32.755290031433105,3.1380321313520008,9.537486809690407,-170.10874992821542
32.76576614379883,3.1380321313520008,9.537486809690407,-170.10874992821542
32.77621126174927,3.1380321313520008,9.537486809690407,-170.10874992821542
32.78664207458496,3.1380321313520008,9.537486809690407,-170.10874992821542
32.798335313797,3.1380321313520008,9.537486809690407,-170.10874992821542
32.80879878997803,3.1380321313520008,9.537486809690407,-170.10874992821542
32.819642305374146,3.1380321313520008,9.537486809690407,-170.10874992821542
32.830469369888306,3.1380321313520008,9.537486809690407,-170.10874992821542
32.843918323516846,3.1450773265987686,9.536893778014578,-170.10820395955233
32.854803800582886,3.1450773265987686,9.536893778014578,-170.10820395955233
32.86563682556152,3.1450773265987686,9.536893778014578,-170.10820395955233
32.87602758407593,3.1450773265987686,9.536893778014578,-170.10820395955233
32.886412382125854,3.1450773265987686,9.536893778014578,-170.10820395955233
32.898327112197876,3.1450773265987686,9.536893778014578,-170.10820395955233
32.90878701210022,3.1450773265987686,9.536893778014578,-170.10820395955233
32.919604778289795,3.1450773265987686,9.536893778014578,-170.10820395955233
32.93037462234497,3.1450773265987686,9.536893778014578,-170.10820395955233
32.943952798843384,3.1450773265987686,9.536893778014578,-170.10820395955233
32.95485520362854,3.1450773265987686,9.536893778014578,-170.10820395955233
32.96575951576233,3.1450773265987686,9.536893778014578,-170.10820395955233
32.976176261901855,3.1450773265987686,9.536893778014578,-170.10820395955233
32.98655843734741,3.1450773265987686,9.536893778014578,-170.10820395955233
32.99849271774292,3.137373914162627,9.53044668120292,-170.10888978576662
33.008952379226685,3.137373914162627,9.53044668120292,-170.10888978576662
33.019819259643555,3.137373914162627,9.53044668120292,-170.10888978576662
33.03067588806152,3.137373914162627,9.53044668120292,-170.10888978576662
33.044147968292236,3.137373914162627,9.53044668120292,-170.10888978576662
33.05500507354736,3.137373914162627,9.53044668120292,-170.10888978576662
33.06613063812256,3.137373914162627,9.53044668120292,-170.10888978576662
33.0766167640686,3.137373914162627,9.53044668120292,-170.10888978576662
33.087034940719604,3.137373914162627,9.53044668120292,-170.10888978576662
33.09865999221802,3.137373914162627,9.53044668120292,-170.10888978576662
33.109050989151,3.137373914162627,9.53044668120292,-170.10888978576662
33.11944818496704,3.137373914162627,9.53044668120292,-170.10888978576662
33.1303014755249,3.137373914162627,9.53044668120292,-170.10888978576662
33.14379048347473,3.137373914162627,9.53044668120292,-170.10888978576662
33.15467548370361,3.137373914162627,9.53044668120292,-170.10888978576662
33.16551923751831,3.137373914162627,9.53044668120292,-170.10888978576662
33.176433086395264,3.137373914162627,9.53044668120292,-170.10888978576662
33.186928033828735,3.137373914162627,9.53044668120292,-170.10888978576662
33.198835134506226,3.137373914162627,9.53044668120292,-170.10888978576662
33.20929408073425,3.137373914162627,9.53044668120292,-170.10888978576662
33.220176696777344,3.137373914162627,9.53044668120292,-170.10888978576662
33.231036901474,3.137373914162627,9.53044668120292,-170.10888978576662
33.24457764625549,3.137373914162627,9.53044668120292,-170.10888978576662
33.255444288253784,3.137373914162627,9.53044668120292,-170.10888978576662
33.26629829406738,3.137373914162627,9.53044668120292,-170.10888978576662
33.276893854141235,3.137373914162627,9.53044668120292,-170.10888978576662
33.28739809989929,3.137373914162627,9.53044668120292,-170.10888978576662
33.299092054367065,3.130328884326342,9.531039701671444,-170.10943548520828
33.30954146385193,3.130328884326342,9.531039701671444,-170.10943548520828
33.320393085479736,3.130328884326342,9.531039701671444,-170.10943548520828
33.33126926422119,3.130328884326342,9.531039701671444,-170.10943548520828
33.344077825546265,3.1309869584487475,9.53807984239753,-170.10929605288842
33.35494041442871,3.1309869584487475,9.53807984239753,-170.10929605288842
33.36579489707947,3.1309869584487475,9.53807984239753,-170.10929605288842
33.376659631729126,3.1309869584487475,9.53807984239753,-170.10929605288842
33.38714861869812,3.1309869584487475,9.53807984239753,-170.10929605288842
33.3991334438324,3.123941807783287,9.538672876136017,-170.10984233354998
33.40958523750305,3.123941807783287,9.538672876136017,-170.10984233354998
33.42042517662048,3.123941807783287,9.538672876136017,-170.10984233354998
33.43133473396301,3.123941807783287,9.538672876136017,-170.10984233354998
33.44559192657471,3.123941807783287,9.538672876136017,-170.10984233354998
33.45649027824402,3.123941807783287,9.538672876136017,-170.10984233354998
33.46709895133972,3.123941807783287,9.538672876136017,-170.10984233354998
33.47757291793823,3.123941807783287,9.538672876136017,-170.10984233354998
33.48804450035095,3.123941807783287,9.538672876136017,-170.10984233354998
33.499714374542236,3.123941807783287,9.538672876136017,-170.10984233354998
33.51056456565857,3.123941807783287,9.538672876136017,-170.10984233354998
33.52140259742737,3.123941807783287,9.538672876136017,-170.10984233354998
33.532278299331665,3.123941807783287,9.538672876136017,-170.10984233354998
33.54659652709961,3.123941807783287,9.538672876136017,-170.10984233354998
33.55713939666748,3.123941807783287,9.538672876136017,-170.10984233354998
33.56762480735779,3.123941807783287,9.538672876136017,-170.10984233354998
33.578086853027344,3.123941807783287,9.538672876136017,-170.10984233354998
33.588541746139526,3.123941807783287,9.538672876136017,-170.10984233354998
33.6002299785614,3.123941807783287,9.538672876136017,-170.10984233354998
33.611088037490845,3.123941807783287,9.538672876136017,-170.10984233354998
33.621943950653076,3.123941807783287,9.538672876136017,-170.10984233354998
33.63279604911804,3.123941807783287,9.538672876136017,-170.10984233354998
33.64705538749695,3.1245998129628076,9.545713174464664,-170.1097033265882
33.65755748748779,3.1245998129628076,9.545713174464664,-170.1097033265882
33.66803288459778,3.1245998129628076,9.545713174464664,-170.1097033265882
33.67849040031433,3.1245998129628076,9.545713174464664,-170.1097033265882
33.688945293426514,3.1245998129628076,9.545713174464664,-170.1097033265882
33.70133185386658,3.1245998129628076,9.545713174464664,-170.1097033265882
33.712188720703125,3.1245998129628076,9.545713174464664,-170.1097033265882
33.72305154800415,3.1245998129628076,9.545713174464664,-170.1097033265882
33.73391056060791,3.1245998129628076,9.545713174464664,-170.1097033265882
33.747464656829834,3.1245998129628076,9.545713174464664,-170.1097033265882
33.75795269012451,3.1245998129628076,9.545713174464664,-170.1097033265882
33.76843047142029,3.1245998129628076,9.545713174464664,-170.1097033265882
33.77890372276306,3.1245998129628076,9.545713174464664,-170.1097033265882
33.78937292098999,3.1245998129628076,9.545713174464664,-170.1097033265882
33.80173969268799,3.1245998129628076,9.545713174464664,-170.1097033265882
33.81258273124695,3.1245998129628076,9.545713174464664,-170.1097033265882
33.82344388961792,3.1245998129628076,9.545713174464664,-170.1097033265882
33.83429574966431,3.1245998129628076,9.545713174464664,-170.1097033265882
33.847090005874634,3.1245998129628076,9.545713174464664,-170.1097033265882
33.8575279712677,3.1245998129628076,9.545713174464664,-170.1097033265882
33.867980003356934,3.1245998129628076,9.545713174464664,-170.1097033265882
33.87846827507019,3.1245998129628076,9.545713174464664,-170.1097033265882
33.88896584510803,3.1245998129628076,9.545713174464664,-170.1097033265882
33.9006552696228,3.1245998129628076,9.545713174464664,-170.1097033265882
33.91150116920471,3.1245998129628076,9.545713174464664,-170.1097033265882
33.92235541343689,3.1245998129628076,9.545713174464664,-170.1097033265882
33.93325901031494,3.1245998129628076,9.545713174464664,-170.1097033265882
33.9467351436615,3.1245998129628076,9.545713174464664,-170.1097033265882
33.95763373374939,3.1245998129628076,9.545713174464664,-170.1097033265882
33.9680917263031,3.1245998129628076,9.545713174464664,-170.1097033265882
33.978546380996704,3.1245998129628076,9.545713174464664,-170.1097033265882
33.98903441429138,3.1245998129628076,9.545713174464664,-170.1097033265882
34.000712394714355,3.1245998129628076,9.545713174464664,-170.1097033265882
34.01157212257385,3.1245998129628076,9.545713174464664,-170.1097033265882
34.022404193878174,3.1245998129628076,9.545713174464664,-170.1097033265882
34.03330707550049,3.1245998129628076,9.545713174464664,-170.1097033265882
34.04683589935303,3.1245998129628076,9.545713174464664,-170.1097033265882
34.05774140357971,3.1245998129628076,9.545713174464664,-170.1097033265882
34.068204164505005,3.1245998129628076,9.545713174464664,-170.1097033265882
34.07864999771118,3.1245998129628076,9.545713174464664,-170.1097033265882
34.08912944793701,3.1245998129628076,9.545713174464664,-170.1097033265882
34.1008358001709,3.1245998129628076,9.545713174464664,-170.1097033265882
34.111714124679565,3.1245998129628076,9.545713174464664,-170.1097033265882
34.122674226760864,3.1245998129628076,9.545713174464664,-170.1097033265882
34.133471965789795,3.1245998129628076,9.545713174464664,-170.1097033265882
34.14687633514404,3.1252578923106036,9.552753618271764,-170.109564319744
34.1577832698822,3.1252578923106036,9.552753618271764,-170.109564319744
34.16826868057251,3.1252578923106036,9.552753618271764,-170.109564319744
34.17872714996338,3.1252578923106036,9.552753618271764,-170.109564319744
34.18916058540344,3.1252578923106036,9.552753618271764,-170.109564319744
34.20081043243408,3.1252578923106036,9.552753618271764,-170.109564319744
34.2116596698761,3.1252578923106036,9.552753618271764,-170.109564319744
34.22251796722412,3.1252578923106036,9.552753618271764,-170.109564319744
34.23337697982788,3.1252578923106036,9.552753618271764,-170.109564319744
34.246135234832764,3.1252578923106036,9.552753618271764,-170.109564319744
34.256959438323975,3.1252578923106036,9.552753618271764,-170.109564319744
34.267826557159424,3.1252578923106036,9.552753618271764,-170.109564319744
34.278295278549194,3.1252578923106036,9.552753618271764,-170.109564319744
34.28873324394226,3.1252578923106036,9.552753618271764,-170.109564319744
34.300533056259155,3.1323033294605613,9.552160560025305,-170.1090171886037
34.3110191822052,3.1323033294605613,9.552160560025305,-170.1090171886037
34.32187867164612,3.1323033294605613,9.552160560025305,-170.1090171886037
34.33272361755371,3.1323033294605613,9.552160560025305,-170.1090171886037
34.34618639945984,3.1321619864125747,9.551555814833346,-170.10718255116663
34.35706305503845,3.1321619864125747,9.551555814833346,-170.10718255116663
34.36792254447937,3.1321619864125747,9.551555814833346,-170.10718255116663
34.37840986251831,3.1321619864125747,9.551555814833346,-170.10718255116663
34.388880014419556,3.1321619864125747,9.551555814833346,-170.10718255116663
34.40069222450256,3.1321619864125747,9.551555814833346,-170.10718255116663
34.411118030548096,3.1321619864125747,9.551555814833346,-170.10718255116663
34.42193388938904,3.1321619864125747,9.551555814833346,-170.10718255116663
34.432793855667114,3.1321619864125747,9.551555814833346,-170.10718255116663
34.44711112976074,3.1321619864125747,9.551555814833346,-170.10718255116663
34.45794939994812,3.1321619864125747,9.551555814833346,-170.10718255116663
34.4684157371521,3.1321619864125747,9.551555814833346,-170.10718255116663
34.47884511947632,3.1321619864125747,9.551555814833346,-170.10718255116663
34.48931813240051,3.1321619864125747,9.551555814833346,-170.10718255116663
34.5010302066803,3.1321619864125747,9.551555814833346,-170.10718255116663
34.512083292007446,3.1321619864125747,9.551555814833346,-170.10718255116663
34.522927045822144,3.1321619864125747,9.551555814833346,-170.10718255116663
34.53375768661499,3.1321619864125747,9.551555814833346,-170.10718255116663
34.547242403030396,3.1321619864125747,9.551555814833346,-170.10718255116663
34.55813670158386,3.1321619864125747,9.551555814833346,-170.10718255116663
34.5686149597168,3.1321619864125747,9.551555814833346,-170.10718255116663
34.579070806503296,3.1321619864125747,9.551555814833346,-170.10718255116663
34.589497089385986,3.1321619864125747,9.551555814833346,-170.10718255116663
34.6011528968811,3.1321619864125747,9.551555814833346,-170.10718255116663
34.61220359802246,3.1321619864125747,9.551555814833346,-170.10718255116663
34.62265229225159,3.1321619864125747,9.551555814833346,-170.10718255116663
34.633493423461914,3.1321619864125747,9.551555814833346,-170.10718255116663
34.64697265625,3.1321619864125747,9.551555814833346,-170.10718255116663
34.65787053108215,3.1321619864125747,9.551555814833346,-170.10718255116663
34.66875696182251,3.1321619864125747,9.551555814833346,-170.10718255116663
34.679206132888794,3.1321619864125747,9.551555814833346,-170.10718255116663
34.6896333694458,3.1321619864125747,9.551555814833346,-170.10718255116663
34.7012677192688,3.1321619864125747,9.551555814833346,-170.10718255116663
34.712393283843994,3.1321619864125747,9.551555814833346,-170.10718255116663
34.72335648536682,3.1321619864125747,9.551555814833346,-170.10718255116663
34.73422074317932,3.1321619864125747,9.551555814833346,-170.10718255116663
34.747408866882324,3.1321619864125747,9.551555814833346,-170.10718255116663
34.758212089538574,3.1321619864125747,9.551555814833346,-170.10718255116663
34.768935680389404,3.1321619864125747,9.551555814833346,-170.10718255116663
34.779470920562744,3.1321619864125747,9.551555814833346,-170.10718255116663
34.789952754974365,3.1321619864125747,9.551555814833346,-170.10718255116663
34.80167627334595,3.1392070147459736,9.550962758673174,-170.10663545489675
34.812116861343384,3.1392070147459736,9.550962758673174,-170.10663545489675
34.82301306724548,3.1392070147459736,9.550962758673174,-170.10663545489675
34.833901166915894,3.1392070147459736,9.550962758673174,-170.10663545489675
34.84733295440674,3.1321619864125747,9.551555814833346,-170.10718255116663
34.858203172683716,3.1321619864125747,9.551555814833346,-170.10718255116663
34.86905646324158,3.1321619864125747,9.551555814833346,-170.10718255116663
34.879539251327515,3.1321619864125747,9.551555814833346,-170.10718255116663
34.89000582695007,3.1321619864125747,9.551555814833346,-170.10718255116663
34.90169310569763,3.1321619864125747,9.551555814833346,-170.10718255116663
34.91268062591553,3.1321619864125747,9.551555814833346,-170.10718255116663
34.923510789871216,3.1321619864125747,9.551555814833346,-170.10718255116663
34.93436098098755,3.1321619864125747,9.551555814833346,-170.10718255116663
34.94782876968384,3.1321619864125747,9.551555814833346,-170.10718255116663
34.958723306655884,3.1321619864125747,9.551555814833346,-170.10718255116663
34.96919393539429,3.1321619864125747,9.551555814833346,-170.10718255116663
34.97963786125183,3.1321619864125747,9.551555814833346,-170.10718255116663
34.99007987976074,3.1321619864125747,9.551555814833346,-170.10718255116663
35.00179171562195,3.1321619864125747,9.551555814833346,-170.10718255116663
35.01283812522888,3.1321619864125747,9.551555814833346,-170.10718255116663
35.02362322807312,3.1321619864125747,9.551555814833346,-170.10718255116663
35.034398555755615,3.1321619864125747,9.551555814833346,-170.10718255116663
35.04780054092407,3.1321619864125747,9.551555814833346,-170.10718255116663
35.05860924720764,3.1321619864125747,9.551555814833346,-170.10718255116663
35.069366216659546,3.1321619864125747,9.551555814833346,-170.10718255116663
35.07982420921326,3.1321619864125747,9.551555814833346,-170.10718255116663
35.090254068374634,3.1321619864125747,9.551555814833346,-170.10718255116663
35.101905822753906,3.1321619864125747,9.551555814833346,-170.10718255116663
35.11302447319031,3.1321619864125747,9.551555814833346,-170.10718255116663
35.12353301048279,3.1321619864125747,9.551555814833346,-170.10718255116663
35.134408712387085,3.1321619864125747,9.551555814833346,-170.10718255116663
35.14787268638611,3.1321619864125747,9.551555814833346,-170.10718255116663
35.158724308013916,3.1321619864125747,9.551555814833346,-170.10718255116663
35.16952085494995,3.1321619864125747,9.551555814833346,-170.10718255116663
35.17998933792114,3.1321619864125747,9.551555814833346,-170.10718255116663
35.19043850898743,3.1321619864125747,9.551555814833346,-170.10718255116663
35.20209002494812,3.1321619864125747,9.551555814833346,-170.10718255116663
35.21315145492554,3.1321619864125747,9.551555814833346,-170.10718255116663
35.22401452064514,3.1321619864125747,9.551555814833346,-170.10718255116663
35.23487329483032,3.1321619864125747,9.551555814833346,-170.10718255116663
35.24836349487305,3.1321619864125747,9.551555814833346,-170.10718255116663
35.25921010971069,3.1321619864125747,9.551555814833346,-170.10718255116663
35.269670724868774,3.1321619864125747,9.551555814833346,-170.10718255116663
35.28012561798096,3.1321619864125747,9.551555814833346,-170.10718255116663
35.290590047836304,3.1321619864125747,9.551555814833346,-170.10718255116663
35.30224537849426,3.1321619864125747,9.551555814833346,-170.10718255116663
35.31269025802612,3.1321619864125747,9.551555814833346,-170.10718255116663
35.3235125541687,3.1321619864125747,9.551555814833346,-170.10718255116663
35.33435916900635,3.1321619864125747,9.551555814833346,-170.10718255116663
35.34860134124756,3.12511698030641,9.552148872026448,-170.10772980351064
35.359490633010864,3.12511698030641,9.552148872026448,-170.10772980351064
35.36992597579956,3.12511698030641,9.552148872026448,-170.10772980351064
35.380361795425415,3.12511698030641,9.552148872026448,-170.10772980351064
35.39080810546875,3.12511698030641,9.552148872026448,-170.10772980351064
35.402474880218506,3.1257751310532744,9.559189016019198,-170.1075907636558
35.41345191001892,3.1257751310532744,9.559189016019198,-170.1075907636558
35.42424964904785,3.1257751310532744,9.559189016019198,-170.1075907636558
35.43505263328552,3.1257751310532744,9.559189016019198,-170.1075907636558
35.44924449920654,3.1257751310532744,9.559189016019198,-170.1075907636558
35.45995378494263,3.1257751310532744,9.559189016019198,-170.1075907636558
35.47042679786682,3.1257751310532744,9.559189016019198,-170.1075907636558
35.480886697769165,3.1257751310532744,9.559189016019198,-170.1075907636558
35.491392612457275,3.1257751310532744,9.559189016019198,-170.1075907636558
35.503819704055786,3.1257751310532744,9.559189016019198,-170.1075907636558
35.51468324661255,3.1257751310532744,9.559189016019198,-170.1075907636558
35.52551531791687,3.1257751310532744,9.559189016019198,-170.1075907636558
35.53635001182556,3.1257751310532744,9.559189016019198,-170.1075907636558
35.549975633621216,3.1257751310532744,9.559189016019198,-170.1075907636558
35.56048107147217,3.1257751310532744,9.559189016019198,-170.1075907636558
35.57096862792969,3.1257751310532744,9.559189016019198,-170.1075907636558
35.581438064575195,3.1257751310532744,9.559189016019198,-170.1075907636558
35.59188961982727,3.1257751310532744,9.559189016019198,-170.1075907636558
35.60437202453613,3.1257751310532744,9.559189016019198,-170.1075907636558
35.61528158187866,3.1257751310532744,9.559189016019198,-170.1075907636558
35.626121520996094,3.1257751310532744,9.559189016019198,-170.1075907636558
35.636945724487305,3.1257751310532744,9.559189016019198,-170.1075907636558
35.650442361831665,3.1257751310532744,9.559189016019198,-170.1075907636558
35.660937547683716,3.1257751310532744,9.559189016019198,-170.1075907636558
35.67141270637512,3.1257751310532744,9.559189016019198,-170.1075907636558
35.68182730674744,3.1257751310532744,9.559189016019198,-170.1075907636558
35.692211627960205,3.1257751310532744,9.559189016019198,-170.1075907636558
35.704495906829834,3.1257751310532744,9.559189016019198,-170.1075907636558
35.715283155441284,3.1257751310532744,9.559189016019198,-170.1075907636558
35.726176261901855,3.1257751310532744,9.559189016019198,-170.1075907636558
35.737053871154785,3.1257751310532744,9.559189016019198,-170.1075907636558
35.75061392784119,3.1257751310532744,9.559189016019198,-170.1075907636558
35.76107716560364,3.1257751310532744,9.559189016019198,-170.1075907636558
35.77153396606445,3.1257751310532744,9.559189016019198,-170.1075907636558
35.78199100494385,3.1257751310532744,9.559189016019198,-170.1075907636558
35.79242825508118,3.1257751310532744,9.559189016019198,-170.1075907636558
35.80481433868408,3.1257751310532744,9.559189016019198,-170.1075907636558
35.81566524505615,3.1257751310532744,9.559189016019198,-170.1075907636558
35.826513051986694,3.1257751310532744,9.559189016019198,-170.1075907636558
35.83738327026367,3.1257751310532744,9.559189016019198,-170.1075907636558
35.850157737731934,3.1257751310532744,9.559189016019198,-170.1075907636558
35.86077642440796,3.1257751310532744,9.559189016019198,-170.1075907636558
35.87120342254639,3.1257751310532744,9.559189016019198,-170.1075907636558
35.88165307044983,3.1257751310532744,9.559189016019198,-170.1075907636558
35.89210295677185,3.1257751310532744,9.559189016019198,-170.1075907636558
35.90375304222107,3.12511698030641,9.552148872026448,-170.10772980351064
35.91456413269043,3.12511698030641,9.552148872026448,-170.10772980351064
35.92535924911499,3.12511698030641,9.552148872026448,-170.10772980351064
35.9362416267395,3.12511698030641,9.552148872026448,-170.10772980351064
35.94972038269043,3.12511698030641,9.552148872026448,-170.10772980351064
35.96061158180237,3.12511698030641,9.552148872026448,-170.10772980351064
35.971054792404175,3.12511698030641,9.552148872026448,-170.10772980351064
35.98150062561035,3.12511698030641,9.552148872026448,-170.10772980351064
35.99196219444275,3.12511698030641,9.552148872026448,-170.10772980351064
36.00363826751709,3.12511698030641,9.552148872026448,-170.10772980351064
36.014456033706665,3.12511698030641,9.552148872026448,-170.10772980351064
36.025288581848145,3.12511698030641,9.552148872026448,-170.10772980351064
36.036128520965576,3.12511698030641,9.552148872026448,-170.10772980351064
36.049574851989746,3.12511698030641,9.552148872026448,-170.10772980351064
36.06044864654541,3.12511698030641,9.552148872026448,-170.10772980351064
36.0709011554718,3.12511698030641,9.552148872026448,-170.10772980351064
36.08132982254028,3.12511698030641,9.552148872026448,-170.10772980351064
36.091758728027344,3.12511698030641,9.552148872026448,-170.10772980351064
36.103498220443726,3.12511698030641,9.552148872026448,-170.10772980351064
36.11458373069763,3.12511698030641,9.552148872026448,-170.10772980351064
36.12544798851013,3.12511698030641,9.552148872026448,-170.10772980351064
36.136295318603516,3.12511698030641,9.552148872026448,-170.10772980351064
36.14976119995117,3.12511698030641,9.552148872026448,-170.10772980351064
36.16067290306091,3.12511698030641,9.552148872026448,-170.10772980351064
36.17116045951843,3.12511698030641,9.552148872026448,-170.10772980351064
36.18163824081421,3.12511698030641,9.552148872026448,-170.10772980351064
36.1920907497406,3.12511698030641,9.552148872026448,-170.10772980351064
36.20374774932861,3.12511698030641,9.552148872026448,-170.10772980351064
36.21471428871155,3.12511698030641,9.552148872026448,-170.10772980351064
36.22556686401367,3.12511698030641,9.552148872026448,-170.10772980351064
36.23644018173218,3.12511698030641,9.552148872026448,-170.10772980351064
36.24989867210388,3.118212477272658,9.553346677551291,-170.1101116068698
36.260772466659546,3.118212477272658,9.553346677551291,-170.1101116068698
36.27122616767883,3.118212477272658,9.553346677551291,-170.1101116068698
36.281718492507935,3.118212477272658,9.553346677551291,-170.1101116068698
36.29218912124634,3.118212477272658,9.553346677551291,-170.1101116068698
36.30387210845947,3.118212477272658,9.553346677551291,-170.1101116068698
36.31429624557495,3.118212477272658,9.553346677551291,-170.1101116068698
36.325138330459595,3.118212477272658,9.553346677551291,-170.1101116068698
36.33598065376282,3.118212477272658,9.553346677551291,-170.1101116068698
36.349480867385864,3.111167084240994,9.553939737863956,-170.1106590499595
36.36033082008362,3.111167084240994,9.553939737863956,-170.1106590499595
36.37121081352234,3.111167084240994,9.553939737863956,-170.1106590499595
36.381672859191895,3.111167084240994,9.553939737863956,-170.1106590499595
36.39215922355652,3.111167084240994,9.553939737863956,-170.1106590499595
36.4038622379303,3.111167084240994,9.553939737863956,-170.1106590499595
36.414299726486206,3.111167084240994,9.553939737863956,-170.1106590499595
36.42514085769653,3.111167084240994,9.553939737863956,-170.1106590499595
36.43596959114075,3.111167084240994,9.553939737863956,-170.1106590499595
36.449551820755005,3.118212477272658,9.553346677551291,-170.1101116068698
36.46057868003845,3.118212477272658,9.553346677551291,-170.1101116068698
36.471505641937256,3.118212477272658,9.553346677551291,-170.1101116068698
36.48193955421448,3.118212477272658,9.553346677551291,-170.1101116068698
36.49235820770264,3.118212477272658,9.553346677551291,-170.1101116068698
36.50410485267639,3.111167084240994,9.553939737863956,-170.1106590499595
36.51518893241882,3.111167084240994,9.553939737863956,-170.1106590499595
36.52595901489258,3.111167084240994,9.553939737863956,-170.1106590499595
36.53674340248108,3.111167084240994,9.553939737863956,-170.1106590499595
36.550949811935425,3.110563226895657,9.554079994614513,-170.11759430043554
36.56167650222778,3.110563226895657,9.554079994614513,-170.11759430043554
36.57207131385803,3.110563226895657,9.554079994614513,-170.11759430043554
36.582446575164795,3.110563226895657,9.554079994614513,-170.11759430043554
36.59293222427368,3.110563226895657,9.554079994614513,-170.11759430043554
36.60475182533264,3.110563226895657,9.554079994614513,-170.11759430043554
36.61557960510254,3.110563226895657,9.554079994614513,-170.11759430043554
36.62638807296753,3.110563226895657,9.554079994614513,-170.11759430043554
36.63717031478882,3.110563226895657,9.554079994614513,-170.11759430043554
36.65140652656555,3.1035178506588013,9.554672623312698,-170.1181419569805
36.66184163093567,3.1035178506588013,9.554672623312698,-170.1181419569805
36.67225694656372,3.1035178506588013,9.554672623312698,-170.1181419569805
36.682647943496704,3.1035178506588013,9.554672623312698,-170.1181419569805
36.693036794662476,3.1035178506588013,9.554672623312698,-170.1181419569805
36.70473504066467,3.1035178506588013,9.554672623312698,-170.1181419569805
36.715524673461914,3.1035178506588013,9.554672623312698,-170.1181419569805
36.726322412490845,3.1035178506588013,9.554672623312698,-170.1181419569805
36.737141370773315,3.1035178506588013,9.554672623312698,-170.1181419569805
36.751363039016724,3.1035178506588013,9.554672623312698,-170.1181419569805
36.76199507713318,3.1035178506588013,9.554672623312698,-170.1181419569805
36.77241373062134,3.1035178506588013,9.554672623312698,-170.1181419569805
36.78280997276306,3.1035178506588013,9.554672623312698,-170.1181419569805
36.79320478439331,3.1035178506588013,9.554672623312698,-170.1181419569805
36.805012226104736,3.1035178506588013,9.554672623312698,-170.1181419569805
36.81540822982788,3.1035178506588013,9.554672623312698,-170.1181419569805
36.82620882987976,3.1035178506588013,9.554672623312698,-170.1181419569805
36.83697843551636,3.1035178506588013,9.554672623312698,-170.1181419569805
36.851125955581665,3.1035178506588013,9.554672623312698,-170.1181419569805
36.861948013305664,3.1035178506588013,9.554672623312698,-170.1181419569805
36.872355222702026,3.1035178506588013,9.554672623312698,-170.1181419569805
36.88279461860657,3.1035178506588013,9.554672623312698,-170.1181419569805
36.89318799972534,3.1035178506588013,9.554672623312698,-170.1181419569805
36.90485858917236,3.1035178506588013,9.554672623312698,-170.1181419569805
36.915822982788086,3.1035178506588013,9.554672623312698,-170.1181419569805
36.92662262916565,3.1035178506588013,9.554672623312698,-170.1181419569805
36.93742656707764,3.1035178506588013,9.554672623312698,-170.1181419569805
36.95159578323364,3.1035178506588013,9.554672623312698,-170.1181419569805
36.962313652038574,3.1035178506588013,9.554672623312698,-170.1181419569805
36.972721338272095,3.1035178506588013,9.554672623312698,-170.1181419569805
36.98311519622803,3.1035178506588013,9.554672623312698,-170.1181419569805
36.993510007858276,3.1035178506588013,9.554672623312698,-170.1181419569805
37.005186557769775,3.1035178506588013,9.554672623312698,-170.1181419569805
37.01597738265991,3.1035178506588013,9.554672623312698,-170.1181419569805
37.02677774429321,3.1035178506588013,9.554672623312698,-170.1181419569805
37.037540674209595,3.1035178506588013,9.554672623312698,-170.1181419569805
37.05172371864319,3.1035178506588013,9.554672623312698,-170.1181419569805
37.06246900558472,3.1035178506588013,9.554672623312698,-170.1181419569805
37.07310676574707,3.1035178506588013,9.554672623312698,-170.1181419569805
37.083526372909546,3.1035178506588013,9.554672623312698,-170.1181419569805
37.09392189979553,3.1035178506588013,9.554672623312698,-170.1181419569805
37.10561418533325,3.1035178506588013,9.554672623312698,-170.1181419569805
37.11643743515015,3.1035178506588013,9.554672623312698,-170.1181419569805
37.12724471092224,3.1035178506588013,9.554672623312698,-170.1181419569805
37.138054847717285,3.1035178506588013,9.554672623312698,-170.1181419569805
37.152246713638306,3.1035178506588013,9.554672623312698,-170.1181419569805
37.16265559196472,3.1035178506588013,9.554672623312698,-170.1181419569805
37.173126220703125,3.1035178506588013,9.554672623312698,-170.1181419569805
37.18355965614319,3.1035178506588013,9.554672623312698,-170.1181419569805
37.19396114349365,3.1035178506588013,9.554672623312698,-170.1181419569805
37.2056725025177,3.1035178506588013,9.554672623312698,-170.1181419569805
37.216495752334595,3.1035178506588013,9.554672623312698,-170.1181419569805
37.2272846698761,3.1035178506588013,9.554672623312698,-170.1181419569805
37.23805260658264,3.1035178506588013,9.554672623312698,-170.1181419569805
37.25226807594299,3.1035178506588013,9.554672623312698,-170.1181419569805
37.26277494430542,3.1035178506588013,9.554672623312698,-170.1181419569805
37.2731716632843,3.1035178506588013,9.554672623312698,-170.1181419569805
37.283560276031494,3.1035178506588013,9.554672623312698,-170.1181419569805
37.29395604133606,3.1035178506588013,9.554672623312698,-170.1181419569805
37.30565047264099,3.0964724962258985,9.555265253042663,-170.11868976934613
37.316046714782715,3.0964724962258985,9.555265253042663,-170.11868976934613
37.32683205604553,3.0964724962258985,9.555265253042663,-170.11868976934613
37.33763647079468,3.0964724962258985,9.555265253042663,-170.11868976934613
37.351903676986694,3.0964724962258985,9.555265253042663,-170.11868976934613
37.36271786689758,3.0964724962258985,9.555265253042663,-170.11868976934613
37.373122453689575,3.0964724962258985,9.555265253042663,-170.11868976934613
37.383517026901245,3.0964724962258985,9.555265253042663,-170.11868976934613
37.39390444755554,3.0964724962258985,9.555265253042663,-170.11868976934613
37.405571699142456,3.0964724962258985,9.555265253042663,-170.11868976934613
37.41659140586853,3.0964724962258985,9.555265253042663,-170.11868976934613
37.427401304244995,3.0964724962258985,9.555265253042663,-170.11868976934613
37.43819069862366,3.0964724962258985,9.555265253042663,-170.11868976934613
