Time,Roll,Pitch,Yaw
0.0007245540618896484,0.0,0.0,0.0
0.011548042297363281,0.0,0.0,0.0
0.02237725257873535,0.0,0.0,0.0
0.03320956230163574,0.0,0.0,0.0
0.04653573036193848,0.0,0.0,128.32174928971483
0.056911468505859375,0.0,0.0,128.32174928971483
0.06728029251098633,0.0,0.0,128.32174928971483
0.07766103744506836,0.0,0.0,128.32174928971483
0.08994626998901367,0.006294873115385839,0.0030483988053795143,128.32174962461912
0.10071015357971191,0.006294873115385839,0.0030483988053795143,128.32174962461912
0.11147928237915039,0.006294873115385839,0.0030483988053795143,128.32174962461912
0.12228178977966309,0.006294873115385839,0.0030483988053795143,128.32174962461912
0.13305354118347168,0.006294873115385839,0.0030483988053795143,128.32174962461912
0.14633798599243164,0.006294873115385839,0.0030483988053795143,128.32174962461912
0.1567246913909912,0.006294873115385839,0.0030483988053795143,128.32174962461912
0.1670823097229004,0.006294873115385839,0.0030483988053795143,128.32174962461912
0.1774425506591797,0.006294873115385839,0.0030483988053795143,128.32174962461912
0.18898820877075195,0.0125897463602087,0.00609679761938822,128.32175062933197
0.19973063468933105,0.0125897463602087,0.00609679761938822,128.32175062933197
0.21047496795654297,0.0125897463602087,0.00609679761938822,128.32175062933197
0.22124457359313965,0.0125897463602087,0.00609679761938822,128.32175062933197
0.23202776908874512,0.0125897463602087,0.00609679761938822,128.32175062933197
0.2455441951751709,0.0125897463602087,0.00609679761938822,128.32175062933197
0.2559783458709717,0.0125897463602087,0.00609679761938822,128.32175062933197
0.26634740829467773,0.0125897463602087,0.00609679761938822,128.32175062933197
0.2767162322998047,0.0125897463602087,0.00609679761938822,128.32175062933197
0.2870802879333496,0.0125897463602087,0.00609679761938822,128.32175062933197
0.299349308013916,0.015836221254125333,0.015440069692511969,128.3217530979472
0.3101363182067871,0.015836221254125333,0.015440069692511969,128.3217530979472
0.32088351249694824,0.015836221254125333,0.015440069692511969,128.3217530979472
0.33187317848205566,0.015836221254125333,0.015440069692511969,128.3217530979472
0.34466552734375,-1.3149746195979468,0.6609921315361722,128.31359190865348
0.3556666374206543,-1.3149746195979468,0.6609921315361722,128.31359190865348
0.36624813079833984,-1.3149746195979468,0.6609921315361722,128.31359190865348
0.3768327236175537,-1.3149746195979468,0.6609921315361722,128.31359190865348
0.3874223232269287,-1.3149746195979468,0.6609921315361722,128.31359190865348
0.3999333381652832,-1.3706135889015931,0.7116710770011896,128.3054257533375
0.41091012954711914,-1.3706135889015931,0.7116710770011896,128.3054257533375
0.4216580390930176,-1.3706135889015931,0.7116710770011896,128.3054257533375
0.43242931365966797,-1.3706135889015931,0.7116710770011896,128.3054257533375
0.4458491802215576,-1.3706135889015931,0.7116710770011896,128.3054257533375
0.4564502239227295,-1.3706135889015931,0.7116710770011896,128.3054257533375
0.46703052520751953,-1.3706135889015931,0.7116710770011896,128.3054257533375
0.47760748863220215,-1.3706135889015931,0.7116710770011896,128.3054257533375
0.4881913661956787,-1.3706135889015931,0.7116710770011896,128.3054257533375
0.5006692409515381,-1.3706135889015931,0.7116710770011896,128.3054257533375
0.5116446018218994,-1.3706135889015931,0.7116710770011896,128.3054257533375
0.5225863456726074,-1.3706135889015931,0.7116710770011896,128.3054257533375
0.5335838794708252,-1.3706135889015931,0.7116710770011896,128.3054257533375
0.5463497638702393,-1.3643181950320853,0.7147197119846763,128.30538448250311
0.5570082664489746,-1.3643181950320853,0.7147197119846763,128.30538448250311
0.5674533843994141,-1.3643181950320853,0.7147197119846763,128.30538448250311
0.5778536796569824,-1.3643181950320853,0.7147197119846763,128.30538448250311
0.5896580219268799,-1.3612668392495677,0.7084252072398703,128.30541915032114
0.6006338596343994,-1.3612668392495677,0.7084252072398703,128.30541915032114
0.6116189956665039,-1.3612668392495677,0.7084252072398703,128.30541915032114
0.6226060390472412,-1.3612668392495677,0.7084252072398703,128.30541915032114
0.6335904598236084,-1.3612668392495677,0.7084252072398703,128.30541915032114
0.6463255882263184,-1.3613419558667021,0.7083692807914931,128.30151763401335
0.656912088394165,-1.3613419558667021,0.7083692807914931,128.30151763401335
0.6675240993499756,-1.3613419558667021,0.7083692807914931,128.30151763401335
0.678117036819458,-1.3613419558667021,0.7083692807914931,128.30151763401335
0.6898684501647949,-1.3550465807948247,0.711418340512812,128.3014767632609
0.7008066177368164,-1.3550465807948247,0.711418340512812,128.3014767632609
0.7118020057678223,-1.3550465807948247,0.711418340512812,128.3014767632609
0.7227597236633301,-1.3550465807948247,0.711418340512812,128.3014767632609
0.733745813369751,-1.3550465807948247,0.711418340512812,128.3014767632609
0.7464730739593506,-1.3550465807948247,0.711418340512812,128.3014767632609
0.7570531368255615,-1.3550465807948247,0.711418340512812,128.3014767632609
0.7676331996917725,-1.3550465807948247,0.711418340512812,128.3014767632609
0.7782108783721924,-1.3550465807948247,0.711418340512812,128.3014767632609
0.7899706363677979,-1.3487512175895573,0.7144674022489418,128.30143656236234
0.8007316589355469,-1.3487512175895573,0.7144674022489418,128.30143656236234
0.811309814453125,-1.3487512175895573,0.7144674022489418,128.30143656236234
0.822282075881958,-1.3487512175895573,0.7144674022489418,128.30143656236234
0.833261251449585,-1.3487512175895573,0.7144674022489418,128.30143656236234
0.8459761142730713,-1.3518029869867814,0.7207619152730405,128.3014024296183
0.8565599918365479,-1.3518029869867814,0.7207619152730405,128.3014024296183
0.867142915725708,-1.3518029869867814,0.7207619152730405,128.3014024296183
0.8777356147766113,-1.3518029869867814,0.7207619152730405,128.3014024296183
0.8883113861083984,-1.3518029869867814,0.7207619152730405,128.3014024296183
0.9008026123046875,-1.3455076288806778,0.7238109832371704,128.30136316312843
0.911780595779419,-1.3455076288806778,0.7238109832371704,128.30136316312843
0.9227683544158936,-1.3455076288806778,0.7238109832371704,128.30136316312843
0.9337544441223145,-1.3455076288806778,0.7238109832371704,128.30136316312843
0.9464836120605469,-1.342455866121557,0.7175164660085211,128.30139703132323
0.9570691585540771,-1.342455866121557,0.7175164660085211,128.30139703132323
0.9676597118377686,-1.342455866121557,0.7175164660085211,128.30139703132323
0.9782638549804688,-1.342455866121557,0.7175164660085211,128.30139703132323
0.98883056640625,-1.342455866121557,0.7175164660085211,128.30139703132323
1.0013530254364014,-1.342455866121557,0.7175164660085211,128.30139703132323
1.012129545211792,-1.342455866121557,0.7175164660085211,128.30139703132323
1.0229222774505615,-1.342455866121557,0.7175164660085211,128.30139703132323
1.0336923599243164,-1.342455866121557,0.7175164660085211,128.30139703132323
1.0464115142822266,-1.342455866121557,0.7175164660085211,128.30139703132323
1.0567855834960938,-1.342455866121557,0.7175164660085211,128.30139703132323
1.067152738571167,-1.342455866121557,0.7175164660085211,128.30139703132323
1.0775210857391357,-1.342455866121557,0.7175164660085211,128.30139703132323
1.0878915786743164,-1.342455866121557,0.7175164660085211,128.30139703132323
1.0994760990142822,-1.3487512175895573,0.7144674022489418,128.30143656236234
1.1103568077087402,-1.3487512175895573,0.7144674022489418,128.30143656236234
1.1211216449737549,-1.3487512175895573,0.7144674022489418,128.30143656236234
1.1318659782409668,-1.3487512175895573,0.7144674022489418,128.30143656236234
1.1452412605285645,-1.3487512175895573,0.7144674022489418,128.30143656236234
1.1558122634887695,-1.3487512175895573,0.7144674022489418,128.30143656236234
1.1665840148925781,-1.3487512175895573,0.7144674022489418,128.30143656236234
1.1769521236419678,-1.3487512175895573,0.7144674022489418,128.30143656236234
1.1873204708099365,-1.3487512175895573,0.7144674022489418,128.30143656236234
1.199173927307129,-1.3456247863517687,0.7082279704554707,128.30537222776272
1.2096614837646484,-1.3456247863517687,0.7082279704554707,128.30537222776272
1.2200360298156738,-1.3456247863517687,0.7082279704554707,128.30537222776272
1.230865716934204,-1.3456247863517687,0.7082279704554707,128.30537222776272
1.2450249195098877,-1.3394041317606706,0.7112219574401843,128.30143089956874
1.2557990550994873,-1.3394041317606706,0.7112219574401843,128.30143089956874
1.2666616439819336,-1.3394041317606706,0.7112219574401843,128.30143089956874
1.2770888805389404,-1.3394041317606706,0.7112219574401843,128.30143089956874
1.287477731704712,-1.3394041317606706,0.7112219574401843,128.30143089956874
1.2993481159210205,-1.33635242567882,0.7049274574561551,128.30146476786493
1.3097200393676758,-1.33635242567882,0.7049274574561551,128.30146476786493
1.320646047592163,-1.33635242567882,0.7049274574561551,128.30146476786493
1.3314151763916016,-1.33635242567882,0.7049274574561551,128.30146476786493
1.3448233604431152,-1.33635242567882,0.7049274574561551,128.30146476786493
1.3555872440338135,-1.33635242567882,0.7049274574561551,128.30146476786493
1.3665947914123535,-1.33635242567882,0.7049274574561551,128.30146476786493
1.3771007061004639,-1.33635242567882,0.7049274574561551,128.30146476786493
1.387500286102295,-1.33635242567882,0.7049274574561551,128.30146476786493
1.3995060920715332,-1.3456994766486368,0.7081728978483387,128.3014706951579
1.410395622253418,-1.3456994766486368,0.7081728978483387,128.3014706951579
1.421137809753418,-1.3456994766486368,0.7081728978483387,128.3014706951579
1.4319062232971191,-1.3456994766486368,0.7081728978483387,128.3014706951579
1.4453129768371582,-1.342455866121557,0.7175164660085211,128.30139703132323
1.456073522567749,-1.342455866121557,0.7175164660085211,128.30139703132323
1.4668402671813965,-1.342455866121557,0.7175164660085211,128.30139703132323
1.4772133827209473,-1.342455866121557,0.7175164660085211,128.30139703132323
1.4875741004943848,-1.342455866121557,0.7175164660085211,128.30139703132323
1.4996376037597656,-1.342455866121557,0.7175164660085211,128.30139703132323
1.5100038051605225,-1.342455866121557,0.7175164660085211,128.30139703132323
1.5209486484527588,-1.342455866121557,0.7175164660085211,128.30139703132323
1.5316567420959473,-1.342455866121557,0.7175164660085211,128.30139703132323
1.5443718433380127,-1.339212282354285,0.726860053251223,128.30132456650412
1.5551326274871826,-1.339212282354285,0.726860053251223,128.30132456650412
1.5658798217773438,-1.339212282354285,0.726860053251223,128.30132456650412
1.576643705368042,-1.339212282354285,0.726860053251223,128.30132456650412
1.5873866081237793,-1.339212282354285,0.726860053251223,128.30132456650412
1.599010944366455,-1.339212282354285,0.726860053251223,128.30132456650412
1.6093692779541016,-1.339212282354285,0.726860053251223,128.30132456650412
1.6197266578674316,-1.339212282354285,0.726860053251223,128.30132456650412
1.63008451461792,-1.339212282354285,0.726860053251223,128.30132456650412
1.6423287391662598,-1.3455285422359453,0.7236807723679622,128.28947217760825
1.653087854385376,-1.3455285422359453,0.7236807723679622,128.28947217760825
1.6638357639312744,-1.3455285422359453,0.7236807723679622,128.28947217760825
1.6746041774749756,-1.3455285422359453,0.7236807723679622,128.28947217760825
1.6853435039520264,-1.3455285422359453,0.7236807723679622,128.28947217760825
1.6986088752746582,-1.3455285422359453,0.7236807723679622,128.28947217760825
1.708958387374878,-1.3455285422359453,0.7236807723679622,128.28947217760825
1.7193388938903809,-1.3455285422359453,0.7236807723679622,128.28947217760825
1.729698896408081,-1.3455285422359453,0.7236807723679622,128.28947217760825
1.7412290573120117,-1.342455866121557,0.7175164660085211,128.30139703132323
1.7519924640655518,-1.342455866121557,0.7175164660085211,128.30139703132323
1.7627360820770264,-1.342455866121557,0.7175164660085211,128.30139703132323
1.7734763622283936,-1.342455866121557,0.7175164660085211,128.30139703132323
1.784221887588501,-1.342455866121557,0.7175164660085211,128.30139703132323
1.7977349758148193,-1.3455285422359453,0.7236807723679622,128.28947217760825
1.8081188201904297,-1.3455285422359453,0.7236807723679622,128.28947217760825
1.8184688091278076,-1.3455285422359453,0.7236807723679622,128.28947217760825
1.8288507461547852,-1.3455285422359453,0.7236807723679622,128.28947217760825
1.8392140865325928,-1.3455285422359453,0.7236807723679622,128.28947217760825
1.8507652282714844,-1.3422858339420927,0.7330243723362125,128.28939995328759
1.8615176677703857,-1.3422858339420927,0.7330243723362125,128.28939995328759
1.8722572326660156,-1.3422858339420927,0.7330243723362125,128.28939995328759
1.8830010890960693,-1.3422858339420927,0.7330243723362125,128.28939995328759
1.8964262008666992,-1.3422858339420927,0.7330243723362125,128.28939995328759
1.9072203636169434,-1.3422858339420927,0.7330243723362125,128.28939995328759
1.9178695678710938,-1.3422858339420927,0.7330243723362125,128.28939995328759
1.9282350540161133,-1.3422858339420927,0.7330243723362125,128.28939995328759
1.9386277198791504,-1.3422858339420927,0.7330243723362125,128.28939995328759
1.9503915309906006,-1.3422858339420927,0.7330243723362125,128.28939995328759
1.9607741832733154,-1.3422858339420927,0.7330243723362125,128.28939995328759
1.9711341857910156,-1.3422858339420927,0.7330243723362125,128.28939995328759
1.9819378852844238,-1.3422858339420927,0.7330243723362125,128.28939995328759
1.9953157901763916,-1.3485807603186726,0.729974871229966,128.28943831525916
2.0061564445495605,-1.3485807603186726,0.729974871229966,128.28943831525916
2.0169126987457275,-1.3485807603186726,0.729974871229966,128.28943831525916
2.0277047157287598,-1.3485807603186726,0.729974871229966,128.28943831525916
2.0380706787109375,-1.3485807603186726,0.729974871229966,128.28943831525916
2.0496976375579834,-1.3485807603186726,0.729974871229966,128.28943831525916
2.0600638389587402,-1.3485807603186726,0.729974871229966,128.28943831525916
2.070448875427246,-1.3485807603186726,0.729974871229966,128.28943831525916
2.0807981491088867,-1.3485807603186726,0.729974871229966,128.28943831525916
2.092350721359253,-1.3485807603186726,0.729974871229966,128.28943831525916
2.103123664855957,-1.3485807603186726,0.729974871229966,128.28943831525916
2.1138916015625,-1.3485807603186726,0.729974871229966,128.28943831525916
2.124631643295288,-1.3485807603186726,0.729974871229966,128.28943831525916
2.135413885116577,-1.3485807603186726,0.729974871229966,128.28943831525916
2.148184299468994,-1.3548756982493413,0.7269253721916857,128.2894773472679
2.1585662364959717,-1.3548756982493413,0.7269253721916857,128.2894773472679
2.1689319610595703,-1.3548756982493413,0.7269253721916857,128.2894773472679
2.179290771484375,-1.3548756982493413,0.7269253721916857,128.2894773472679
2.189650535583496,-1.3548756982493413,0.7269253721916857,128.2894773472679
2.2011992931365967,-1.3486353911302544,0.7300508632525325,128.29742844735662
2.212000846862793,-1.3486353911302544,0.7300508632525325,128.29742844735662
2.2227420806884766,-1.3486353911302544,0.7300508632525325,128.29742844735662
2.2334868907928467,-1.3486353911302544,0.7300508632525325,128.29742844735662
2.246894598007202,-1.3548756982493413,0.7269253721916857,128.2894773472679
2.2576565742492676,-1.3548756982493413,0.7269253721916857,128.2894773472679
2.268420696258545,-1.3548756982493413,0.7269253721916857,128.2894773472679
2.27878737449646,-1.3548756982493413,0.7269253721916857,128.2894773472679
2.289278268814087,-1.3548756982493413,0.7269253721916857,128.2894773472679
2.300907850265503,-1.3548756982493413,0.7269253721916857,128.2894773472679
2.3113019466400146,-1.3548756982493413,0.7269253721916857,128.2894773472679
2.3221731185913086,-1.3548756982493413,0.7269253721916857,128.2894773472679
2.332944869995117,-1.3548756982493413,0.7269253721916857,128.2894773472679
2.345627784729004,-1.3611706478634544,0.7238758752127289,128.28951704930833
2.3563778400421143,-1.3611706478634544,0.7238758752127289,128.28951704930833
2.3671209812164307,-1.3611706478634544,0.7238758752127289,128.28951704930833
2.3775887489318848,-1.3611706478634544,0.7238758752127289,128.28951704930833
2.388390302658081,-1.3611706478634544,0.7238758752127289,128.28951704930833
2.4002110958099365,-1.3611706478634544,0.7238758752127289,128.28951704930833
2.4105794429779053,-1.3611706478634544,0.7238758752127289,128.28951704930833
2.4209342002868652,-1.3611706478634544,0.7238758752127289,128.28951704930833
2.4313151836395264,-1.3611706478634544,0.7238758752127289,128.28951704930833
2.4428560733795166,-1.3611706478634544,0.7238758752127289,128.28951704930833
2.4536054134368896,-1.3611706478634544,0.7238758752127289,128.28951704930833
2.4643757343292236,-1.3611706478634544,0.7238758752127289,128.28951704930833
2.475123882293701,-1.3611706478634544,0.7238758752127289,128.28951704930833
2.485893726348877,-1.3611706478634544,0.7238758752127289,128.28951704930833
2.4986414909362793,-1.3612466183376493,0.7238203754967333,128.28561714434773
2.509023904800415,-1.3612466183376493,0.7238203754967333,128.28561714434773
2.519381284713745,-1.3612466183376493,0.7238203754967333,128.28561714434773
2.5297629833221436,-1.3612466183376493,0.7238203754967333,128.28561714434773
2.5401268005371094,-1.3612466183376493,0.7238203754967333,128.28561714434773
2.551758050918579,-1.367541579514761,0.7207704536850956,128.2856575216922
2.5625202655792236,-1.367541579514761,0.7207704536850956,128.2856575216922
2.573265552520752,-1.367541579514761,0.7207704536850956,128.2856575216922
2.5840342044830322,-1.367541579514761,0.7207704536850956,128.2856575216922
2.5974740982055664,-1.367541579514761,0.7207704536850956,128.2856575216922
2.608243703842163,-1.367541579514761,0.7207704536850956,128.2856575216922
2.6189448833465576,-1.367541579514761,0.7207704536850956,128.2856575216922
2.6293280124664307,-1.367541579514761,0.7207704536850956,128.2856575216922
2.6396944522857666,-1.367541579514761,0.7207704536850956,128.2856575216922
2.6513655185699463,-1.3644889146262627,0.7144763675692635,128.28569217157352
2.661726951599121,-1.3644889146262627,0.7144763675692635,128.28569217157352
2.672588586807251,-1.3644889146262627,0.7144763675692635,128.28569217157352
2.683335781097412,-1.3644889146262627,0.7144763675692635,128.28569217157352
2.6967427730560303,-1.3644889146262627,0.7144763675692635,128.28569217157352
2.7075035572052,-1.3644889146262627,0.7144763675692635,128.28569217157352
2.7182421684265137,-1.3644889146262627,0.7144763675692635,128.28569217157352
2.7290382385253906,-1.3644889146262627,0.7144763675692635,128.28569217157352
2.7393994331359863,-1.3644889146262627,0.7144763675692635,128.28569217157352
2.751493453979492,-1.3707838811372592,0.7114264519877308,128.2857334833727
2.7618539333343506,-1.3707838811372592,0.7114264519877308,128.2857334833727
2.7727458477020264,-1.3707838811372592,0.7114264519877308,128.2857334833727
2.783487558364868,-1.3707838811372592,0.7114264519877308,128.2857334833727
2.7968742847442627,-1.3708030870269798,0.7112945337921385,128.27384256999161
2.807661294937134,-1.3708030870269798,0.7112945337921385,128.27384256999161
2.8184027671813965,-1.3708030870269798,0.7112945337921385,128.27384256999161
2.8291678428649902,-1.3708030870269798,0.7112945337921385,128.27384256999161
2.8395354747772217,-1.3708030870269798,0.7112945337921385,128.27384256999161
2.8516478538513184,-1.3708030870269798,0.7112945337921385,128.27384256999161
2.8619983196258545,-1.3708030870269798,0.7112945337921385,128.27384256999161
2.8729097843170166,-1.3708030870269798,0.7112945337921385,128.27384256999161
2.8836874961853027,-1.3708030870269798,0.7112945337921385,128.27384256999161
2.897085666656494,-1.3708030870269798,0.7112945337921385,128.27384256999161
2.907844305038452,-1.3708030870269798,0.7112945337921385,128.27384256999161
2.918588161468506,-1.3708030870269798,0.7112945337921385,128.27384256999161
2.9293835163116455,-1.3708030870269798,0.7112945337921385,128.27384256999161
2.9397482872009277,-1.3708030870269798,0.7112945337921385,128.27384256999161
2.9517951011657715,-1.3708030870269798,0.7112945337921385,128.27384256999161
2.962160348892212,-1.3708030870269798,0.7112945337921385,128.27384256999161
2.972515344619751,-1.3708030870269798,0.7112945337921385,128.27384256999161
2.9834706783294678,-1.3708030870269798,0.7112945337921385,128.27384256999161
2.9961698055267334,-1.3708030870269798,0.7112945337921385,128.27384256999161
3.006979465484619,-1.3708030870269798,0.7112945337921385,128.27384256999161
3.0177395343780518,-1.3708030870269798,0.7112945337921385,128.27384256999161
3.0285093784332275,-1.3708030870269798,0.7112945337921385,128.27384256999161
3.0393009185791016,-1.3708030870269798,0.7112945337921385,128.27384256999161
3.0511910915374756,-1.3614362784304526,0.7081822900758654,128.28572682150792
3.061553716659546,-1.3614362784304526,0.7081822900758654,128.28572682150792
3.0719151496887207,-1.3614362784304526,0.7081822900758654,128.28572682150792
3.0823049545288086,-1.3614362784304526,0.7081822900758654,128.28572682150792
3.0938546657562256,-1.3614554843814428,0.7080512258116458,128.2738358716566
3.1046297550201416,-1.3614554843814428,0.7080512258116458,128.2738358716566
3.1154000759124756,-1.3614554843814428,0.7080512258116458,128.2738358716566
3.1261658668518066,-1.3614554843814428,0.7080512258116458,128.2738358716566
3.1369385719299316,-1.3614554843814428,0.7080512258116458,128.2738358716566
3.149702310562134,-1.3551609632808457,0.7111015660824007,128.27379493507976
3.1600918769836426,-1.3551609632808457,0.7111015660824007,128.27379493507976
3.170461416244507,-1.3551609632808457,0.7111015660824007,128.27379493507976
3.180821180343628,-1.3551609632808457,0.7111015660824007,128.27379493507976
3.191196918487549,-1.3551609632808457,0.7111015660824007,128.27379493507976
3.2027406692504883,-1.3551609632808457,0.7111015660824007,128.27379493507976
3.213689088821411,-1.3551609632808457,0.7111015660824007,128.27379493507976
3.2244582176208496,-1.3551609632808457,0.7111015660824007,128.27379493507976
3.235196113586426,-1.3551609632808457,0.7111015660824007,128.27379493507976
3.248581886291504,-1.348866454051367,0.7141519083687613,128.27375466867727
3.2593770027160645,-1.348866454051367,0.7141519083687613,128.27375466867727
3.2699146270751953,-1.348866454051367,0.7141519083687613,128.27375466867727
3.280362129211426,-1.348866454051367,0.7141519083687613,128.27375466867727
3.290799856185913,-1.348866454051367,0.7141519083687613,128.27375466867727
3.3023841381073,-1.348866454051367,0.7141519083687613,128.27375466867727
3.3128409385681152,-1.348866454051367,0.7141519083687613,128.27375466867727
3.3236818313598633,-1.348866454051367,0.7141519083687613,128.27375466867727
3.334444761276245,-1.348866454051367,0.7141519083687613,128.27375466867727
3.3478686809539795,-1.3425719565636398,0.717202252679377,128.27371507245465
3.358673572540283,-1.3425719565636398,0.717202252679377,128.27371507245465
3.3694393634796143,-1.3425719565636398,0.717202252679377,128.27371507245465
3.379807233810425,-1.3425719565636398,0.717202252679377,128.27371507245465
3.390174627304077,-1.3425719565636398,0.717202252679377,128.27371507245465
3.4023070335388184,-1.3425719565636398,0.717202252679377,128.27371507245465
3.4126670360565186,-1.3425719565636398,0.717202252679377,128.27371507245465
3.423029661178589,-1.3425719565636398,0.717202252679377,128.27371507245465
3.433932304382324,-1.3425719565636398,0.717202252679377,128.27371507245465
3.447700023651123,-1.3395189417794702,0.7109085983807294,128.27374892326628
3.4584929943084717,-1.3395189417794702,0.7109085983807294,128.27374892326628
3.469261884689331,-1.3395189417794702,0.7109085983807294,128.27374892326628
3.4800212383270264,-1.3395189417794702,0.7109085983807294,128.27374892326628
3.4903879165649414,-1.3395189417794702,0.7109085983807294,128.27374892326628
3.502464771270752,-1.3332991532745635,0.7139047217037499,128.26981139945053
3.5128226280212402,-1.3332991532745635,0.7139047217037499,128.26981139945053
3.5231854915618896,-1.3332991532745635,0.7139047217037499,128.26981139945053
3.534231185913086,-1.3332991532745635,0.7139047217037499,128.26981139945053
3.547726631164551,-1.3302457465018351,0.7076110719090817,128.26984498010515
3.558497905731201,-1.3302457465018351,0.7076110719090817,128.26984498010515
3.569265604019165,-1.3302457465018351,0.7076110719090817,128.26984498010515
3.5800271034240723,-1.3302457465018351,0.7076110719090817,128.26984498010515
3.590390920639038,-1.3302457465018351,0.7076110719090817,128.26984498010515
3.602013349533081,-1.3332991532745635,0.7139047217037499,128.26981139945053
3.612370014190674,-1.3332991532745635,0.7139047217037499,128.26981139945053
3.622729539871216,-1.3332991532745635,0.7139047217037499,128.26981139945053
3.633087158203125,-1.3332991532745635,0.7139047217037499,128.26981139945053
3.6454005241394043,-1.3332991532745635,0.7139047217037499,128.26981139945053
3.6561477184295654,-1.3332991532745635,0.7139047217037499,128.26981139945053
3.6669180393218994,-1.3332991532745635,0.7139047217037499,128.26981139945053
3.677657127380371,-1.3332991532745635,0.7139047217037499,128.26981139945053
3.6884007453918457,-1.3332991532745635,0.7139047217037499,128.26981139945053
3.7016522884368896,-1.3332991532745635,0.7139047217037499,128.26981139945053
3.7120234966278076,-1.3332991532745635,0.7139047217037499,128.26981139945053
3.7223827838897705,-1.3332991532745635,0.7139047217037499,128.26981139945053
3.7327401638031006,-1.3332991532745635,0.7139047217037499,128.26981139945053
3.744267463684082,-1.3270046857532822,0.7169554927702531,128.26977287396866
3.755040168762207,-1.3270046857532822,0.7169554927702531,128.26977287396866
3.7657907009124756,-1.3270046857532822,0.7169554927702531,128.26977287396866
3.7765774726867676,-1.3270046857532822,0.7169554927702531,128.26977287396866
3.7869606018066406,-1.3270046857532822,0.7169554927702531,128.26977287396866
3.8003711700439453,-1.3332991532745635,0.7139047217037499,128.26981139945053
3.810756206512451,-1.3332991532745635,0.7139047217037499,128.26981139945053
3.821126699447632,-1.3332991532745635,0.7139047217037499,128.26981139945053
3.8314857482910156,-1.3332991532745635,0.7139047217037499,128.26981139945053
3.841846466064453,-1.3332991532745635,0.7139047217037499,128.26981139945053
3.853386402130127,-1.3332991532745635,0.7139047217037499,128.26981139945053
3.8637502193450928,-1.3332991532745635,0.7139047217037499,128.26981139945053
3.8744938373565674,-1.3332991532745635,0.7139047217037499,128.26981139945053
3.8852357864379883,-1.3332991532745635,0.7139047217037499,128.26981139945053
3.898613691329956,-1.3332991532745635,0.7139047217037499,128.26981139945053
3.9093739986419678,-1.3332991532745635,0.7139047217037499,128.26981139945053
3.920116901397705,-1.3332991532745635,0.7139047217037499,128.26981139945053
3.930908203125,-1.3332991532745635,0.7139047217037499,128.26981139945053
3.94126033782959,-1.3332991532745635,0.7139047217037499,128.26981139945053
3.95328950881958,-1.3332991532745635,0.7139047217037499,128.26981139945053
3.9636502265930176,-1.3332991532745635,0.7139047217037499,128.26981139945053
3.974670648574829,-1.3332991532745635,0.7139047217037499,128.26981139945053
3.9854228496551514,-1.3332991532745635,0.7139047217037499,128.26981139945053
3.9988579750061035,-1.3427221912370273,0.7170929610916881,128.2659191001068
4.009671926498413,-1.3427221912370273,0.7170929610916881,128.2659191001068
4.020458698272705,-1.3427221912370273,0.7170929610916881,128.2659191001068
4.031068325042725,-1.3427221912370273,0.7170929610916881,128.2659191001068
4.041437864303589,-1.3427221912370273,0.7170929610916881,128.2659191001068
4.0534656047821045,-1.3427221912370273,0.7170929610916881,128.2659191001068
4.0638322830200195,-1.3427221912370273,0.7170929610916881,128.2659191001068
4.07477593421936,-1.3427221912370273,0.7170929610916881,128.2659191001068
4.08554482460022,-1.3427221912370273,0.7170929610916881,128.2659191001068
4.0989768505096436,-1.3395936323063702,0.7108539526613674,128.269850595101
4.109723329544067,-1.3395936323063702,0.7108539526613674,128.269850595101
4.120491981506348,-1.3395936323063702,0.7108539526613674,128.269850595101
4.1312572956085205,-1.3395936323063702,0.7108539526613674,128.269850595101
4.1416521072387695,-1.3395936323063702,0.7108539526613674,128.269850595101
4.153620958328247,-1.3332991532745635,0.7139047217037499,128.26981139945053
4.163982391357422,-1.3332991532745635,0.7139047217037499,128.26981139945053
4.174345016479492,-1.3332991532745635,0.7139047217037499,128.26981139945053
4.185094356536865,-1.3332991532745635,0.7139047217037499,128.26981139945053
4.198672533035278,-1.3332991532745635,0.7139047217037499,128.26981139945053
4.2094433307647705,-1.3332991532745635,0.7139047217037499,128.26981139945053
4.2201855182647705,-1.3332991532745635,0.7139047217037499,128.26981139945053
4.23094916343689,-1.3332991532745635,0.7139047217037499,128.26981139945053
4.241311073303223,-1.3332991532745635,0.7139047217037499,128.26981139945053
4.252989053726196,-1.3332991532745635,0.7139047217037499,128.26981139945053
4.263345718383789,-1.3332991532745635,0.7139047217037499,128.26981139945053
4.273702383041382,-1.3332991532745635,0.7139047217037499,128.26981139945053
4.284060001373291,-1.3332991532745635,0.7139047217037499,128.26981139945053
4.29559850692749,-1.333373844037827,0.7138505028688147,128.26591373839702
4.306365966796875,-1.333373844037827,0.7138505028688147,128.26591373839702
4.3171093463897705,-1.333373844037827,0.7138505028688147,128.26591373839702
4.327853202819824,-1.333373844037827,0.7138505028688147,128.26591373839702
4.338734149932861,-1.333373844037827,0.7138505028688147,128.26591373839702
4.3515625,-1.323951285551122,0.7106618388093678,128.2698061902531
4.361982345581055,-1.323951285551122,0.7106618388093678,128.2698061902531
4.3723509311676025,-1.323951285551122,0.7106618388093678,128.2698061902531
4.382722616195679,-1.323951285551122,0.7106618388093678,128.2698061902531
4.39309287071228,-1.323951285551122,0.7106618388093678,128.2698061902531
4.4046595096588135,-1.3207102296131548,0.7200062658695304,128.2697350186609
4.415647983551025,-1.3207102296131548,0.7200062658695304,128.2697350186609
4.426419973373413,-1.3207102296131548,0.7200062658695304,128.2697350186609
4.437166213989258,-1.3207102296131548,0.7200062658695304,128.2697350186609
4.45059061050415,-1.3176568360097682,0.7137126077245763,128.2697680705746
4.461057186126709,-1.3176568360097682,0.7137126077245763,128.2697680705746
4.471725940704346,-1.3176568360097682,0.7137126077245763,128.2697680705746
4.482088327407837,-1.3176568360097682,0.7137126077245763,128.2697680705746
4.492449522018433,-1.3176568360097682,0.7137126077245763,128.2697680705746
4.504127025604248,-1.3176568360097682,0.7137126077245763,128.2697680705746
4.514500856399536,-1.3176568360097682,0.7137126077245763,128.2697680705746
4.525474309921265,-1.3176568360097682,0.7137126077245763,128.2697680705746
4.536215782165527,-1.3176568360097682,0.7137126077245763,128.2697680705746
4.549565315246582,-1.3176568360097682,0.7137126077245763,128.2697680705746
4.56032657623291,-1.3176568360097682,0.7137126077245763,128.2697680705746
4.571066856384277,-1.3176568360097682,0.7137126077245763,128.2697680705746
4.58183217048645,-1.3176568360097682,0.7137126077245763,128.2697680705746
4.5921924114227295,-1.3176568360097682,0.7137126077245763,128.2697680705746
4.603877067565918,-1.3113623977484008,0.7167633786633608,128.26973062107513
4.614238262176514,-1.3113623977484008,0.7167633786633608,128.26973062107513
4.624606370925903,-1.3113623977484008,0.7167633786633608,128.26973062107513
4.634965658187866,-1.3113623977484008,0.7167633786633608,128.26973062107513
4.647248983383179,-1.3113623977484008,0.7167633786633608,128.26973062107513
4.658062934875488,-1.3113623977484008,0.7167633786633608,128.26973062107513
4.668850421905518,-1.3113623977484008,0.7167633786633608,128.26973062107513
4.679619073867798,-1.3113623977484008,0.7167633786633608,128.26973062107513
4.690387725830078,-1.3113623977484008,0.7167633786633608,128.26973062107513
4.703638792037964,-1.3081213509588685,0.7261078182010214,128.2696613185893
4.714157581329346,-1.3081213509588685,0.7261078182010214,128.2696613185893
4.724521636962891,-1.3081213509588685,0.7261078182010214,128.2696613185893
4.734882831573486,-1.3081213509588685,0.7261078182010214,128.2696613185893
4.7464234828948975,-1.3081213509588685,0.7261078182010214,128.2696613185893
4.7571961879730225,-1.3081213509588685,0.7261078182010214,128.2696613185893
4.767958402633667,-1.3081213509588685,0.7261078182010214,128.2696613185893
4.778703927993774,-1.3081213509588685,0.7261078182010214,128.2696613185893
4.789085149765015,-1.3081213509588685,0.7261078182010214,128.2696613185893
4.802177667617798,-1.3081213509588685,0.7261078182010214,128.2696613185893
4.812544822692871,-1.3081213509588685,0.7261078182010214,128.2696613185893
4.823117971420288,-1.3081213509588685,0.7261078182010214,128.2696613185893
4.833497524261475,-1.3081213509588685,0.7261078182010214,128.2696613185893
4.843856573104858,-1.3081213509588685,0.7261078182010214,128.2696613185893
4.856104612350464,-1.3111747592711558,0.732401493529344,128.26962879546537
4.8668646812438965,-1.3111747592711558,0.732401493529344,128.26962879546537
4.8776490688323975,-1.3111747592711558,0.732401493529344,128.26962879546537
4.888416528701782,-1.3111747592711558,0.732401493529344,128.26962879546537
4.901864528656006,-1.3111747592711558,0.732401493529344,128.26962879546537
4.912389755249023,-1.3111747592711558,0.732401493529344,128.26962879546537
4.922753572463989,-1.3111747592711558,0.732401493529344,128.26962879546537
4.933134078979492,-1.3111747592711558,0.732401493529344,128.26962879546537
4.943490028381348,-1.3111747592711558,0.732401493529344,128.26962879546537
4.955021381378174,-1.3111747592711558,0.732401493529344,128.26962879546537
4.966012001037598,-1.3111747592711558,0.732401493529344,128.26962879546537
4.9767866134643555,-1.3111747592711558,0.732401493529344,128.26962879546537
4.987681865692139,-1.3111747592711558,0.732401493529344,128.26962879546537
5.001062393188477,-1.3111747592711558,0.732401493529344,128.26962879546537
5.01186990737915,-1.3111747592711558,0.732401493529344,128.26962879546537
5.02255916595459,-1.3111747592711558,0.732401493529344,128.26962879546537
5.032931089401245,-1.3111747592711558,0.732401493529344,128.26962879546537
5.04329514503479,-1.3111747592711558,0.732401493529344,128.26962879546537
5.054967880249023,-1.3142281956937547,0.7386951776953186,128.26959627238824
5.065330266952515,-1.3142281956937547,0.7386951776953186,128.26959627238824
5.076183795928955,-1.3142281956937547,0.7386951776953186,128.26959627238824
5.08695125579834,-1.3142281956937547,0.7386951776953186,128.26959627238824
5.100333213806152,-1.317469199750304,0.7293507120819572,128.26966504603772
5.111093521118164,-1.317469199750304,0.7293507120819572,128.26966504603772
5.121861934661865,-1.317469199750304,0.7293507120819572,128.26966504603772
5.132661581039429,-1.317469199750304,0.7293507120819572,128.26966504603772
5.1430346965789795,-1.317469199750304,0.7293507120819572,128.26966504603772
5.155125856399536,-1.317469199750304,0.7293507120819572,128.26966504603772
5.165493726730347,-1.317469199750304,0.7293507120819572,128.26966504603772
5.176368951797485,-1.317469199750304,0.7293507120819572,128.26966504603772
5.187110662460327,-1.317469199750304,0.7293507120819572,128.26966504603772
5.2012715339660645,-1.317469199750304,0.7293507120819572,128.26966504603772
5.212039947509766,-1.317469199750304,0.7293507120819572,128.26966504603772
5.222803115844727,-1.317469199750304,0.7293507120819572,128.26966504603772
5.233170509338379,-1.317469199750304,0.7293507120819572,128.26966504603772
5.24353289604187,-1.317469199750304,0.7293507120819572,128.26966504603772
5.255272150039673,-1.3237636513236535,0.7262999327025037,128.2697019667955
5.265628814697266,-1.3237636513236535,0.7262999327025037,128.2697019667955
5.276487588882446,-1.3237636513236535,0.7262999327025037,128.2697019667955
5.287229776382446,-1.3237636513236535,0.7262999327025037,128.2697019667955
5.299152612686157,-1.3237636513236535,0.7262999327025037,128.2697019667955
5.309915781021118,-1.3237636513236535,0.7262999327025037,128.2697019667955
5.320680618286133,-1.3237636513236535,0.7262999327025037,128.2697019667955
5.3314208984375,-1.3237636513236535,0.7262999327025037,128.2697019667955
5.342159748077393,-1.3237636513236535,0.7262999327025037,128.2697019667955
5.354471206665039,-1.3237636513236535,0.7262999327025037,128.2697019667955
5.3649256229400635,-1.3237636513236535,0.7262999327025037,128.2697019667955
5.37556004524231,-1.3237636513236535,0.7262999327025037,128.2697019667955
5.386166095733643,-1.3237636513236535,0.7262999327025037,128.2697019667955
5.3992760181427,-1.3237636513236535,0.7262999327025037,128.2697019667955
5.410293102264404,-1.3237636513236535,0.7262999327025037,128.2697019667955
5.421080112457275,-1.3237636513236535,0.7262999327025037,128.2697019667955
5.432070255279541,-1.3237636513236535,0.7262999327025037,128.2697019667955
5.443077802658081,-1.3237636513236535,0.7262999327025037,128.2697019667955
5.4554221630096436,-1.3237636513236535,0.7262999327025037,128.2697019667955
5.466004133224487,-1.3237636513236535,0.7262999327025037,128.2697019667955
5.476989269256592,-1.3237636513236535,0.7262999327025037,128.2697019667955
5.487974643707275,-1.3237636513236535,0.7262999327025037,128.2697019667955
5.50135064125061,-1.3237636513236535,0.7262999327025037,128.2697019667955
5.512330532073975,-1.3237636513236535,0.7262999327025037,128.2697019667955
5.523335695266724,-1.3237636513236535,0.7262999327025037,128.2697019667955
5.5339155197143555,-1.3237636513236535,0.7262999327025037,128.2697019667955
5.544492959976196,-1.3237636513236535,0.7262999327025037,128.2697019667955
5.556256294250488,-1.3237636513236535,0.7262999327025037,128.2697019667955
5.567157030105591,-1.3237636513236535,0.7262999327025037,128.2697019667955
5.578151226043701,-1.3237636513236535,0.7262999327025037,128.2697019667955
5.589106798171997,-1.3237636513236535,0.7262999327025037,128.2697019667955
5.603279113769531,-1.3207102296131548,0.7200062658695304,128.2697350186609
5.613854885101318,-1.3207102296131548,0.7200062658695304,128.2697350186609
5.624449968338013,-1.3207102296131548,0.7200062658695304,128.2697350186609
5.635012865066528,-1.3207102296131548,0.7200062658695304,128.2697350186609
5.645614385604858,-1.3207102296131548,0.7200062658695304,128.2697350186609
5.658103942871094,-1.3207102296131548,0.7200062658695304,128.2697350186609
5.6690592765808105,-1.3207102296131548,0.7200062658695304,128.2697350186609
5.680016994476318,-1.3207102296131548,0.7200062658695304,128.2697350186609
5.69076132774353,-1.3207102296131548,0.7200062658695304,128.2697350186609
5.703514575958252,-1.3207102296131548,0.7200062658695304,128.2697350186609
5.713894605636597,-1.3207102296131548,0.7200062658695304,128.2697350186609
5.724472999572754,-1.3207102296131548,0.7200062658695304,128.2697350186609
5.7350544929504395,-1.3207102296131548,0.7200062658695304,128.2697350186609
5.745649814605713,-1.3207102296131548,0.7200062658695304,128.2697350186609
5.758850574493408,-1.330058114120578,0.7232491553823297,128.26973955773337
5.769826889038086,-1.330058114120578,0.7232491553823297,128.26973955773337
5.780812978744507,-1.330058114120578,0.7232491553823297,128.26973955773337
5.791527986526489,-1.330058114120578,0.7232491553823297,128.26973955773337
5.804797887802124,-1.3237636513236535,0.7262999327025037,128.2697019667955
5.815177917480469,-1.3237636513236535,0.7262999327025037,128.2697019667955
5.825756788253784,-1.3237636513236535,0.7262999327025037,128.2697019667955
5.836333990097046,-1.3237636513236535,0.7262999327025037,128.2697019667955
5.84881329536438,-1.330058114120578,0.7232491553823297,128.26973955773337
5.859788179397583,-1.330058114120578,0.7232491553823297,128.26973955773337
5.870745658874512,-1.330058114120578,0.7232491553823297,128.26973955773337
5.88170051574707,-1.330058114120578,0.7232491553823297,128.26973955773337
5.892656564712524,-1.330058114120578,0.7232491553823297,128.26973955773337
5.905111789703369,-1.330058114120578,0.7232491553823297,128.26973955773337
5.915695428848267,-1.330058114120578,0.7232491553823297,128.26973955773337
5.926299810409546,-1.330058114120578,0.7232491553823297,128.26973955773337
5.9368767738342285,-1.330058114120578,0.7232491553823297,128.26973955773337
5.949413776397705,-1.330058114120578,0.7232491553823297,128.26973955773337
5.960183143615723,-1.330058114120578,0.7232491553823297,128.26973955773337
5.971174955368042,-1.330058114120578,0.7232491553823297,128.26973955773337
5.982132434844971,-1.330058114120578,0.7232491553823297,128.26973955773337
5.9931182861328125,-1.330058114120578,0.7232491553823297,128.26973955773337
6.005517482757568,-1.3331115707722554,0.7295428267215728,128.26970624154717
6.016137361526489,-1.3331115707722554,0.7295428267215728,128.26970624154717
6.026551246643066,-1.3331115707722554,0.7295428267215728,128.26970624154717
6.037141799926758,-1.3331115707722554,0.7295428267215728,128.26970624154717
6.050195217132568,-1.3267415563744442,0.7326469735148577,128.27356724740318
6.061205625534058,-1.3267415563744442,0.7326469735148577,128.27356724740318
6.072190046310425,-1.3267415563744442,0.7326469735148577,128.27356724740318
6.083069324493408,-1.3267415563744442,0.7326469735148577,128.27356724740318
6.094085931777954,-1.3267415563744442,0.7326469735148577,128.27356724740318
6.105872869491577,-1.3204470978147436,0.7356973302842823,128.27353059637056
6.116454839706421,-1.3204470978147436,0.7356973302842823,128.27353059637056
6.127033710479736,-1.3204470978147436,0.7356973302842823,128.27353059637056
6.137635946273804,-1.3204470978147436,0.7356973302842823,128.27353059637056
6.15062141418457,-1.3204470978147436,0.7356973302842823,128.27353059637056
6.161397933959961,-1.3204470978147436,0.7356973302842823,128.27353059637056
6.17216944694519,-1.3204470978147436,0.7356973302842823,128.27353059637056
6.182908535003662,-1.3204470978147436,0.7356973302842823,128.27353059637056
6.193675994873047,-1.3204470978147436,0.7356973302842823,128.27353059637056
6.205901384353638,-1.3174470057053933,0.7294787885074564,128.28155527205135
6.2162652015686035,-1.3174470057053933,0.7294787885074564,128.28155527205135
6.2266316413879395,-1.3174470057053933,0.7294787885074564,128.28155527205135
6.236992597579956,-1.3174470057053933,0.7294787885074564,128.28155527205135
6.248552083969116,-1.3236885332572756,0.7263532978432534,128.27360030492147
6.259316444396973,-1.3236885332572756,0.7263532978432534,128.27360030492147
6.270090341567993,-1.3236885332572756,0.7263532978432534,128.27360030492147
6.2808613777160645,-1.3236885332572756,0.7263532978432534,128.27360030492147
6.291602849960327,-1.3236885332572756,0.7263532978432534,128.27360030492147
6.30434775352478,-1.32374188415716,0.7264284359624974,128.2815921635222
6.314726829528809,-1.32374188415716,0.7264284359624974,128.2815921635222
6.325092315673828,-1.32374188415716,0.7264284359624974,128.2815921635222
6.335453271865845,-1.32374188415716,0.7264284359624974,128.2815921635222
6.345815896987915,-1.32374188415716,0.7264284359624974,128.2815921635222
6.357367277145386,-1.3236667660894637,0.7264818011047646,128.2854914341168
6.368259906768799,-1.3236667660894637,0.7264818011047646,128.2854914341168
6.379090070724487,-1.3236667660894637,0.7264818011047646,128.2854914341168
6.389961004257202,-1.3236667660894637,0.7264818011047646,128.2854914341168
6.403433322906494,-1.320635538365637,0.7200596309362881,128.27363336248814
6.414294242858887,-1.320635538365637,0.7200596309362881,128.27363336248814
6.424699544906616,-1.320635538365637,0.7200596309362881,128.27363336248814
6.4351208209991455,-1.320635538365637,0.7200596309362881,128.27363336248814
6.445467472076416,-1.320635538365637,0.7200596309362881,128.27363336248814
6.457080364227295,-1.3299829962959646,0.7233029474079732,128.27363789057125
6.467467308044434,-1.3299829962959646,0.7233029474079732,128.27363789057125
6.478400230407715,-1.3299829962959646,0.7233029474079732,128.27363789057125
6.489170551300049,-1.3299829962959646,0.7233029474079732,128.27363789057125
6.502632141113281,-1.3236885332572756,0.7263532978432534,128.27360030492147
6.5134313106536865,-1.3236885332572756,0.7263532978432534,128.27360030492147
6.524203777313232,-1.3236885332572756,0.7263532978432534,128.27360030492147
6.534813642501831,-1.3236885332572756,0.7263532978432534,128.27360030492147
6.545194149017334,-1.3236885332572756,0.7263532978432534,128.27360030492147
6.557244062423706,-1.3207102296131548,0.7200062658695304,128.2697350186609
6.567621231079102,-1.3207102296131548,0.7200062658695304,128.2697350186609
6.578402519226074,-1.3207102296131548,0.7200062658695304,128.2697350186609
6.5891735553741455,-1.3207102296131548,0.7200062658695304,128.2697350186609
6.602602481842041,-1.327079376756773,0.7169017008195108,128.26587520769726
6.613420724868774,-1.327079376756773,0.7169017008195108,128.26587520769726
6.62421178817749,-1.327079376756773,0.7169017008195108,128.26587520769726
6.634972810745239,-1.327079376756773,0.7169017008195108,128.26587520769726
6.6453564167022705,-1.327079376756773,0.7169017008195108,128.26587520769726
6.657397985458374,-1.330133231940618,0.7231953633573238,128.26584189720762
6.667773246765137,-1.330133231940618,0.7231953633573238,128.26584189720762
6.6787145137786865,-1.330133231940618,0.7231953633573238,128.26584189720762
6.689511060714722,-1.330133231940618,0.7231953633573238,128.26584189720762
6.702547311782837,-1.3300794544108272,0.7231202252917158,128.25784841054164
6.713353157043457,-1.3300794544108272,0.7231202252917158,128.25784841054164
6.724126100540161,-1.3300794544108272,0.7231202252917158,128.25784841054164
6.7349443435668945,-1.3300794544108272,0.7231202252917158,128.25784841054164
6.745335340499878,-1.3300794544108272,0.7231202252917158,128.25784841054164
6.757328748703003,-1.330058114120578,0.7232491553823297,128.26973955773337
6.767704963684082,-1.330058114120578,0.7232491553823297,128.26973955773337
6.7780845165252686,-1.330058114120578,0.7232491553823297,128.26973955773337
6.7889344692230225,-1.330058114120578,0.7232491553823297,128.26973955773337
6.802344083786011,-1.330058114120578,0.7232491553823297,128.26973955773337
6.813137054443359,-1.330058114120578,0.7232491553823297,128.26973955773337
6.823912143707275,-1.330058114120578,0.7232491553823297,128.26973955773337
6.834710597991943,-1.330058114120578,0.7232491553823297,128.26973955773337
6.845289468765259,-1.330058114120578,0.7232491553823297,128.26973955773337
6.857030868530273,-1.3363525882704503,0.7201983801127817,128.2697778188458
6.867450475692749,-1.3363525882704503,0.7201983801127817,128.2697778188458
6.877831220626831,-1.3363525882704503,0.7201983801127817,128.2697778188458
6.888208389282227,-1.3363525882704503,0.7201983801127817,128.2697778188458
6.90047812461853,-1.3426470739026417,0.7171476068852064,128.26981675012738
6.911246061325073,-1.3426470739026417,0.7171476068852064,128.26981675012738
6.922016859054565,-1.3426470739026417,0.7171476068852064,128.26981675012738
6.932788848876953,-1.3426470739026417,0.7171476068852064,128.26981675012738
6.943563461303711,-1.3426470739026417,0.7171476068852064,128.26981675012738
6.956830024719238,-1.3426470739026417,0.7171476068852064,128.26981675012738
6.967205762863159,-1.3426470739026417,0.7171476068852064,128.26981675012738
6.97758674621582,-1.3426470739026417,0.7171476068852064,128.26981675012738
6.9879841804504395,-1.3426470739026417,0.7171476068852064,128.26981675012738
6.999549150466919,-1.3426470739026417,0.7171476068852064,128.26981675012738
7.01031494140625,-1.3426470739026417,0.7171476068852064,128.26981675012738
7.0210795402526855,-1.3426470739026417,0.7171476068852064,128.26981675012738
7.031851530075073,-1.3426470739026417,0.7171476068852064,128.26981675012738
7.0426249504089355,-1.3426470739026417,0.7171476068852064,128.26981675012738
7.055340766906738,-1.3426470739026417,0.7171476068852064,128.26981675012738
7.065731525421143,-1.3426470739026417,0.7171476068852064,128.26981675012738
7.076128005981445,-1.3426470739026417,0.7171476068852064,128.26981675012738
7.086653709411621,-1.3426470739026417,0.7171476068852064,128.26981675012738
7.097037315368652,-1.3426470739026417,0.7171476068852064,128.26981675012738
7.108699321746826,-1.3426470739026417,0.7171476068852064,128.26981675012738
7.119492053985596,-1.3426470739026417,0.7171476068852064,128.26981675012738
7.130274295806885,-1.3426470739026417,0.7171476068852064,128.26981675012738
7.141036748886108,-1.3426470739026417,0.7171476068852064,128.26981675012738
7.154465436935425,-1.3426470739026417,0.7171476068852064,128.26981675012738
7.165279388427734,-1.3426470739026417,0.7171476068852064,128.26981675012738
7.175787448883057,-1.3426470739026417,0.7171476068852064,128.26981675012738
7.186169147491455,-1.3426470739026417,0.7171476068852064,128.26981675012738
7.196544647216797,-1.3426470739026417,0.7171476068852064,128.26981675012738
7.208203077316284,-1.3426470739026417,0.7171476068852064,128.26981675012738
7.2185750007629395,-1.3426470739026417,0.7171476068852064,128.26981675012738
7.229535102844238,-1.3426470739026417,0.7171476068852064,128.26981675012738
7.24028205871582,-1.3426470739026417,0.7171476068852064,128.26981675012738
7.253744602203369,-1.3426470739026417,0.7171476068852064,128.26981675012738
7.264570474624634,-1.3426470739026417,0.7171476068852064,128.26981675012738
7.275322675704956,-1.3426470739026417,0.7171476068852064,128.26981675012738
7.285951614379883,-1.3426470739026417,0.7171476068852064,128.26981675012738
7.29632830619812,-1.3426470739026417,0.7171476068852064,128.26981675012738
7.308345794677734,-1.3426470739026417,0.7171476068852064,128.26981675012738
7.318721294403076,-1.3426470739026417,0.7171476068852064,128.26981675012738
7.329842567443848,-1.3426470739026417,0.7171476068852064,128.26981675012738
7.340615749359131,-1.3426470739026417,0.7171476068852064,128.26981675012738
7.35404634475708,-1.3395936323063702,0.7108539526613674,128.269850595101
7.364816188812256,-1.3395936323063702,0.7108539526613674,128.269850595101
7.375605821609497,-1.3395936323063702,0.7108539526613674,128.269850595101
7.386108636856079,-1.3395936323063702,0.7108539526613674,128.269850595101
7.396475315093994,-1.3395936323063702,0.7108539526613674,128.269850595101
7.408517837524414,-1.3395936323063702,0.7108539526613674,128.269850595101
7.418913841247559,-1.3395936323063702,0.7108539526613674,128.269850595101
7.429912328720093,-1.3395936323063702,0.7108539526613674,128.269850595101
7.440680503845215,-1.3395936323063702,0.7108539526613674,128.269850595101
7.45286226272583,-1.3395936323063702,0.7108539526613674,128.269850595101
7.463629245758057,-1.3395936323063702,0.7108539526613674,128.269850595101
7.474400520324707,-1.3395936323063702,0.7108539526613674,128.269850595101
7.485174655914307,-1.3395936323063702,0.7108539526613674,128.269850595101
7.495972156524658,-1.3395936323063702,0.7108539526613674,128.269850595101
7.5078794956207275,-1.3395936323063702,0.7108539526613674,128.269850595101
7.518265008926392,-1.3395936323063702,0.7108539526613674,128.269850595101
7.528630495071411,-1.3395936323063702,0.7108539526613674,128.269850595101
7.539029359817505,-1.3395936323063702,0.7108539526613674,128.269850595101
7.5506203174591064,-1.3364659552756946,0.7046149526602778,128.27378277412862
7.56140661239624,-1.3364659552756946,0.7046149526602778,128.27378277412862
7.572178840637207,-1.3364659552756946,0.7046149526602778,128.27378277412862
7.582950592041016,-1.3364659552756946,0.7046149526602778,128.27378277412862
7.5937230587005615,-1.3364659552756946,0.7046149526602778,128.27378277412862
7.606433153152466,-1.3364659552756946,0.7046149526602778,128.27378277412862
7.61681342124939,-1.3364659552756946,0.7046149526602778,128.27378277412862
7.62718939781189,-1.3364659552756946,0.7046149526602778,128.27378277412862
7.637584686279297,-1.3364659552756946,0.7046149526602778,128.27378277412862
7.647964000701904,-1.3364659552756946,0.7046149526602778,128.27378277412862
7.659538507461548,-1.3395189417794702,0.7109085983807294,128.27374892326628
7.670430898666382,-1.3395189417794702,0.7109085983807294,128.27374892326628
7.681213617324829,-1.3395189417794702,0.7109085983807294,128.27374892326628
7.691985845565796,-1.3395189417794702,0.7109085983807294,128.27374892326628
7.705698728561401,-1.3365402189912796,0.7045603070150648,128.26988444012528
7.716512203216553,-1.3365402189912796,0.7045603070150648,128.26988444012528
7.726891994476318,-1.3365402189912796,0.7045603070150648,128.26988444012528
7.737282752990723,-1.3365402189912796,0.7045603070150648,128.26988444012528
7.7476654052734375,-1.3365402189912796,0.7045603070150648,128.26988444012528
7.759245157241821,-1.3302457465018351,0.7076110719090817,128.26984498010515
7.769611835479736,-1.3302457465018351,0.7076110719090817,128.26984498010515
7.780396461486816,-1.3302457465018351,0.7076110719090817,128.26984498010515
7.791165590286255,-1.3302457465018351,0.7076110719090817,128.26984498010515
7.803870677947998,-1.3302457465018351,0.7076110719090817,128.26984498010515
7.814635276794434,-1.3302457465018351,0.7076110719090817,128.26984498010515
7.825406789779663,-1.3302457465018351,0.7076110719090817,128.26984498010515
7.836175918579102,-1.3302457465018351,0.7076110719090817,128.26984498010515
7.846786975860596,-1.3302457465018351,0.7076110719090817,128.26984498010515
7.858469247817993,-1.3302457465018351,0.7076110719090817,128.26984498010515
7.868847370147705,-1.3302457465018351,0.7076110719090817,128.26984498010515
7.879225015640259,-1.3302457465018351,0.7076110719090817,128.26984498010515
7.889622688293457,-1.3302457465018351,0.7076110719090817,128.26984498010515
7.901915073394775,-1.3302457465018351,0.7076110719090817,128.26984498010515
7.912667989730835,-1.3302457465018351,0.7076110719090817,128.26984498010515
7.92345404624939,-1.3302457465018351,0.7076110719090817,128.26984498010515
7.9342286586761475,-1.3302457465018351,0.7076110719090817,128.26984498010515
7.945000886917114,-1.3302457465018351,0.7076110719090817,128.26984498010515
7.9582741260528564,-1.3302457465018351,0.7076110719090817,128.26984498010515
7.96867299079895,-1.3302457465018351,0.7076110719090817,128.26984498010515
7.979050397872925,-1.3302457465018351,0.7076110719090817,128.26984498010515
7.989425420761108,-1.3302457465018351,0.7076110719090817,128.26984498010515
8.000977039337158,-1.3301714825476005,0.7076652906707692,128.2737433192617
8.011748552322388,-1.3301714825476005,0.7076652906707692,128.2737433192617
8.022545337677002,-1.3301714825476005,0.7076652906707692,128.2737433192617
8.033315181732178,-1.3301714825476005,0.7076652906707692,128.2737433192617
8.04408574104309,-1.3301714825476005,0.7076652906707692,128.2737433192617
8.056809902191162,-1.3301714825476005,0.7076652906707692,128.2737433192617
8.067201137542725,-1.3301714825476005,0.7076652906707692,128.2737433192617
8.077581882476807,-1.3301714825476005,0.7076652906707692,128.2737433192617
8.08795714378357,-1.3301714825476005,0.7076652906707692,128.2737433192617
8.098339557647705,-1.3301714825476005,0.7076652906707692,128.2737433192617
8.109890937805176,-1.3301714825476005,0.7076652906707692,128.2737433192617
8.12086796760559,-1.3301714825476005,0.7076652906707692,128.2737433192617
8.131640672683716,-1.3301714825476005,0.7076652906707692,128.2737433192617
8.142412662506104,-1.3301714825476005,0.7076652906707692,128.2737433192617
8.156607389450073,-1.3238770213589242,0.7107156306871222,128.27370453458474
8.167274713516235,-1.3238770213589242,0.7107156306871222,128.27370453458474
8.177656412124634,-1.3238770213589242,0.7107156306871222,128.27370453458474
8.188032150268555,-1.3238770213589242,0.7107156306871222,128.27370453458474
8.198407649993896,-1.3238770213589242,0.7107156306871222,128.27370453458474
8.209967613220215,-1.323951285551122,0.7106618388093678,128.2698061902531
8.221026182174683,-1.323951285551122,0.7106618388093678,128.2698061902531
8.23180103302002,-1.323951285551122,0.7106618388093678,128.2698061902531
8.242599725723267,-1.323951285551122,0.7106618388093678,128.2698061902531
8.255301475524902,-1.3269299947452802,0.7170092847216274,128.27367121255344
8.265758514404297,-1.3269299947452802,0.7170092847216274,128.27367121255344
8.27652096748352,-1.3269299947452802,0.7170092847216274,128.27367121255344
8.287329196929932,-1.3269299947452802,0.7170092847216274,128.27367121255344
8.297725677490234,-1.3269299947452802,0.7170092847216274,128.27367121255344
8.309698820114136,-1.3207102296131548,0.7200062658695304,128.2697350186609
8.320074319839478,-1.3207102296131548,0.7200062658695304,128.2697350186609
8.33045244216919,-1.3207102296131548,0.7200062658695304,128.2697350186609
8.34122920036316,-1.3207102296131548,0.7200062658695304,128.2697350186609
8.354658603668213,-1.3237636513236535,0.7262999327025037,128.2697019667955
8.36546277999878,-1.3237636513236535,0.7262999327025037,128.2697019667955
8.376239538192749,-1.3237636513236535,0.7262999327025037,128.2697019667955
8.387038946151733,-1.3237636513236535,0.7262999327025037,128.2697019667955
8.397618293762207,-1.3237636513236535,0.7262999327025037,128.2697019667955
8.409285068511963,-1.3112498778144719,0.7323489821602756,128.26573111901808
8.41969108581543,-1.3112498778144719,0.7323489821602756,128.26573111901808
8.430089473724365,-1.3112498778144719,0.7323489821602756,128.26573111901808
8.440528631210327,-1.3112498778144719,0.7323489821602756,128.26573111901808
8.452834129333496,-1.3111747592711558,0.732401493529344,128.26962879546537
8.463605880737305,-1.3111747592711558,0.732401493529344,128.26962879546537
8.47437858581543,-1.3111747592711558,0.732401493529344,128.26962879546537
8.484861612319946,-1.3111747592711558,0.732401493529344,128.26962879546537
8.495646953582764,-1.3111747592711558,0.732401493529344,128.26962879546537
8.50894832611084,-1.3111973801966061,0.7322738439421906,128.2577375603995
8.519356966018677,-1.3111973801966061,0.7322738439421906,128.2577375603995
8.529736280441284,-1.3111973801966061,0.7322738439421906,128.2577375603995
8.540109872817993,-1.3111973801966061,0.7322738439421906,128.2577375603995
8.551693439483643,-1.3049033775657373,0.7353250543010843,128.2577019510686
8.562477111816406,-1.3049033775657373,0.7353250543010843,128.2577019510686
8.573249340057373,-1.3049033775657373,0.7353250543010843,128.2577019510686
8.584062099456787,-1.3049033775657373,0.7353250543010843,128.2577019510686
8.594855546951294,-1.3049033775657373,0.7353250543010843,128.2577019510686
8.607572555541992,-1.3079572340048713,0.7416183156756108,128.2576696978949
8.617952585220337,-1.3079572340048713,0.7416183156756108,128.2576696978949
8.62833023071289,-1.3079572340048713,0.7416183156756108,128.2576696978949
8.63870906829834,-1.3079572340048713,0.7416183156756108,128.2576696978949
8.64910340309143,-1.3079572340048713,0.7416183156756108,128.2576696978949
8.660760641098022,-1.3047171131131698,0.7509628071364317,128.25760303445483
8.671693563461304,-1.3047171131131698,0.7509628071364317,128.25760303445483
8.68246841430664,-1.3047171131131698,0.7509628071364317,128.25760303445483
8.693238973617554,-1.3047171131131698,0.7509628071364317,128.25760303445483
8.705225706100464,-1.3047171131131698,0.7509628071364317,128.25760303445483
8.716005086898804,-1.3047171131131698,0.7509628071364317,128.25760303445483
8.726775884628296,-1.3047171131131698,0.7509628071364317,128.25760303445483
8.737550258636475,-1.3047171131131698,0.7509628071364317,128.25760303445483
8.748135328292847,-1.3047171131131698,0.7509628071364317,128.25760303445483
8.759816646575928,-1.3047171131131698,0.7509628071364317,128.25760303445483
8.77021312713623,-1.3047171131131698,0.7509628071364317,128.25760303445483
8.780586242675781,-1.3047171131131698,0.7509628071364317,128.25760303445483
8.790947437286377,-1.3047171131131698,0.7509628071364317,128.25760303445483
8.803227663040161,-1.304768757462664,0.7510387995187864,128.2655966401384
8.813995838165283,-1.304768757462664,0.7510387995187864,128.2655966401384
8.82476806640625,-1.304768757462664,0.7510387995187864,128.2655966401384
8.835537910461426,-1.304768757462664,0.7510387995187864,128.2655966401384
8.846320867538452,-1.304768757462664,0.7510387995187864,128.2655966401384
8.859575986862183,-1.3016632353860382,0.7446695324486697,128.25763502325722
8.869970798492432,-1.3016632353860382,0.7446695324486697,128.25763502325722
8.880345344543457,-1.3016632353860382,0.7446695324486697,128.25763502325722
8.890721321105957,-1.3016632353860382,0.7446695324486697,128.25763502325722
8.902297258377075,-1.3047171131131698,0.7509628071364317,128.25760303445483
8.913082599639893,-1.3047171131131698,0.7509628071364317,128.25760303445483
8.923449277877808,-1.3047171131131698,0.7509628071364317,128.25760303445483
8.934228658676147,-1.3047171131131698,0.7509628071364317,128.25760303445483
8.945001602172852,-1.3047171131131698,0.7509628071364317,128.25760303445483
8.957799911499023,-1.3077710190734844,0.7572560908846909,128.2575710456977
8.968491077423096,-1.3077710190734844,0.7572560908846909,128.2575710456977
8.97887372970581,-1.3077710190734844,0.7572560908846909,128.2575710456977
8.989248752593994,-1.3077710190734844,0.7572560908846909,128.2575710456977
8.99962306022644,-1.3077710190734844,0.7572560908846909,128.2575710456977
9.011176586151123,-1.3077710190734844,0.7572560908846909,128.2575710456977
9.022285223007202,-1.3077710190734844,0.7572560908846909,128.2575710456977
9.033042669296265,-1.3077710190734844,0.7572560908846909,128.2575710456977
9.043816089630127,-1.3077710190734844,0.7572560908846909,128.2575710456977
9.057222843170166,-1.3014770172527474,0.7603073185733346,128.25753757008397
9.06801438331604,-1.3014770172527474,0.7603073185733346,128.25753757008397
9.078656196594238,-1.3014770172527474,0.7603073185733346,128.25753757008397
9.089038372039795,-1.3014770172527474,0.7603073185733346,128.25753757008397
9.099419593811035,-1.3014770172527474,0.7603073185733346,128.25753757008397
9.1110680103302,-1.298474335962944,0.7540900228403661,128.26556292341172
9.121427774429321,-1.298474335962944,0.7540900228403661,128.26556292341172
9.132408380508423,-1.298474335962944,0.7540900228403661,128.26556292341172
9.142794370651245,-1.298474335962944,0.7540900228403661,128.26556292341172
9.156186819076538,-1.2984231182625736,0.7540140304048563,128.257569294516
9.166981220245361,-1.2984231182625736,0.7540140304048563,128.257569294516
9.17775273323059,-1.2984231182625736,0.7540140304048563,128.257569294516
9.188545942306519,-1.2984231182625736,0.7540140304048563,128.257569294516
9.198931455612183,-1.2984231182625736,0.7540140304048563,128.257569294516
9.211032390594482,-1.3047171131131698,0.7509628071364317,128.25760303445483
9.221410036087036,-1.3047171131131698,0.7509628071364317,128.25760303445483
9.231796026229858,-1.3047171131131698,0.7509628071364317,128.25760303445483
9.242909669876099,-1.3047171131131698,0.7509628071364317,128.25760303445483
9.25628113746643,-1.3078226634348558,0.7573325103010342,128.26556465141172
9.26707649230957,-1.3078226634348558,0.7573325103010342,128.26556465141172
9.277852535247803,-1.3078226634348558,0.7573325103010342,128.26556465141172
9.288641452789307,-1.3078226634348558,0.7573325103010342,128.26556465141172
9.299022674560547,-1.3078226634348558,0.7573325103010342,128.26556465141172
9.311190128326416,-1.3015282349654975,0.7603837380435788,128.26553119900987
9.321568727493286,-1.3015282349654975,0.7603837380435788,128.26553119900987
9.331946849822998,-1.3015282349654975,0.7603837380435788,128.26553119900987
9.342756986618042,-1.3015282349654975,0.7603837380435788,128.26553119900987
9.35691785812378,-1.3078226634348558,0.7573325103010342,128.26556465141172
9.367720365524292,-1.3078226634348558,0.7573325103010342,128.26556465141172
9.378492593765259,-1.3078226634348558,0.7573325103010342,128.26556465141172
9.3891019821167,-1.3078226634348558,0.7573325103010342,128.26556465141172
9.399486303329468,-1.3078226634348558,0.7573325103010342,128.26556465141172
9.41152572631836,-1.304768757462664,0.7510387995187864,128.2655966401384
9.421880960464478,-1.304768757462664,0.7510387995187864,128.2655966401384
9.432903528213501,-1.304768757462664,0.7510387995187864,128.2655966401384
9.443837881088257,-1.304768757462664,0.7510387995187864,128.2655966401384
9.45730209350586,-1.304768757462664,0.7510387995187864,128.2655966401384
9.46812653541565,-1.304768757462664,0.7510387995187864,128.2655966401384
9.478947877883911,-1.304768757462664,0.7510387995187864,128.2655966401384
9.48934030532837,-1.304768757462664,0.7510387995187864,128.2655966401384
9.499721765518188,-1.304768757462664,0.7510387995187864,128.2655966401384
9.511688232421875,-1.3110111186159334,0.747911585997841,128.25763744476723
9.522064208984375,-1.3110111186159334,0.747911585997841,128.25763744476723
9.532999038696289,-1.3110111186159334,0.747911585997841,128.25763744476723
9.543771266937256,-1.3110111186159334,0.747911585997841,128.25763744476723
9.557904720306396,-1.3047171131131698,0.7509628071364317,128.25760303445483
9.568674087524414,-1.3047171131131698,0.7509628071364317,128.25760303445483
9.579415798187256,-1.3047171131131698,0.7509628071364317,128.25760303445483
9.589821577072144,-1.3047171131131698,0.7509628071364317,128.25760303445483
9.60021162033081,-1.3047171131131698,0.7509628071364317,128.25760303445483
9.611912250518799,-1.3017148797241302,0.7447450977991825,128.26562862891035
9.622381925582886,-1.3017148797241302,0.7447450977991825,128.26562862891035
9.633270502090454,-1.3017148797241302,0.7447450977991825,128.26562862891035
9.64374828338623,-1.3017148797241302,0.7447450977991825,128.26562862891035
9.657243967056274,-1.304768757462664,0.7510387995187864,128.2655966401384
9.668075323104858,-1.304768757462664,0.7510387995187864,128.2655966401384
9.678987741470337,-1.304768757462664,0.7510387995187864,128.2655966401384
9.689600706100464,-1.304768757462664,0.7510387995187864,128.2655966401384
9.700092792510986,-1.304768757462664,0.7510387995187864,128.2655966401384
9.71202802658081,-1.304768757462664,0.7510387995187864,128.2655966401384
9.722568035125732,-1.304768757462664,0.7510387995187864,128.2655966401384
9.73341178894043,-1.304768757462664,0.7510387995187864,128.2655966401384
9.744252681732178,-1.304768757462664,0.7510387995187864,128.2655966401384
9.757679224014282,-1.2983983630399838,0.7541412536965146,128.26946060503275
9.768471717834473,-1.2983983630399838,0.7541412536965146,128.26946060503275
9.779243230819702,-1.2983983630399838,0.7541412536965146,128.26946060503275
9.789718627929688,-1.2983983630399838,0.7541412536965146,128.26946060503275
9.800075054168701,-1.2983983630399838,0.7541412536965146,128.26946060503275
9.812167406082153,-1.304768757462664,0.7510387995187864,128.2655966401384
9.82251524925232,-1.304768757462664,0.7510387995187864,128.2655966401384
9.832945346832275,-1.304768757462664,0.7510387995187864,128.2655966401384
9.843803644180298,-1.304768757462664,0.7510387995187864,128.2655966401384
9.857284784317017,-1.3047171131131698,0.7509628071364317,128.25760303445483
9.868064880371094,-1.3047171131131698,0.7509628071364317,128.25760303445483
9.878835916519165,-1.3047171131131698,0.7509628071364317,128.25760303445483
9.889638185501099,-1.3047171131131698,0.7509628071364317,128.25760303445483
9.900019884109497,-1.3047171131131698,0.7509628071364317,128.25760303445483
9.912087440490723,-1.3015282349654975,0.7603837380435788,128.26553119900987
9.92246127128601,-1.3015282349654975,0.7603837380435788,128.26553119900987
9.932832717895508,-1.3015282349654975,0.7603837380435788,128.26553119900987
9.943651914596558,-1.3015282349654975,0.7603837380435788,128.26553119900987
9.95637822151184,-1.3014518352098827,0.7604349689741089,128.26942887515872
9.96714973449707,-1.3014518352098827,0.7604349689741089,128.26942887515872
9.977889060974121,-1.3014518352098827,0.7604349689741089,128.26942887515872
9.988277912139893,-1.3014518352098827,0.7604349689741089,128.26942887515872
9.99904179573059,-1.3014518352098827,0.7604349689741089,128.26942887515872
10.011430025100708,-1.3014518352098827,0.7604349689741089,128.26942887515872
10.021862030029297,-1.3014518352098827,0.7604349689741089,128.26942887515872
10.03227162361145,-1.3014518352098827,0.7604349689741089,128.26942887515872
10.042668104171753,-1.3014518352098827,0.7604349689741089,128.26942887515872
10.054301261901855,-1.3014518352098827,0.7604349689741089,128.26942887515872
10.065083265304565,-1.3014518352098827,0.7604349689741089,128.26942887515872
10.075853109359741,-1.3014518352098827,0.7604349689741089,128.26942887515872
10.086626291275024,-1.3014518352098827,0.7604349689741089,128.26942887515872
10.097399950027466,-1.3014518352098827,0.7604349689741089,128.26942887515872
10.11014437675476,-1.3014518352098827,0.7604349689741089,128.26942887515872
10.12053656578064,-1.3014518352098827,0.7604349689741089,128.26942887515872
10.13092827796936,-1.3014518352098827,0.7604349689741089,128.26942887515872
10.14133620262146,-1.3014518352098827,0.7604349689741089,128.26942887515872
10.151732206344604,-1.3014518352098827,0.7604349689741089,128.26942887515872
10.163357257843018,-1.3014518352098827,0.7604349689741089,128.26942887515872
10.174152135848999,-1.3014518352098827,0.7604349689741089,128.26942887515872
10.184922933578491,-1.3014518352098827,0.7604349689741089,128.26942887515872
10.195692300796509,-1.3014518352098827,0.7604349689741089,128.26942887515872
10.209171533584595,-1.3014518352098827,0.7604349689741089,128.26942887515872
10.219977617263794,-1.3014518352098827,0.7604349689741089,128.26942887515872
10.230382442474365,-1.3014518352098827,0.7604349689741089,128.26942887515872
10.240771293640137,-1.3014518352098827,0.7604349689741089,128.26942887515872
10.251160144805908,-1.3014518352098827,0.7604349689741089,128.26942887515872
10.262844324111938,-1.3014518352098827,0.7604349689741089,128.26942887515872
10.273806810379028,-1.3014518352098827,0.7604349689741089,128.26942887515872
10.28456163406372,-1.3014518352098827,0.7604349689741089,128.26942887515872
10.295321941375732,-1.3014518352098827,0.7604349689741089,128.26942887515872
10.308714866638184,-1.3014518352098827,0.7604349689741089,128.26942887515872
10.319458723068237,-1.3014518352098827,0.7604349689741089,128.26942887515872
10.330225229263306,-1.3014518352098827,0.7604349689741089,128.26942887515872
10.340601444244385,-1.3014518352098827,0.7604349689741089,128.26942887515872
10.350960493087769,-1.3014518352098827,0.7604349689741089,128.26942887515872
10.362993001937866,-1.3014518352098827,0.7604349689741089,128.26942887515872
10.373355627059937,-1.3014518352098827,0.7604349689741089,128.26942887515872
10.384154081344604,-1.3014518352098827,0.7604349689741089,128.26942887515872
10.394928932189941,-1.3014518352098827,0.7604349689741089,128.26942887515872
10.408379554748535,-1.3014518352098827,0.7604349689741089,128.26942887515872
10.419166088104248,-1.3014518352098827,0.7604349689741089,128.26942887515872
10.429908752441406,-1.3014518352098827,0.7604349689741089,128.26942887515872
10.440674543380737,-1.3014518352098827,0.7604349689741089,128.26942887515872
10.451037645339966,-1.3014518352098827,0.7604349689741089,128.26942887515872
10.4631028175354,-1.295157416987536,0.763485771984776,128.26939609849654
10.473458051681519,-1.295157416987536,0.763485771984776,128.26939609849654
10.484348773956299,-1.295157416987536,0.763485771984776,128.26939609849654
10.494744062423706,-1.295157416987536,0.763485771984776,128.26939609849654
10.508169889450073,-1.295157416987536,0.763485771984776,128.26939609849654
10.518962860107422,-1.295157416987536,0.763485771984776,128.26939609849654
10.529730796813965,-1.295157416987536,0.763485771984776,128.26939609849654
10.54075026512146,-1.295157416987536,0.763485771984776,128.26939609849654
10.551156282424927,-1.295157416987536,0.763485771984776,128.26939609849654
10.563281297683716,-1.295157416987536,0.763485771984776,128.26939609849654
10.57364296913147,-1.295157416987536,0.763485771984776,128.26939609849654
10.584001779556274,-1.295157416987536,0.763485771984776,128.26939609849654
10.594736337661743,-1.295157416987536,0.763485771984776,128.26939609849654
10.608182907104492,-1.295157416987536,0.763485771984776,128.26939609849654
10.619145393371582,-1.295157416987536,0.763485771984776,128.26939609849654
10.629884004592896,-1.295157416987536,0.763485771984776,128.26939609849654
10.64070987701416,-1.295157416987536,0.763485771984776,128.26939609849654
10.651146650314331,-1.295157416987536,0.763485771984776,128.26939609849654
10.66329288482666,-1.2888630091278845,0.7665365771602045,128.26936399204803
10.67369294166565,-1.2888630091278845,0.7665365771602045,128.26936399204803
10.684712648391724,-1.2888630091278845,0.7665365771602045,128.26936399204803
10.695657014846802,-1.2888630091278845,0.7665365771602045,128.26936399204803
10.709924459457397,-1.2888630091278845,0.7665365771602045,128.26936399204803
10.720847845077515,-1.2888630091278845,0.7665365771602045,128.26936399204803
10.73136019706726,-1.2888630091278845,0.7665365771602045,128.26936399204803
10.741801977157593,-1.2888630091278845,0.7665365771602045,128.26936399204803
10.752183437347412,-1.2888630091278845,0.7665365771602045,128.26936399204803
10.763772010803223,-1.2888630091278845,0.7665365771602045,128.26936399204803
10.774132490158081,-1.2888630091278845,0.7665365771602045,128.26936399204803
10.784878492355347,-1.2888630091278845,0.7665365771602045,128.26936399204803
10.795604944229126,-1.2888630091278845,0.7665365771602045,128.26936399204803
10.808258771896362,-1.2858095509863985,0.7602428529877557,128.26939519317955
10.818999767303467,-1.2858095509863985,0.7602428529877557,128.26939519317955
10.829765558242798,-1.2858095509863985,0.7602428529877557,128.26939519317955
10.840514421463013,-1.2858095509863985,0.7602428529877557,128.26939519317955
10.851287364959717,-1.2858095509863985,0.7602428529877557,128.26939519317955
10.86289930343628,-1.279515160416575,0.7632936558623924,128.26936349257767
10.873265266418457,-1.279515160416575,0.7632936558623924,128.26936349257767
10.883629322052002,-1.279515160416575,0.7632936558623924,128.26936349257767
10.893986463546753,-1.279515160416575,0.7632936558623924,128.26936349257767
10.906229496002197,-1.2827561209036038,0.7539491379890664,128.26942639435413
10.916988372802734,-1.2827561209036038,0.7539491379890664,128.26942639435413
10.927749872207642,-1.2827561209036038,0.7539491379890664,128.26942639435413
10.938502311706543,-1.2827561209036038,0.7539491379890664,128.26942639435413
10.949241638183594,-1.2827561209036038,0.7539491379890664,128.26942639435413
10.961567878723145,-1.282680574328919,0.7539995149959772,128.2733247647258
10.971930265426636,-1.282680574328919,0.7539995149959772,128.2733247647258
10.982298374176025,-1.282680574328919,0.7539995149959772,128.2733247647258
10.992658615112305,-1.282680574328919,0.7539995149959772,128.2733247647258
11.003024339675903,-1.282680574328919,0.7539995149959772,128.2733247647258
11.014558792114258,-1.2827309387125378,0.7540750805074363,128.28131678715044
11.025320768356323,-1.2827309387125378,0.7540750805074363,128.28131678715044
11.036066055297852,-1.2827309387125378,0.7540750805074363,128.28131678715044
11.046807765960693,-1.2827309387125378,0.7540750805074363,128.28131678715044
11.060218334197998,-1.2889502131317454,0.751075514939948,128.28524869141955
11.071006774902344,-1.2889502131317454,0.751075514939948,128.28524869141955
11.081644773483276,-1.2889502131317454,0.751075514939948,128.28524869141955
11.092008829116821,-1.2889502131317454,0.751075514939948,128.28524869141955
11.102373361587524,-1.2889502131317454,0.751075514939948,128.28524869141955
11.114081859588623,-1.2859727772343255,0.7447305824210174,128.28138086501994
11.124438762664795,-1.2859727772343255,0.7447305824210174,128.28138086501994
11.135364294052124,-1.2859727772343255,0.7447305824210174,128.28138086501994
11.14610743522644,-1.2859727772343255,0.7447305824210174,128.28138086501994
11.160244941711426,-1.2859727772343255,0.7447305824210174,128.28138086501994
11.171011924743652,-1.2859727772343255,0.7447305824210174,128.28138086501994
11.18177056312561,-1.2859727772343255,0.7447305824210174,128.28138086501994
11.192137002944946,-1.2859727772343255,0.7447305824210174,128.28138086501994
11.202504396438599,-1.2859727772343255,0.7447305824210174,128.28138086501994
11.214234828948975,-1.2859219862066578,0.7446554439936327,128.27338886545007
11.224601745605469,-1.2859219862066578,0.7446554439936327,128.27338886545007
11.23555588722229,-1.2859219862066578,0.7446554439936327,128.27338886545007
11.246327877044678,-1.2859219862066578,0.7446554439936327,128.27338886545007
11.259671449661255,-1.2859727772343255,0.7447305824210174,128.28138086501994
11.270431756973267,-1.2859727772343255,0.7447305824210174,128.28138086501994
11.28117561340332,-1.2859727772343255,0.7447305824210174,128.28138086501994
11.291938543319702,-1.2859727772343255,0.7447305824210174,128.28138086501994
11.30231237411499,-1.2859727772343255,0.7447305824210174,128.28138086501994
11.314371585845947,-1.2922676015213888,0.7416802194509693,128.28141440636549
11.324732542037964,-1.2922676015213888,0.7416802194509693,128.28141440636549
11.335090637207031,-1.2922676015213888,0.7416802194509693,128.28141440636549
11.345834732055664,-1.2922676015213888,0.7416802194509693,128.28141440636549
11.35921859741211,-1.2892146403369928,0.7353861041448243,128.28144614181082
11.369974374771118,-1.2892146403369928,0.7353861041448243,128.28144614181082
11.380715608596802,-1.2892146403369928,0.7353861041448243,128.28144614181082
11.391459703445435,-1.2892146403369928,0.7353861041448243,128.28144614181082
11.402131795883179,-1.2892146403369928,0.7353861041448243,128.28144614181082
11.41373324394226,-1.2892146403369928,0.7353861041448243,128.28144614181082
11.424091339111328,-1.2892146403369928,0.7353861041448243,128.28144614181082
11.43444561958313,-1.2892146403369928,0.7353861041448243,128.28144614181082
11.44480013847351,-1.2892146403369928,0.7353861041448243,128.28144614181082
11.456340312957764,-1.2828451302061639,0.7384872665379832,128.28531164428475
11.467082738876343,-1.2828451302061639,0.7384872665379832,128.28531164428475
11.477820634841919,-1.2828451302061639,0.7384872665379832,128.28531164428475
11.488562822341919,-1.2828451302061639,0.7384872665379832,128.28531164428475
11.499831914901733,-1.2828451302061639,0.7384872665379832,128.28531164428475
11.51351022720337,-1.2828451302061639,0.7384872665379832,128.28531164428475
11.523948431015015,-1.2828451302061639,0.7384872665379832,128.28531164428475
11.53433084487915,-1.2828451302061639,0.7384872665379832,128.28531164428475
11.544703960418701,-1.2828451302061639,0.7384872665379832,128.28531164428475
11.555079936981201,-1.2828451302061639,0.7384872665379832,128.28531164428475
11.568687200546265,-1.2828451302061639,0.7384872665379832,128.28531164428475
11.579474687576294,-1.2828451302061639,0.7384872665379832,128.28531164428475
11.590216398239136,-1.2828451302061639,0.7384872665379832,128.28531164428475
11.600958824157715,-1.2828451302061639,0.7384872665379832,128.28531164428475
11.614207744598389,-1.2828451302061639,0.7384872665379832,128.28531164428475
11.624603033065796,-1.2828451302061639,0.7384872665379832,128.28531164428475
11.6349618434906,-1.2828451302061639,0.7384872665379832,128.28531164428475
11.645318508148193,-1.2828451302061639,0.7384872665379832,128.28531164428475
11.657578706741333,-1.2828451302061639,0.7384872665379832,128.28531164428475
11.668338775634766,-1.2828451302061639,0.7384872665379832,128.28531164428475
11.67909026145935,-1.2828451302061639,0.7384872665379832,128.28531164428475
11.6898512840271,-1.2828451302061639,0.7384872665379832,128.28531164428475
11.700596570968628,-1.2828451302061639,0.7384872665379832,128.28531164428475
11.712261199951172,-1.2828451302061639,0.7384872665379832,128.28531164428475
11.722644805908203,-1.2828451302061639,0.7384872665379832,128.28531164428475
11.733007907867432,-1.2828451302061639,0.7384872665379832,128.28531164428475
11.743364095687866,-1.2828451302061639,0.7384872665379832,128.28531164428475
11.75371789932251,-1.2828451302061639,0.7384872665379832,128.28531164428475
11.765244007110596,-1.2891399479008707,0.7354373347835721,128.2853454446706
11.775721788406372,-1.2891399479008707,0.7354373347835721,128.2853454446706
11.786470413208008,-1.2891399479008707,0.7354373347835721,128.2853454446706
11.797241926193237,-1.2891399479008707,0.7354373347835721,128.2853454446706
11.811386108398438,-1.2828451302061639,0.7384872665379832,128.28531164428475
11.822397708892822,-1.2828451302061639,0.7384872665379832,128.28531164428475
11.832786083221436,-1.2828451302061639,0.7384872665379832,128.28531164428475
11.843154191970825,-1.2828451302061639,0.7384872665379832,128.28531164428475
11.853747367858887,-1.2828451302061639,0.7384872665379832,128.28531164428475
11.865288972854614,-1.2891399479008707,0.7354373347835721,128.2853454446706
11.875646829605103,-1.2891399479008707,0.7354373347835721,128.2853454446706
11.886532306671143,-1.2891399479008707,0.7354373347835721,128.2853454446706
11.897274732589722,-1.2891399479008707,0.7354373347835721,128.2853454446706
11.909937143325806,-1.2860874413622807,0.7291432282803831,128.28537718563368
11.920680046081543,-1.2860874413622807,0.7291432282803831,128.28537718563368
11.931421995162964,-1.2860874413622807,0.7291432282803831,128.28537718563368
11.942162275314331,-1.2860874413622807,0.7291432282803831,128.28537718563368
11.952933311462402,-1.2860874413622807,0.7291432282803831,128.28537718563368
11.964542865753174,-1.2860874413622807,0.7291432282803831,128.28537718563368
11.974897384643555,-1.2860874413622807,0.7291432282803831,128.28537718563368
11.985253095626831,-1.2860874413622807,0.7291432282803831,128.28537718563368
11.995612144470215,-1.2860874413622807,0.7291432282803831,128.28537718563368
12.007161617279053,-1.2860874413622807,0.7291432282803831,128.28537718563368
12.017989873886108,-1.2860874413622807,0.7291432282803831,128.28537718563368
12.028779745101929,-1.2860874413622807,0.7291432282803831,128.28537718563368
12.03954792022705,-1.2860874413622807,0.7291432282803831,128.28537718563368
12.05032730102539,-1.2860874413622807,0.7291432282803831,128.28537718563368
12.063082933425903,-1.2891399479008707,0.7354373347835721,128.2853454446706
12.07347559928894,-1.2891399479008707,0.7354373347835721,128.2853454446706
12.083843469619751,-1.2891399479008707,0.7354373347835721,128.2853454446706
12.094199419021606,-1.2891399479008707,0.7354373347835721,128.2853454446706
12.104560136795044,-1.2891399479008707,0.7354373347835721,128.2853454446706
12.11609697341919,-1.2828451302061639,0.7384872665379832,128.28531164428475
12.12688398361206,-1.2828451302061639,0.7384872665379832,128.28531164428475
12.137627363204956,-1.2828451302061639,0.7384872665379832,128.28531164428475
12.148377180099487,-1.2828451302061639,0.7384872665379832,128.28531164428475
12.16177773475647,-1.2828451302061639,0.7384872665379832,128.28531164428475
12.172538995742798,-1.2828451302061639,0.7384872665379832,128.28531164428475
12.183297872543335,-1.2828451302061639,0.7384872665379832,128.28531164428475
12.193662643432617,-1.2828451302061639,0.7384872665379832,128.28531164428475
12.204023361206055,-1.2828451302061639,0.7384872665379832,128.28531164428475
12.2157301902771,-1.2891399479008707,0.7354373347835721,128.2853454446706
12.226075172424316,-1.2891399479008707,0.7354373347835721,128.2853454446706
12.237047910690308,-1.2891399479008707,0.7354373347835721,128.2853454446706
12.247788667678833,-1.2891399479008707,0.7354373347835721,128.2853454446706
12.260451793670654,-1.2891399479008707,0.7354373347835721,128.2853454446706
12.271198034286499,-1.2891399479008707,0.7354373347835721,128.2853454446706
12.281937837600708,-1.2891399479008707,0.7354373347835721,128.2853454446706
12.292683362960815,-1.2891399479008707,0.7354373347835721,128.2853454446706
12.303451776504517,-1.2891399479008707,0.7354373347835721,128.2853454446706
12.315122604370117,-1.2891399479008707,0.7354373347835721,128.2853454446706
12.325480699539185,-1.2891399479008707,0.7354373347835721,128.2853454446706
12.335847616195679,-1.2891399479008707,0.7354373347835721,128.2853454446706
12.346207857131958,-1.2891399479008707,0.7354373347835721,128.2853454446706
12.357730865478516,-1.2827704375302873,0.7385380702901098,128.28921162502746
12.368502855300903,-1.2827704375302873,0.7385380702901098,128.28921162502746
12.379256248474121,-1.2827704375302873,0.7385380702901098,128.28921162502746
12.389997243881226,-1.2827704375302873,0.7385380702901098,128.28921162502746
12.400357961654663,-1.2827704375302873,0.7385380702901098,128.28921162502746
12.413826942443848,-1.2890652554603663,0.7354885654229079,128.28924542003244
12.424216032028198,-1.2890652554603663,0.7354885654229079,128.28924542003244
12.43457818031311,-1.2890652554603663,0.7354885654229079,128.28924542003244
12.444945335388184,-1.2890652554603663,0.7354885654229079,128.28924542003244
12.455304145812988,-1.2890652554603663,0.7354885654229079,128.28924542003244
12.466838598251343,-1.292192482255186,0.7417314501622656,128.28531370375205
12.477579355239868,-1.292192482255186,0.7417314501622656,128.28531370375205
12.488319635391235,-1.292192482255186,0.7417314501622656,128.28531370375205
12.49906325340271,-1.292192482255186,0.7417314501622656,128.28531370375205
12.51244330406189,-1.292192482255186,0.7417314501622656,128.28531370375205
12.523308753967285,-1.292192482255186,0.7417314501622656,128.28531370375205
12.5338773727417,-1.292192482255186,0.7417314501622656,128.28531370375205
12.544281005859375,-1.292192482255186,0.7417314501622656,128.28531370375205
12.554671287536621,-1.292192482255186,0.7417314501622656,128.28531370375205
12.56627631187439,-1.292192482255186,0.7417314501622656,128.28531370375205
12.576642036437988,-1.292192482255186,0.7417314501622656,128.28531370375205
12.587835788726807,-1.292192482255186,0.7417314501622656,128.28531370375205
12.598580598831177,-1.292192482255186,0.7417314501622656,128.28531370375205
12.61126971244812,-1.29211736298454,0.741782680874155,128.28921367363955
12.622017621994019,-1.29211736298454,0.741782680874155,128.28921367363955
12.632759094238281,-1.29211736298454,0.741782680874155,128.28921367363955
12.643536567687988,-1.29211736298454,0.741782680874155,128.28921367363955
12.653958797454834,-1.29211736298454,0.741782680874155,128.28921367363955
12.665630340576172,-1.29211736298454,0.741782680874155,128.28921367363955
12.675986051559448,-1.29211736298454,0.741782680874155,128.28921367363955
12.686340808868408,-1.29211736298454,0.741782680874155,128.28921367363955
12.696696758270264,-1.29211736298454,0.741782680874155,128.28921367363955
12.708240032196045,-1.2858976577305044,0.7447813862448045,128.28528016783025
12.719001531600952,-1.2858976577305044,0.7447813862448045,128.28528016783025
12.729750394821167,-1.2858976577305044,0.7447813862448045,128.28528016783025
12.740516424179077,-1.2858976577305044,0.7447813862448045,128.28528016783025
12.751286268234253,-1.2858976577305044,0.7447813862448045,128.28528016783025
12.763973712921143,-1.2858225382222614,0.7448321900691772,128.2891801431442
12.774336099624634,-1.2858225382222614,0.7448321900691772,128.2891801431442
12.784700155258179,-1.2858225382222614,0.7448321900691772,128.2891801431442
12.795061111450195,-1.2858225382222614,0.7448321900691772,128.2891801431442
12.805418729782104,-1.2858225382222614,0.7448321900691772,128.2891801431442
12.81696629524231,-1.2858976577305044,0.7447813862448045,128.28528016783025
12.828174352645874,-1.2858976577305044,0.7447813862448045,128.28528016783025
12.838554620742798,-1.2858976577305044,0.7447813862448045,128.28528016783025
12.849306106567383,-1.2858976577305044,0.7447813862448045,128.28528016783025
12.862740278244019,-1.2952450445444514,0.748025574492457,128.28528196287806
12.873481512069702,-1.2952450445444514,0.748025574492457,128.28528196287806
12.884276628494263,-1.2952450445444514,0.748025574492457,128.28528196287806
12.894646167755127,-1.2952450445444514,0.748025574492457,128.28528196287806
12.905009031295776,-1.2952450445444514,0.748025574492457,128.28528196287806
12.916790008544922,-1.292192482255186,0.7417314501622656,128.28531370375205
12.927144527435303,-1.292192482255186,0.7417314501622656,128.28531370375205
12.938141107559204,-1.292192482255186,0.7417314501622656,128.28531370375205
12.948915243148804,-1.292192482255186,0.7417314501622656,128.28531370375205
12.96227478981018,-1.292192482255186,0.7417314501622656,128.28531370375205
12.973050117492676,-1.292192482255186,0.7417314501622656,128.28531370375205
12.983792543411255,-1.292192482255186,0.7417314501622656,128.28531370375205
12.994527101516724,-1.292192482255186,0.7417314501622656,128.28531370375205
13.004885196685791,-1.292192482255186,0.7417314501622656,128.28531370375205
13.01691198348999,-1.301539886503853,0.744975636164685,128.28531590439454
13.027318239212036,-1.301539886503853,0.744975636164685,128.28531590439454
13.038276672363281,-1.301539886503853,0.744975636164685,128.28531590439454
13.049038410186768,-1.301539886503853,0.744975636164685,128.28531590439454
13.06174373626709,-1.3045924837651621,0.7512697651384358,128.2852838991031
13.072505950927734,-1.3045924837651621,0.7512697651384358,128.2852838991031
13.083245515823364,-1.3045924837651621,0.7512697651384358,128.2852838991031
13.093989849090576,-1.3045924837651621,0.7512697651384358,128.2852838991031
13.104697227478027,-1.3045924837651621,0.7512697651384358,128.2852838991031
13.116334915161133,-1.2982216619543139,0.7543709387089925,128.28915018098743
13.12669324874878,-1.2982216619543139,0.7543709387089925,128.28915018098743
13.137052774429321,-1.2982216619543139,0.7543709387089925,128.28915018098743
13.147448778152466,-1.2982216619543139,0.7543709387089925,128.28915018098743
13.159703969955444,-1.3012738536383484,0.7606650812445727,128.2891184347282
13.17046332359314,-1.3012738536383484,0.7606650812445727,128.2891184347282
13.181204795837402,-1.3012738536383484,0.7606650812445727,128.2891184347282
13.191945314407349,-1.3012738536383484,0.7606650812445727,128.2891184347282
13.202688694000244,-1.3012738536383484,0.7606650812445727,128.2891184347282
13.215408086776733,-1.301350253404746,0.7606138503113112,128.28521848126374
13.225781917572021,-1.301350253404746,0.7606138503113112,128.28521848126374
13.236129522323608,-1.301350253404746,0.7606138503113112,128.28521848126374
13.246521949768066,-1.301350253404746,0.7606138503113112,128.28521848126374
13.256880044937134,-1.301350253404746,0.7606138503113112,128.28521848126374
13.269136428833008,-1.301350253404746,0.7606138503113112,128.28521848126374
13.279896020889282,-1.301350253404746,0.7606138503113112,128.28521848126374
13.290635824203491,-1.301350253404746,0.7606138503113112,128.28521848126374
13.301377296447754,-1.301350253404746,0.7606138503113112,128.28521848126374
13.314799547195435,-1.301350253404746,0.7606138503113112,128.28521848126374
13.325182914733887,-1.301350253404746,0.7606138503113112,128.28521848126374
13.335550546646118,-1.301350253404746,0.7606138503113112,128.28521848126374
13.345930337905884,-1.301350253404746,0.7606138503113112,128.28521848126374
13.356309175491333,-1.301350253404746,0.7606138503113112,128.28521848126374
13.367886066436768,-1.2982976348878947,0.7543197078501405,128.28525022204863
13.378679037094116,-1.2982976348878947,0.7543197078501405,128.28525022204863
13.389418840408325,-1.2982976348878947,0.7543197078501405,128.28525022204863
13.400162935256958,-1.2982976348878947,0.7543197078501405,128.28525022204863
13.41279911994934,-1.301350253404746,0.7606138503113112,128.28521848126374
13.423538446426392,-1.301350253404746,0.7606138503113112,128.28521848126374
13.433902740478516,-1.301350253404746,0.7606138503113112,128.28521848126374
13.444663524627686,-1.301350253404746,0.7606138503113112,128.28521848126374
13.455114841461182,-1.301350253404746,0.7606138503113112,128.28521848126374
13.466728448867798,-1.301350253404746,0.7606138503113112,128.28521848126374
13.477086067199707,-1.301350253404746,0.7606138503113112,128.28521848126374
13.487441539764404,-1.301350253404746,0.7606138503113112,128.28521848126374
13.497800588607788,-1.301350253404746,0.7606138503113112,128.28521848126374
13.509326457977295,-1.301350253404746,0.7606138503113112,128.28521848126374
13.520062446594238,-1.301350253404746,0.7606138503113112,128.28521848126374
13.530807495117188,-1.301350253404746,0.7606138503113112,128.28521848126374
13.541548013687134,-1.301350253404746,0.7606138503113112,128.28521848126374
13.552385807037354,-1.301350253404746,0.7606138503113112,128.28521848126374
13.56514596939087,-1.2983736078169092,0.7542684769918914,128.28135093560851
13.575530290603638,-1.2983736078169092,0.7542684769918914,128.28135093560851
13.585911750793457,-1.2983736078169092,0.7542684769918914,128.28135093560851
13.596286535263062,-1.2983736078169092,0.7542684769918914,128.28135093560851
13.606669425964355,-1.2983736078169092,0.7542684769918914,128.28135093560851
13.618216753005981,-1.292002796529115,0.7573696526994083,128.2852172150527
13.629047393798828,-1.292002796529115,0.7573696526994083,128.2852172150527
13.639814853668213,-1.292002796529115,0.7573696526994083,128.2852172150527
13.650584697723389,-1.292002796529115,0.7573696526994083,128.2852172150527
13.663995265960693,-1.292002796529115,0.7573696526994083,128.2852172150527
13.674785137176514,-1.292002796529115,0.7573696526994083,128.2852172150527
13.685574769973755,-1.292002796529115,0.7573696526994083,128.2852172150527
13.695937395095825,-1.292002796529115,0.7573696526994083,128.2852172150527
13.706301927566528,-1.292002796529115,0.7573696526994083,128.2852172150527
13.718106985092163,-1.2857079685594548,0.760419599694886,128.28518487812056
13.728468894958496,-1.2857079685594548,0.760419599694886,128.28518487812056
13.73932409286499,-1.2857079685594548,0.760419599694886,128.28518487812056
13.75006890296936,-1.2857079685594548,0.760419599694886,128.28518487812056
13.763503313064575,-1.288684172785499,0.7667641282069657,128.28905363087267
13.774280548095703,-1.288684172785499,0.7667641282069657,128.28905363087267
13.785038948059082,-1.288684172785499,0.7667641282069657,128.28905363087267
13.795747756958008,-1.288684172785499,0.7667641282069657,128.28905363087267
13.806129217147827,-1.288684172785499,0.7667641282069657,128.28905363087267
13.818130016326904,-1.2887605730398537,0.7667137510511057,128.28515366625993
13.828491687774658,-1.2887605730398537,0.7667137510511057,128.28515366625993
13.83945107460022,-1.2887605730398537,0.7667137510511057,128.28515366625993
13.850192070007324,-1.2887605730398537,0.7667137510511057,128.28515366625993
13.863575220108032,-1.282465748269405,0.7697637046757317,128.28512226385973
13.874337434768677,-1.282465748269405,0.7697637046757317,128.28512226385973
13.885104179382324,-1.282465748269405,0.7697637046757317,128.28512226385973
13.895872354507446,-1.282465748269405,0.7697637046757317,128.28512226385973
13.906261682510376,-1.282465748269405,0.7697637046757317,128.28512226385973
13.918297529220581,-1.282465748269405,0.7697637046757317,128.28512226385973
13.928643941879272,-1.282465748269405,0.7697637046757317,128.28512226385973
13.939026117324829,-1.282465748269405,0.7697637046757317,128.28512226385973
13.949768304824829,-1.282465748269405,0.7697637046757317,128.28512226385973
13.96402359008789,-1.282465748269405,0.7697637046757317,128.28512226385973
13.974793672561646,-1.282465748269405,0.7697637046757317,128.28512226385973
13.985542058944702,-1.282465748269405,0.7697637046757317,128.28512226385973
13.996023178100586,-1.282465748269405,0.7697637046757317,128.28512226385973
14.006385803222656,-1.282465748269405,0.7697637046757317,128.28512226385973
14.018431186676025,-1.282465748269405,0.7697637046757317,128.28512226385973
14.02883768081665,-1.282465748269405,0.7697637046757317,128.28512226385973
14.03976821899414,-1.282465748269405,0.7697637046757317,128.28512226385973
14.050538301467896,-1.282465748269405,0.7697637046757317,128.28512226385973
14.06394648551941,-1.2888369732896243,0.7666633738958385,128.28125437415017
14.074737787246704,-1.2888369732896243,0.7666633738958385,128.28125437415017
14.08548378944397,-1.2888369732896243,0.7666633738958385,128.28125437415017
14.096181154251099,-1.2888369732896243,0.7666633738958385,128.28125437415017
14.1066575050354,-1.2888369732896243,0.7666633738958385,128.28125437415017
14.1187264919281,-1.288786608879676,0.7665869543139799,128.27326235165543
14.12911605834961,-1.288786608879676,0.7665869543139799,128.27326235165543
14.139918804168701,-1.288786608879676,0.7665869543139799,128.27326235165543
14.150704860687256,-1.288786608879676,0.7665869543139799,128.27326235165543
14.163397789001465,-1.2888630091278845,0.7665365771602045,128.26936399204803
14.174158096313477,-1.2888630091278845,0.7665365771602045,128.26936399204803
14.184898376464844,-1.2888630091278845,0.7665365771602045,128.26936399204803
14.195639848709106,-1.2888630091278845,0.7665365771602045,128.26936399204803
14.206361055374146,-1.2888630091278845,0.7665365771602045,128.26936399204803
14.218059301376343,-1.2888630091278845,0.7665365771602045,128.26936399204803
14.228421449661255,-1.2888630091278845,0.7665365771602045,128.26936399204803
14.238778352737427,-1.2888630091278845,0.7665365771602045,128.26936399204803
14.249132871627808,-1.2888630091278845,0.7665365771602045,128.26936399204803
14.260662078857422,-1.2888630091278845,0.7665365771602045,128.26936399204803
14.27141523361206,-1.2888630091278845,0.7665365771602045,128.26936399204803
14.282156467437744,-1.2888630091278845,0.7665365771602045,128.26936399204803
14.292895793914795,-1.2888630091278845,0.7665365771602045,128.26936399204803
14.303641080856323,-1.2888630091278845,0.7665365771602045,128.26936399204803
14.316317796707153,-1.2825686115015467,0.7695873845090485,128.26933255581827
14.326688766479492,-1.2825686115015467,0.7695873845090485,128.26933255581827
14.337051630020142,-1.2825686115015467,0.7695873845090485,128.26933255581827
14.34741497039795,-1.2825686115015467,0.7695873845090485,128.26933255581827
14.357794523239136,-1.2825686115015467,0.7695873845090485,128.26933255581827
14.36934208869934,-1.2825686115015467,0.7695873845090485,128.26933255581827
14.380270004272461,-1.2825686115015467,0.7695873845090485,128.26933255581827
14.391043186187744,-1.2825686115015467,0.7695873845090485,128.26933255581827
14.401813507080078,-1.2825686115015467,0.7695873845090485,128.26933255581827
14.415224075317383,-1.279515160416575,0.7632936558623924,128.26936349257767
14.42601490020752,-1.279515160416575,0.7632936558623924,128.26936349257767
14.436381816864014,-1.279515160416575,0.7632936558623924,128.26936349257767
14.446744918823242,-1.279515160416575,0.7632936558623924,128.26936349257767
14.45710802078247,-1.279515160416575,0.7632936558623924,128.26936349257767
14.469253301620483,-1.2858095509863985,0.7602428529877557,128.26939519317955
14.47961688041687,-1.2858095509863985,0.7602428529877557,128.26939519317955
14.490436553955078,-1.2858095509863985,0.7602428529877557,128.26939519317955
14.501205921173096,-1.2858095509863985,0.7602428529877557,128.26939519317955
14.513871908187866,-1.2858095509863985,0.7602428529877557,128.26939519317955
14.524611949920654,-1.2858095509863985,0.7602428529877557,128.26939519317955
14.53535509109497,-1.2858095509863985,0.7602428529877557,128.26939519317955
14.546130418777466,-1.2858095509863985,0.7602428529877557,128.26939519317955
14.556895971298218,-1.2858095509863985,0.7602428529877557,128.26939519317955
14.568502187728882,-1.2858095509863985,0.7602428529877557,128.26939519317955
14.578941106796265,-1.2858095509863985,0.7602428529877557,128.26939519317955
14.58934211730957,-1.2858095509863985,0.7602428529877557,128.26939519317955
14.599719524383545,-1.2858095509863985,0.7602428529877557,128.26939519317955
14.612061738967896,-1.288786608879676,0.7665869543139799,128.27326235165543
14.622822284698486,-1.288786608879676,0.7665869543139799,128.27326235165543
14.633589744567871,-1.288786608879676,0.7665869543139799,128.27326235165543
14.644365310668945,-1.288786608879676,0.7665869543139799,128.27326235165543
14.655153512954712,-1.288786608879676,0.7665869543139799,128.27326235165543
14.668424606323242,-1.2857335775754128,0.7602932300677947,128.2732935581691
14.678807258605957,-1.2857335775754128,0.7602932300677947,128.2732935581691
14.689164876937866,-1.2857335775754128,0.7602932300677947,128.2732935581691
14.699525117874146,-1.2857335775754128,0.7602932300677947,128.2732935581691
14.711061239242554,-1.2857335775754128,0.7602932300677947,128.2732935581691
14.721813440322876,-1.2857335775754128,0.7602932300677947,128.2732935581691
14.732551097869873,-1.2857335775754128,0.7602932300677947,128.2732935581691
14.743293285369873,-1.2857335775754128,0.7602932300677947,128.2732935581691
14.754034042358398,-1.2857335775754128,0.7602932300677947,128.2732935581691
14.767537832260132,-1.2857335775754128,0.7602932300677947,128.2732935581691
14.777933359146118,-1.2857335775754128,0.7602932300677947,128.2732935581691
14.788291454315186,-1.2857335775754128,0.7602932300677947,128.2732935581691
14.798649549484253,-1.2857335775754128,0.7602932300677947,128.2732935581691
14.808996438980103,-1.2857335775754128,0.7602932300677947,128.2732935581691
14.82055950164795,-1.2921039518177406,0.7571920522686811,128.26942756399964
14.831305980682373,-1.2921039518177406,0.7571920522686811,128.26942756399964
14.842044591903687,-1.2921039518177406,0.7571920522686811,128.26942756399964
14.852787494659424,-1.2921039518177406,0.7571920522686811,128.26942756399964
14.865456104278564,-1.2921039518177406,0.7571920522686811,128.26942756399964
14.876197576522827,-1.2921039518177406,0.7571920522686811,128.26942756399964
14.886998176574707,-1.2921039518177406,0.7571920522686811,128.26942756399964
14.897399425506592,-1.2921039518177406,0.7571920522686811,128.26942756399964
14.907771587371826,-1.2921039518177406,0.7571920522686811,128.26942756399964
14.919786930084229,-1.2921039518177406,0.7571920522686811,128.26942756399964
14.930145502090454,-1.2921039518177406,0.7571920522686811,128.26942756399964
14.941019535064697,-1.2921039518177406,0.7571920522686811,128.26942756399964
14.951786041259766,-1.2921039518177406,0.7571920522686811,128.26942756399964
14.96444582939148,-1.282680574328919,0.7539995149959772,128.2733247647258
14.975189924240112,-1.282680574328919,0.7539995149959772,128.2733247647258
14.985933065414429,-1.282680574328919,0.7539995149959772,128.2733247647258
14.996675491333008,-1.282680574328919,0.7539995149959772,128.2733247647258
15.007444858551025,-1.282680574328919,0.7539995149959772,128.2733247647258
15.019184827804565,-1.2857335775754128,0.7602932300677947,128.2732935581691
15.029589891433716,-1.2857335775754128,0.7602932300677947,128.2732935581691
15.039968967437744,-1.2857335775754128,0.7602932300677947,128.2732935581691
15.050331592559814,-1.2857335775754128,0.7602932300677947,128.2732935581691
15.062625408172607,-1.2794391867649129,0.7633436060533865,128.27326186312115
15.073393821716309,-1.2794391867649129,0.7633436060533865,128.27326186312115
15.084143161773682,-1.2794391867649129,0.7633436060533865,128.27326186312115
15.095032215118408,-1.2794391867649129,0.7633436060533865,128.27326186312115
15.105770826339722,-1.2794391867649129,0.7633436060533865,128.27326186312115
15.119030952453613,-1.2857335775754128,0.7602932300677947,128.2732935581691
15.12941312789917,-1.2857335775754128,0.7602932300677947,128.2732935581691
15.139772653579712,-1.2857335775754128,0.7602932300677947,128.2732935581691
15.150164127349854,-1.2857335775754128,0.7602932300677947,128.2732935581691
15.161714792251587,-1.2857335775754128,0.7602932300677947,128.2732935581691
15.17248272895813,-1.2857335775754128,0.7602932300677947,128.2732935581691
15.18323040008545,-1.2857335775754128,0.7602932300677947,128.2732935581691
15.193997383117676,-1.2857335775754128,0.7602932300677947,128.2732935581691
15.204737424850464,-1.2857335775754128,0.7602932300677947,128.2732935581691
15.218243837356567,-1.2857079685594548,0.760419599694886,128.28518487812056
15.228643655776978,-1.2857079685594548,0.760419599694886,128.28518487812056
15.239004611968994,-1.2857079685594548,0.760419599694886,128.28518487812056
15.249364137649536,-1.2857079685594548,0.760419599694886,128.28518487812056
15.259814739227295,-1.2857079685594548,0.760419599694886,128.28518487812056
15.272071123123169,-1.2857079685594548,0.760419599694886,128.28518487812056
15.282954692840576,-1.2857079685594548,0.760419599694886,128.28518487812056
15.293724060058594,-1.2857079685594548,0.760419599694886,128.28518487812056
15.304467678070068,-1.2857079685594548,0.760419599694886,128.28518487812056
15.317929029464722,-1.2857079685594548,0.760419599694886,128.28518487812056
15.328289031982422,-1.2857079685594548,0.760419599694886,128.28518487812056
15.338659286499023,-1.2857079685594548,0.760419599694886,128.28518487812056
15.349036931991577,-1.2857079685594548,0.760419599694886,128.28518487812056
15.359391450881958,-1.2857079685594548,0.760419599694886,128.28518487812056
15.370939016342163,-1.295055408041844,0.7636637995991812,128.28518573872967
15.381768465042114,-1.295055408041844,0.7636637995991812,128.28518573872967
15.39250898361206,-1.295055408041844,0.7636637995991812,128.28518573872967
15.403249979019165,-1.295055408041844,0.7636637995991812,128.28518573872967
15.4159517288208,-1.295055408041844,0.7636637995991812,128.28518573872967
15.426718711853027,-1.295055408041844,0.7636637995991812,128.28518573872967
15.437462091445923,-1.295055408041844,0.7636637995991812,128.28518573872967
15.448257446289062,-1.295055408041844,0.7636637995991812,128.28518573872967
15.458660364151001,-1.295055408041844,0.7636637995991812,128.28518573872967
15.470797061920166,-1.2949790080311148,0.7637146036439728,128.28908569775737
15.481926918029785,-1.2949790080311148,0.7637146036439728,128.28908569775737
15.492695093154907,-1.2949790080311148,0.7637146036439728,128.28908569775737
15.50344204902649,-1.2949790080311148,0.7637146036439728,128.28908569775737
15.516844987869263,-1.2980312209424385,0.7700087598347549,128.2890542160494
15.527606010437012,-1.2980312209424385,0.7700087598347549,128.2890542160494
15.538369178771973,-1.2980312209424385,0.7700087598347549,128.2890542160494
15.548744201660156,-1.2980312209424385,0.7700087598347549,128.2890542160494
15.559109687805176,-1.2980312209424385,0.7700087598347549,128.2890542160494
15.570767879486084,-1.2980312209424385,0.7700087598347549,128.2890542160494
15.581127166748047,-1.2980312209424385,0.7700087598347549,128.2890542160494
15.592087268829346,-1.2980312209424385,0.7700087598347549,128.2890542160494
15.602924585342407,-1.2980312209424385,0.7700087598347549,128.2890542160494
15.616363525390625,-1.2980312209424385,0.7700087598347549,128.2890542160494
15.627494812011719,-1.2980312209424385,0.7700087598347549,128.2890542160494
15.638293027877808,-1.2980312209424385,0.7700087598347549,128.2890542160494
15.648666620254517,-1.2980312209424385,0.7700087598347549,128.2890542160494
15.659038782119751,-1.2980312209424385,0.7700087598347549,128.2890542160494
15.671034574508667,-1.3044029002142372,0.7669080019519656,128.28518674052341
15.681420087814331,-1.3044029002142372,0.7669080019519656,128.28518674052341
15.69236707687378,-1.3044029002142372,0.7669080019519656,128.28518674052341
15.703112602233887,-1.3044029002142372,0.7669080019519656,128.28518674052341
15.716517448425293,-1.295055408041844,0.7636637995991812,128.28518573872967
15.727275609970093,-1.295055408041844,0.7636637995991812,128.28518573872967
15.738019466400146,-1.295055408041844,0.7636637995991812,128.28518573872967
15.748659133911133,-1.295055408041844,0.7636637995991812,128.28518573872967
15.759024143218994,-1.295055408041844,0.7636637995991812,128.28518573872967
15.771158695220947,-1.295055408041844,0.7636637995991812,128.28518573872967
15.781554222106934,-1.295055408041844,0.7636637995991812,128.28518573872967
15.792406797409058,-1.295055408041844,0.7636637995991812,128.28518573872967
15.80317759513855,-1.295055408041844,0.7636637995991812,128.28518573872967
15.815885782241821,-1.295055408041844,0.7636637995991812,128.28518573872967
15.826643705368042,-1.295055408041844,0.7636637995991812,128.28518573872967
15.837388515472412,-1.295055408041844,0.7636637995991812,128.28518573872967
15.848156213760376,-1.295055408041844,0.7636637995991812,128.28518573872967
15.858827352523804,-1.295055408041844,0.7636637995991812,128.28518573872967
15.870462894439697,-1.295055408041844,0.7636637995991812,128.28518573872967
15.880826473236084,-1.295055408041844,0.7636637995991812,128.28518573872967
15.89118766784668,-1.295055408041844,0.7636637995991812,128.28518573872967
15.90154767036438,-1.295055408041844,0.7636637995991812,128.28518573872967
15.913839340209961,-1.2887605730398537,0.7667137510511057,128.28515366625993
15.92460298538208,-1.2887605730398537,0.7667137510511057,128.28515366625993
15.935345888137817,-1.2887605730398537,0.7667137510511057,128.28515366625993
15.946112871170044,-1.2887605730398537,0.7667137510511057,128.28515366625993
15.95685338973999,-1.2887605730398537,0.7667137510511057,128.28515366625993
15.970097780227661,-1.2857079685594548,0.760419599694886,128.28518487812056
15.980473279953003,-1.2857079685594548,0.760419599694886,128.28518487812056
15.990832805633545,-1.2857079685594548,0.760419599694886,128.28518487812056
16.00119137763977,-1.2857079685594548,0.760419599694886,128.28518487812056
16.012733221054077,-1.2857079685594548,0.760419599694886,128.28518487812056
16.023473978042603,-1.2857079685594548,0.760419599694886,128.28518487812056
16.033831119537354,-1.2857079685594548,0.760419599694886,128.28518487812056
16.04458975791931,-1.2857079685594548,0.760419599694886,128.28518487812056
16.05533003807068,-1.2857079685594548,0.760419599694886,128.28518487812056
16.068732738494873,-1.2857079685594548,0.760419599694886,128.28518487812056
16.079158782958984,-1.2857079685594548,0.760419599694886,128.28518487812056
16.089519262313843,-1.2857079685594548,0.760419599694886,128.28518487812056
16.099881649017334,-1.2857079685594548,0.760419599694886,128.28518487812056
16.110241413116455,-1.2857079685594548,0.760419599694886,128.28518487812056
16.121803998947144,-1.282655392136366,0.7541254575158045,128.2852160900243
16.13278317451477,-1.282655392136366,0.7541254575158045,128.2852160900243
16.14352583885193,-1.282655392136366,0.7541254575158045,128.2852160900243
16.154273986816406,-1.282655392136366,0.7541254575158045,128.2852160900243
16.166970252990723,-1.282655392136366,0.7541254575158045,128.2852160900243
16.177736520767212,-1.282655392136366,0.7541254575158045,128.2852160900243
16.188477039337158,-1.282655392136366,0.7541254575158045,128.2852160900243
16.199247360229492,-1.282655392136366,0.7541254575158045,128.2852160900243
16.209628582000732,-1.282655392136366,0.7541254575158045,128.2852160900243
16.22160577774048,-1.2763605814289427,0.7571754022286734,128.2851841586974
16.231966018676758,-1.2763605814289427,0.7571754022286734,128.2851841586974
16.242326974868774,-1.2763605814289427,0.7571754022286734,128.2851841586974
16.25268864631653,-1.2763605814289427,0.7571754022286734,128.2851841586974
16.264930963516235,-1.2825798455557333,0.7541758345247558,128.28911606540333
16.275696754455566,-1.2825798455557333,0.7541758345247558,128.28911606540333
16.286465406417847,-1.2825798455557333,0.7541758345247558,128.28911606540333
16.297207355499268,-1.2825798455557333,0.7541758345247558,128.28911606540333
16.30795693397522,-1.2825798455557333,0.7541758345247558,128.28911606540333
16.32124662399292,-1.2825798455557333,0.7541758345247558,128.28911606540333
16.331627130508423,-1.2825798455557333,0.7541758345247558,128.28911606540333
16.341975212097168,-1.2825798455557333,0.7541758345247558,128.28911606540333
16.35234785079956,-1.2825798455557333,0.7541758345247558,128.28911606540333
16.3646457195282,-1.2888746667902462,0.7511263188371802,128.28914866130478
16.375396013259888,-1.2888746667902462,0.7511263188371802,128.28914866130478
16.386165142059326,-1.2888746667902462,0.7511263188371802,128.28914866130478
16.396905183792114,-1.2888746667902462,0.7511263188371802,128.28914866130478
16.40764808654785,-1.2888746667902462,0.7511263188371802,128.28914866130478
16.4208984375,-1.2825798455557333,0.7541758345247558,128.28911606540333
16.431396961212158,-1.2825798455557333,0.7541758345247558,128.28911606540333
16.441762924194336,-1.2825798455557333,0.7541758345247558,128.28911606540333
16.452129364013672,-1.2825798455557333,0.7541758345247558,128.28911606540333
16.46463394165039,-1.2825798455557333,0.7541758345247558,128.28911606540333
16.47539472579956,-1.2825798455557333,0.7541758345247558,128.28911606540333
16.486132621765137,-1.2825798455557333,0.7541758345247558,128.28911606540333
16.49687385559082,-1.2825798455557333,0.7541758345247558,128.28911606540333
16.507617712020874,-1.2825798455557333,0.7541758345247558,128.28911606540333
16.520878314971924,-1.2795277239062106,0.7478817013742741,128.2891472827333
16.53125,-1.2795277239062106,0.7478817013742741,128.2891472827333
16.54161024093628,-1.2795277239062106,0.7478817013742741,128.2891472827333
16.552008390426636,-1.2795277239062106,0.7478817013742741,128.2891472827333
16.563570261001587,-1.2825798455557333,0.7541758345247558,128.28911606540333
16.57433032989502,-1.2825798455557333,0.7541758345247558,128.28911606540333
16.58507013320923,-1.2825798455557333,0.7541758345247558,128.28911606540333
16.595820903778076,-1.2825798455557333,0.7541758345247558,128.28911606540333
16.60658836364746,-1.2825798455557333,0.7541758345247558,128.28911606540333
16.620124578475952,-1.2762850346098746,0.7572253523488882,128.2890841395921
16.630598306655884,-1.2762850346098746,0.7572253523488882,128.2890841395921
16.640982627868652,-1.2762850346098746,0.7572253523488882,128.2890841395921
16.65134906768799,-1.2762850346098746,0.7572253523488882,128.2890841395921
16.661710739135742,-1.2762850346098746,0.7572253523488882,128.2890841395921
16.673272132873535,-1.2732329199070165,0.7509312147980888,128.28911509241198
16.684035539627075,-1.2732329199070165,0.7509312147980888,128.28911509241198
16.694778203964233,-1.2732329199070165,0.7509312147980888,128.28911509241198
16.705522298812866,-1.2732329199070165,0.7509312147980888,128.28911509241198
16.71819567680359,-1.2700397448892748,0.7603504379390602,128.29704329777752
16.728957176208496,-1.2700397448892748,0.7603504379390602,128.29704329777752
16.739702463150024,-1.2700397448892748,0.7603504379390602,128.29704329777752
16.750183820724487,-1.2700397448892748,0.7603504379390602,128.29704329777752
16.760541915893555,-1.2700397448892748,0.7603504379390602,128.29704329777752
16.772568464279175,-1.2636689801717058,0.7634490564585014,128.3009136584945
16.782926082611084,-1.2636689801717058,0.7634490564585014,128.3009136584945
16.793898582458496,-1.2636689801717058,0.7634490564585014,128.3009136584945
16.804670810699463,-1.2636689801717058,0.7634490564585014,128.3009136584945
16.81810998916626,-1.2573737724105702,0.7664981539077232,128.30088377061054
16.828871726989746,-1.2573737724105702,0.7664981539077232,128.30088377061054
16.839641571044922,-1.2573737724105702,0.7664981539077232,128.30088377061054
16.85032367706299,-1.2573737724105702,0.7664981539077232,128.30088377061054
16.860685110092163,-1.2573737724105702,0.7664981539077232,128.30088377061054
16.872761011123657,-1.2636689801717058,0.7634490564585014,128.3009136584945
16.883116960525513,-1.2636689801717058,0.7634490564585014,128.3009136584945
16.89405870437622,-1.2636689801717058,0.7634490564585014,128.3009136584945
16.90483069419861,-1.2636689801717058,0.7634490564585014,128.3009136584945
16.917512893676758,-1.2635934328719274,0.7634981528018462,128.30481525527895
16.92826008796692,-1.2635934328719274,0.7634981528018462,128.30481525527895
16.938999891281128,-1.2635934328719274,0.7634981528018462,128.30481525527895
16.94974637031555,-1.2635934328719274,0.7634981528018462,128.30481525527895
16.96048903465271,-1.2635934328719274,0.7634981528018462,128.30481525527895
16.972731113433838,-1.2636689801717058,0.7634490564585014,128.3009136584945
16.983086824417114,-1.2636689801717058,0.7634490564585014,128.3009136584945
16.99344778060913,-1.2636689801717058,0.7634490564585014,128.3009136584945
17.004303216934204,-1.2636689801717058,0.7634490564585014,128.3009136584945
17.01719880104065,-1.2699641978309475,0.7603999611715142,128.30094421631279
17.027962923049927,-1.2699641978309475,0.7603999611715142,128.30094421631279
17.038733959197998,-1.2699641978309475,0.7603999611715142,128.30094421631279
17.049503564834595,-1.2699641978309475,0.7603999611715142,128.30094421631279
17.06027102470398,-1.2699641978309475,0.7603999611715142,128.30094421631279
17.072235345840454,-1.2730159065529942,0.7666945394240271,128.30091352279297
17.08259105682373,-1.2730159065529942,0.7666945394240271,128.30091352279297
17.092952728271484,-1.2730159065529942,0.7666945394240271,128.30091352279297
17.103311777114868,-1.2730159065529942,0.7666945394240271,128.30091352279297
17.11484432220459,-1.272939932649283,0.7667440627295606,128.30481510871812
17.12558341026306,-1.272939932649283,0.7667440627295606,128.30481510871812
17.13632583618164,-1.272939932649283,0.7667440627295606,128.30481510871812
17.147066593170166,-1.272939932649283,0.7667440627295606,128.30481510871812
17.15781593322754,-1.272939932649283,0.7667440627295606,128.30481510871812
17.1705379486084,-1.2792351676106546,0.7636953920303255,128.30484606632027
17.180898904800415,-1.2792351676106546,0.7636953920303255,128.30484606632027
17.191263675689697,-1.2792351676106546,0.7636953920303255,128.30484606632027
17.2016384601593,-1.2792351676106546,0.7636953920303255,128.30484606632027
17.21199679374695,-1.2792351676106546,0.7636953920303255,128.30484606632027
17.223557710647583,-1.2793111412744005,0.7636454418352445,128.3009444859854
17.234555959701538,-1.2793111412744005,0.7636454418352445,128.3009444859854
17.245298385620117,-1.2793111412744005,0.7636454418352445,128.3009444859854
17.25626039505005,-1.2793111412744005,0.7636454418352445,128.3009444859854
17.269696712493896,-1.2793111412744005,0.7636454418352445,128.3009444859854
17.280466556549072,-1.2793111412744005,0.7636454418352445,128.3009444859854
17.290972232818604,-1.2793111412744005,0.7636454418352445,128.3009444859854
17.30133080482483,-1.2793111412744005,0.7636454418352445,128.3009444859854
17.311696767807007,-1.2793111412744005,0.7636454418352445,128.3009444859854
17.323399782180786,-1.2762594255176578,0.7573508680381219,128.30097544406036
17.333760738372803,-1.2762594255176578,0.7573508680381219,128.30097544406036
17.344725131988525,-1.2762594255176578,0.7573508680381219,128.30097544406036
17.355467319488525,-1.2762594255176578,0.7573508680381219,128.30097544406036
17.368844747543335,-1.2762594255176578,0.7573508680381219,128.30097544406036
17.37960696220398,-1.2762594255176578,0.7573508680381219,128.30097544406036
17.39034628868103,-1.2762594255176578,0.7573508680381219,128.30097544406036
17.401108980178833,-1.2762594255176578,0.7573508680381219,128.30097544406036
17.41147232055664,-1.2762594255176578,0.7573508680381219,128.30097544406036
17.42355751991272,-1.282479116774618,0.7543521540606768,128.3049089218826
17.433900594711304,-1.282479116774618,0.7543521540606768,128.3049089218826
17.44428324699402,-1.282479116774618,0.7543521540606768,128.3049089218826
17.45504117012024,-1.282479116774618,0.7543521540606768,128.3049089218826
17.467706203460693,-1.2855304127013494,0.7606467234934174,128.30487769386892
17.478450536727905,-1.2855304127013494,0.7606467234934174,128.30487769386892
17.48922085762024,-1.2855304127013494,0.7606467234934174,128.30487769386892
17.49996042251587,-1.2855304127013494,0.7606467234934174,128.30487769386892
17.51070284843445,-1.2855304127013494,0.7606467234934174,128.30487769386892
17.522926330566406,-1.2825546633611977,0.7543017770496847,128.3010073417321
17.533281326293945,-1.2825546633611977,0.7543017770496847,128.3010073417321
17.543638706207275,-1.2825546633611977,0.7543017770496847,128.3010073417321
17.55399227142334,-1.2825546633611977,0.7543017770496847,128.3010073417321
17.565512895584106,-1.2825546633611977,0.7543017770496847,128.3010073417321
17.57625436782837,-1.2825546633611977,0.7543017770496847,128.3010073417321
17.58699893951416,-1.2825546633611977,0.7543017770496847,128.3010073417321
17.597925424575806,-1.2825546633611977,0.7543017770496847,128.3010073417321
17.608695030212402,-1.2825546633611977,0.7543017770496847,128.3010073417321
17.62146258354187,-1.2888499114909266,0.7512526881975632,128.30103990932284
17.63183856010437,-1.2888499114909266,0.7512526881975632,128.30103990932284
17.642213821411133,-1.2888499114909266,0.7512526881975632,128.30103990932284
17.652573823928833,-1.2888499114909266,0.7512526881975632,128.30103990932284
17.662940502166748,-1.2888499114909266,0.7512526881975632,128.30103990932284
17.674505472183228,-1.2888499114909266,0.7512526881975632,128.30103990932284
17.685256004333496,-1.2888499114909266,0.7512526881975632,128.30103990932284
17.695998191833496,-1.2888499114909266,0.7512526881975632,128.30103990932284
17.706748485565186,-1.2888499114909266,0.7512526881975632,128.30103990932284
17.7194402217865,-1.2888499114909266,0.7512526881975632,128.30103990932284
17.73017978668213,-1.2888499114909266,0.7512526881975632,128.30103990932284
17.74092149734497,-1.2888499114909266,0.7512526881975632,128.30103990932284
17.751684427261353,-1.2888499114909266,0.7512526881975632,128.30103990932284
17.762048482894897,-1.2888499114909266,0.7512526881975632,128.30103990932284
17.774075984954834,-1.2888251561911261,0.7513790575616008,128.31293017517245
17.78443217277527,-1.2888251561911261,0.7513790575616008,128.31293017517245
17.795424699783325,-1.2888251561911261,0.7513790575616008,128.31293017517245
17.806164979934692,-1.2888251561911261,0.7513790575616008,128.31293017517245
17.820340156555176,-1.2794782131626865,0.7481327322185601,128.31292886389875
17.83109974861145,-1.2794782131626865,0.7481327322185601,128.31292886389875
17.841832637786865,-1.2794782131626865,0.7481327322185601,128.31292886389875
17.852181673049927,-1.2794782131626865,0.7481327322185601,128.31292886389875
17.862568140029907,-1.2794782131626865,0.7481327322185601,128.31292886389875
17.874231338500977,-1.2887743651434767,0.7513034920968553,128.3049414839722
17.885302782058716,-1.2887743651434767,0.7513034920968553,128.3049414839722
17.896068334579468,-1.2887743651434767,0.7513034920968553,128.3049414839722
17.90681505203247,-1.2887743651434767,0.7513034920968553,128.3049414839722
17.919487714767456,-1.282479116774618,0.7543521540606768,128.3049089218826
17.930249452590942,-1.282479116774618,0.7543521540606768,128.3049089218826
17.941022396087646,-1.282479116774618,0.7543521540606768,128.3049089218826
17.95178747177124,-1.282479116774618,0.7543521540606768,128.3049089218826
17.96214246749878,-1.282479116774618,0.7543521540606768,128.3049089218826
17.974210262298584,-1.282479116774618,0.7543521540606768,128.3049089218826
17.98455786705017,-1.282479116774618,0.7543521540606768,128.3049089218826
17.995151042938232,-1.282479116774618,0.7543521540606768,128.3049089218826
18.00589919090271,-1.282479116774618,0.7543521540606768,128.3049089218826
18.0185706615448,-1.282479116774618,0.7543521540606768,128.3049089218826
18.02933669090271,-1.282479116774618,0.7543521540606768,128.3049089218826
18.040079832077026,-1.282479116774618,0.7543521540606768,128.3049089218826
18.05085039138794,-1.282479116774618,0.7543521540606768,128.3049089218826
18.061591863632202,-1.282479116774618,0.7543521540606768,128.3049089218826
18.07375979423523,-1.2825294811661667,0.7544277195782585,128.3128976358878
18.084118127822876,-1.2825294811661667,0.7544277195782585,128.3128976358878
18.0944926738739,-1.2825294811661667,0.7544277195782585,128.3128976358878
18.10485029220581,-1.2825294811661667,0.7544277195782585,128.3128976358878
18.11638307571411,-1.2824539345781003,0.7544780965907086,128.3168001477236
18.127139568328857,-1.2824539345781003,0.7544780965907086,128.3168001477236
18.1378812789917,-1.2824539345781003,0.7544780965907086,128.3168001477236
18.148623943328857,-1.2824539345781003,0.7544780965907086,128.3168001477236
18.15936541557312,-1.2824539345781003,0.7544780965907086,128.3168001477236
18.172057390213013,-1.2824539345781003,0.7544780965907086,128.3168001477236
18.182425022125244,-1.2824539345781003,0.7544780965907086,128.3168001477236
18.192784547805786,-1.2824539345781003,0.7544780965907086,128.3168001477236
18.203138828277588,-1.2824539345781003,0.7544780965907086,128.3168001477236
18.21349263191223,-1.2824539345781003,0.7544780965907086,128.3168001477236
18.225017786026,-1.2824539345781003,0.7544780965907086,128.3168001477236
18.236083984375,-1.2824539345781003,0.7544780965907086,128.3168001477236
18.246830463409424,-1.2824539345781003,0.7544780965907086,128.3168001477236
18.257405042648315,-1.2824539345781003,0.7544780965907086,128.3168001477236
18.27008581161499,-1.2887496098422073,0.7514298614623623,128.31683268150243
18.280852794647217,-1.2887496098422073,0.7514298614623623,128.31683268150243
18.291595458984375,-1.2887496098422073,0.7514298614623623,128.31683268150243
18.30235719680786,-1.2887496098422073,0.7514298614623623,128.31683268150243
18.312721967697144,-1.2887496098422073,0.7514298614623623,128.31683268150243
18.324734449386597,-1.2918004859276977,0.7577248535826964,128.3168011835057
18.335092067718506,-1.2918004859276977,0.7577248535826964,128.3168011835057
18.345452547073364,-1.2918004859276977,0.7577248535826964,128.3168011835057
18.35632061958313,-1.2918004859276977,0.7577248535826964,128.3168011835057
18.370758771896362,-1.298096178559637,0.7546766161793478,128.31683412240469
18.381595849990845,-1.298096178559637,0.7546766161793478,128.31683412240469
18.39241671562195,-1.298096178559637,0.7546766161793478,128.31683412240469
18.402803421020508,-1.298096178559637,0.7546766161793478,128.31683412240469
18.41319513320923,-1.298096178559637,0.7546766161793478,128.31683412240469
18.425081968307495,-1.298096178559637,0.7546766161793478,128.31683412240469
18.435454845428467,-1.298096178559637,0.7546766161793478,128.31683412240469
18.445820569992065,-1.298096178559637,0.7546766161793478,128.31683412240469
18.456570148468018,-1.298096178559637,0.7546766161793478,128.31683412240469
18.469985008239746,-1.298096178559637,0.7546766161793478,128.31683412240469
18.48077702522278,-1.298096178559637,0.7546766161793478,128.31683412240469
18.491546869277954,-1.298096178559637,0.7546766161793478,128.31683412240469
18.502327919006348,-1.298096178559637,0.7546766161793478,128.31683412240469
18.512742519378662,-1.298096178559637,0.7546766161793478,128.31683412240469
18.524441957473755,-1.298096178559637,0.7546766161793478,128.31683412240469
18.53480577468872,-1.298096178559637,0.7546766161793478,128.31683412240469
18.54516363143921,-1.298096178559637,0.7546766161793478,128.31683412240469
18.5555202960968,-1.298096178559637,0.7546766161793478,128.31683412240469
18.567785024642944,-1.2981209337881445,0.7545493928720376,128.3049429587851
18.578548431396484,-1.2981209337881445,0.7545493928720376,128.3049429587851
18.589317083358765,-1.2981209337881445,0.7545493928720376,128.3049429587851
18.60006093978882,-1.2981209337881445,0.7545493928720376,128.3049429587851
18.610840797424316,-1.2981209337881445,0.7545493928720376,128.3049429587851
18.624115705490112,-1.304391881706479,0.7516283809121799,128.31686773106335
18.63451099395752,-1.304391881706479,0.7516283809121799,128.31686773106335
18.644870281219482,-1.304391881706479,0.7516283809121799,128.31686773106335
18.655231952667236,-1.304391881706479,0.7516283809121799,128.31686773106335
18.666786909103394,-1.3044162100429597,0.751500730770294,128.30497659614215
18.677540063858032,-1.3044162100429597,0.751500730770294,128.30497659614215
18.68827986717224,-1.3044162100429597,0.751500730770294,128.30497659614215
18.6990225315094,-1.3044162100429597,0.751500730770294,128.30497659614215
18.709779500961304,-1.3044162100429597,0.751500730770294,128.30497659614215
18.722443103790283,-1.3044678544048072,0.7515767231620041,128.31296524120077
18.73316216468811,-1.3044678544048072,0.7515767231620041,128.31296524120077
18.743523836135864,-1.3044678544048072,0.7515767231620041,128.31296524120077
18.75388479232788,-1.3044678544048072,0.7515767231620041,128.31296524120077
18.764341115951538,-1.3044678544048072,0.7515767231620041,128.31296524120077
18.775893688201904,-1.3107114969445277,0.7484520707963332,128.30501090342491
18.78691291809082,-1.3107114969445277,0.7484520707963332,128.30501090342491
18.797653436660767,-1.3107114969445277,0.7484520707963332,128.30501090342491
18.808396100997925,-1.3107114969445277,0.7484520707963332,128.30501090342491
18.82259464263916,-1.3076366986345218,0.7422851688047132,128.3169343014042
18.833317756652832,-1.3076366986345218,0.7422851688047132,128.3169343014042
18.843677520751953,-1.3076366986345218,0.7422851688047132,128.3169343014042
18.85403347015381,-1.3076366986345218,0.7422851688047132,128.3169343014042
18.86439275741577,-1.3076366986345218,0.7422851688047132,128.3169343014042
18.876027822494507,-1.3076366986345218,0.7422851688047132,128.3169343014042
18.88641929626465,-1.3076366986345218,0.7422851688047132,128.3169343014042
18.897175788879395,-1.3076366986345218,0.7422851688047132,128.3169343014042
18.90794563293457,-1.3076366986345218,0.7422851688047132,128.3169343014042
18.92059874534607,-1.3076601732649555,0.7421575189341929,128.30504318983353
18.93134641647339,-1.3076601732649555,0.7421575189341929,128.30504318983353
18.942087411880493,-1.3076601732649555,0.7421575189341929,128.30504318983353
18.952831029891968,-1.3076601732649555,0.7421575189341929,128.30504318983353
18.963501691818237,-1.3076601732649555,0.7421575189341929,128.30504318983353
18.975099086761475,-1.3013409917410736,0.7453333975779969,128.31689975834797
18.985460996627808,-1.3013409917410736,0.7453333975779969,128.31689975834797
18.99582552909851,-1.3013409917410736,0.7453333975779969,128.31689975834797
19.006174325942993,-1.3013409917410736,0.7453333975779969,128.31689975834797
19.018082857131958,-1.3013409917410736,0.7453333975779969,128.31689975834797
19.028894901275635,-1.3013409917410736,0.7453333975779969,128.31689975834797
19.039653539657593,-1.3013409917410736,0.7453333975779969,128.31689975834797
19.050394296646118,-1.3013409917410736,0.7453333975779969,128.31689975834797
19.061166763305664,-1.3013409917410736,0.7453333975779969,128.31689975834797
19.07380437850952,-1.3013409917410736,0.7453333975779969,128.31689975834797
19.084173917770386,-1.3013409917410736,0.7453333975779969,128.31689975834797
19.09453558921814,-1.3013409917410736,0.7453333975779969,128.31689975834797
19.104893922805786,-1.3013409917410736,0.7453333975779969,128.31689975834797
19.11525535583496,-1.3013409917410736,0.7453333975779969,128.31689975834797
19.126803398132324,-1.2950452955200835,0.7483816284610025,128.31686588504562
19.137762546539307,-1.2950452955200835,0.7483816284610025,128.31686588504562
19.148552656173706,-1.2950452955200835,0.7483816284610025,128.31686588504562
19.159342765808105,-1.2950452955200835,0.7483816284610025,128.31686588504562
19.172750234603882,-1.2887496098422073,0.7514298614623623,128.31683268150243
19.18355679512024,-1.2887496098422073,0.7514298614623623,128.31683268150243
19.19392490386963,-1.2887496098422073,0.7514298614623623,128.31683268150243
19.204291343688965,-1.2887496098422073,0.7514298614623623,128.31683268150243
19.214652061462402,-1.2887496098422073,0.7514298614623623,128.31683268150243
19.226287364959717,-1.2887496098422073,0.7514298614623623,128.31683268150243
19.236643075942993,-1.2887496098422073,0.7514298614623623,128.31683268150243
19.247594118118286,-1.2887496098422073,0.7514298614623623,128.31683268150243
19.258362770080566,-1.2887496098422073,0.7514298614623623,128.31683268150243
19.2717444896698,-1.2824539345781003,0.7544780965907086,128.3168001477236
19.28250288963318,-1.2824539345781003,0.7544780965907086,128.3168001477236
19.293248653411865,-1.2824539345781003,0.7544780965907086,128.3168001477236
19.304014444351196,-1.2824539345781003,0.7544780965907086,128.3168001477236
19.314395427703857,-1.2824539345781003,0.7544780965907086,128.3168001477236
19.326430320739746,-1.282479116774618,0.7543521540606768,128.3049089218826
19.3367862701416,-1.282479116774618,0.7543521540606768,128.3049089218826
19.34714388847351,-1.282479116774618,0.7543521540606768,128.3049089218826
19.357906579971313,-1.282479116774618,0.7543521540606768,128.3049089218826
19.37129020690918,-1.2887743651434767,0.7513034920968553,128.3049414839722
19.382049798965454,-1.2887743651434767,0.7513034920968553,128.3049414839722
19.392789602279663,-1.2887743651434767,0.7513034920968553,128.3049414839722
19.40353751182556,-1.2887743651434767,0.7513034920968553,128.3049414839722
19.414172410964966,-1.2887743651434767,0.7513034920968553,128.3049414839722
19.425770044326782,-1.2887743651434767,0.7513034920968553,128.3049414839722
19.436128854751587,-1.2887743651434767,0.7513034920968553,128.3049414839722
19.446529626846313,-1.2887743651434767,0.7513034920968553,128.3049414839722
19.45688509941101,-1.2887743651434767,0.7513034920968553,128.3049414839722
19.469154596328735,-1.2888251561911261,0.7513790575616008,128.31293017517245
19.480254650115967,-1.2888251561911261,0.7513790575616008,128.31293017517245
19.49102520942688,-1.2888251561911261,0.7513790575616008,128.31293017517245
19.501768112182617,-1.2888251561911261,0.7513790575616008,128.31293017517245
19.512537479400635,-1.2888251561911261,0.7513790575616008,128.31293017517245
19.525794982910156,-1.2855807771059173,0.7607227160452187,128.31286640791993
19.53618288040161,-1.2855807771059173,0.7607227160452187,128.31286640791993
19.546538829803467,-1.2855807771059173,0.7607227160452187,128.31286640791993
19.557025909423828,-1.2855807771059173,0.7607227160452187,128.31286640791993
19.569395542144775,-1.2855304127013494,0.7606467234934174,128.30487769386892
19.58014225959778,-1.2855304127013494,0.7606467234934174,128.30487769386892
19.59090495109558,-1.2855304127013494,0.7606467234934174,128.30487769386892
19.601682662963867,-1.2855304127013494,0.7606467234934174,128.30487769386892
19.612451553344727,-1.2855304127013494,0.7606467234934174,128.30487769386892
19.625763177871704,-1.2822864845255806,0.7699899751182339,128.30481510294916
19.636154413223267,-1.2822864845255806,0.7699899751182339,128.30481510294916
19.64652967453003,-1.2822864845255806,0.7699899751182339,128.30481510294916
19.656893253326416,-1.2822864845255806,0.7699899751182339,128.30481510294916
19.668529272079468,-1.272939932649283,0.7667440627295606,128.30481510871812
19.679288148880005,-1.272939932649283,0.7667440627295606,128.30481510871812
19.690053701400757,-1.272939932649283,0.7667440627295606,128.30481510871812
19.70089030265808,-1.272939932649283,0.7667440627295606,128.30481510871812
19.711668968200684,-1.272939932649283,0.7667440627295606,128.30481510871812
19.72439193725586,-1.272939932649283,0.7667440627295606,128.30481510871812
19.734766483306885,-1.272939932649283,0.7667440627295606,128.30481510871812
19.74513292312622,-1.272939932649283,0.7667440627295606,128.30481510871812
19.755493640899658,-1.272939932649283,0.7667440627295606,128.30481510871812
19.76585292816162,-1.272939932649283,0.7667440627295606,128.30481510871812
19.77743172645569,-1.2666447076878733,0.7697927355997587,128.30478482106753
19.788440942764282,-1.2666447076878733,0.7697927355997587,128.30478482106753
19.799188375473022,-1.2666447076878733,0.7697927355997587,128.30478482106753
19.809955596923828,-1.2666447076878733,0.7697927355997587,128.30478482106753
19.8226215839386,-1.2696960103845683,0.7760873276892437,128.30475438689706
19.833375215530396,-1.2696960103845683,0.7760873276892437,128.30475438689706
19.844164609909058,-1.2696960103845683,0.7760873276892437,128.30475438689706
19.8548424243927,-1.2696960103845683,0.7760873276892437,128.30475438689706
19.865211486816406,-1.2696960103845683,0.7760873276892437,128.30475438689706
19.87726354598999,-1.2666447076878733,0.7697927355997587,128.30478482106753
19.887622117996216,-1.2666447076878733,0.7697927355997587,128.30478482106753
19.898576974868774,-1.2666447076878733,0.7697927355997587,128.30478482106753
19.909316778182983,-1.2666447076878733,0.7697927355997587,128.30478482106753
19.921953201293945,-1.2603494925970637,0.772841410649556,128.30475520337365
19.932790756225586,-1.2603494925970637,0.772841410649556,128.30475520337365
19.9435613155365,-1.2603494925970637,0.772841410649556,128.30475520337365
19.95433211326599,-1.2603494925970637,0.772841410649556,128.30475520337365
19.965031147003174,-1.2603494925970637,0.772841410649556,128.30475520337365
19.97664165496826,-1.2572982248744557,0.7665468233609244,128.30478537298313
19.987000465393066,-1.2572982248744557,0.7665468233609244,128.30478537298313
19.99735927581787,-1.2572982248744557,0.7665468233609244,128.30478537298313
20.007718086242676,-1.2572982248744557,0.7665468233609244,128.30478537298313
20.020023345947266,-1.2572982248744557,0.7665468233609244,128.30478537298313
20.030824899673462,-1.2572982248744557,0.7665468233609244,128.30478537298313
20.041579723358154,-1.2572982248744557,0.7665468233609244,128.30478537298313
20.05236530303955,-1.2572982248744557,0.7665468233609244,128.30478537298313
20.06312656402588,-1.2572982248744557,0.7665468233609244,128.30478537298313
20.075188159942627,-1.266720681830848,0.7697436391842405,128.30088322953043
20.085597276687622,-1.266720681830848,0.7697436391842405,128.30088322953043
20.095975637435913,-1.266720681830848,0.7697436391842405,128.30088322953043
20.106341123580933,-1.266720681830848,0.7697436391842405,128.30088322953043
20.116705894470215,-1.266720681830848,0.7697436391842405,128.30088322953043
20.12830376625061,-1.2636689801717058,0.7634490564585014,128.3009136584945
20.139261960983276,-1.2636689801717058,0.7634490564585014,128.3009136584945
20.15004253387451,-1.2636689801717058,0.7634490564585014,128.3009136584945
20.160847187042236,-1.2636689801717058,0.7634490564585014,128.3009136584945
20.174295663833618,-1.2636689801717058,0.7634490564585014,128.3009136584945
20.18513584136963,-1.2636689801717058,0.7634490564585014,128.3009136584945
20.195528745651245,-1.2636689801717058,0.7634490564585014,128.3009136584945
20.205915689468384,-1.2636689801717058,0.7634490564585014,128.3009136584945
20.216264486312866,-1.2636689801717058,0.7634490564585014,128.3009136584945
20.227869510650635,-1.2699641978309475,0.7603999611715142,128.30094421631279
20.238234996795654,-1.2699641978309475,0.7603999611715142,128.30094421631279
20.24909210205078,-1.2699641978309475,0.7603999611715142,128.30094421631279
20.25988507270813,-1.2699641978309475,0.7603999611715142,128.30094421631279
20.273332357406616,-1.2699641978309475,0.7603999611715142,128.30094421631279
20.284136533737183,-1.2699641978309475,0.7603999611715142,128.30094421631279
20.294928789138794,-1.2699641978309475,0.7603999611715142,128.30094421631279
20.305540084838867,-1.2699641978309475,0.7603999611715142,128.30094421631279
20.315910816192627,-1.2699641978309475,0.7603999611715142,128.30094421631279
20.327601671218872,-1.2606173062750587,0.7571544829477289,128.30094408749952
20.337989807128906,-1.2606173062750587,0.7571544829477289,128.30094408749952
20.348363399505615,-1.2606173062750587,0.7571544829477289,128.30094408749952
20.3587327003479,-1.2606173062750587,0.7571544829477289,128.30094408749952
20.37029457092285,-1.2606173062750587,0.7571544829477289,128.30094408749952
20.381046533584595,-1.2606173062750587,0.7571544829477289,128.30094408749952
20.39181685447693,-1.2606173062750587,0.7571544829477289,128.30094408749952
20.40256142616272,-1.2606173062750587,0.7571544829477289,128.30094408749952
20.41330313682556,-1.2606173062750587,0.7571544829477289,128.30094408749952
20.426022052764893,-1.266912516929471,0.7541053920971473,128.30097490987424
20.436427354812622,-1.266912516929471,0.7541053920971473,128.30097490987424
20.44679069519043,-1.266912516929471,0.7541053920971473,128.30097490987424
20.457157850265503,-1.266912516929471,0.7541053920971473,128.30097490987424
20.467524528503418,-1.266912516929471,0.7541053920971473,128.30097490987424
20.479090929031372,-1.266912516929471,0.7541053920971473,128.30097490987424
20.489840745925903,-1.266912516929471,0.7541053920971473,128.30097490987424
20.500609159469604,-1.266912516929471,0.7541053920971473,128.30097490987424
20.5113525390625,-1.266912516929471,0.7541053920971473,128.30097490987424
20.524797677993774,-1.2638608637293587,0.7478108321249147,128.3010056034773
20.53560519218445,-1.2638608637293587,0.7478108321249147,128.3010056034773
20.545989751815796,-1.2638608637293587,0.7478108321249147,128.3010056034773
20.556356191635132,-1.2638608637293587,0.7478108321249147,128.3010056034773
20.56671452522278,-1.2638608637293587,0.7478108321249147,128.3010056034773
20.578251600265503,-1.2638608637293587,0.7478108321249147,128.3010056034773
20.588621139526367,-1.2638608637293587,0.7478108321249147,128.3010056034773
20.59966468811035,-1.2638608637293587,0.7478108321249147,128.3010056034773
20.61040711402893,-1.2638608637293587,0.7478108321249147,128.3010056034773
20.62378716468811,-1.266912516929471,0.7541053920971473,128.30097490987424
20.634546756744385,-1.266912516929471,0.7541053920971473,128.30097490987424
20.6452898979187,-1.266912516929471,0.7541053920971473,128.30097490987424
20.656052112579346,-1.266912516929471,0.7541053920971473,128.30097490987424
20.666414260864258,-1.266912516929471,0.7541053920971473,128.30097490987424
20.678439617156982,-1.266912516929471,0.7541053920971473,128.30097490987424
20.68879795074463,-1.266912516929471,0.7541053920971473,128.30097490987424
20.699800968170166,-1.266912516929471,0.7541053920971473,128.30097490987424
20.710566520690918,-1.266912516929471,0.7541053920971473,128.30097490987424
20.723268747329712,-1.266912516929471,0.7541053920971473,128.30097490987424
20.7340304851532,-1.266912516929471,0.7541053920971473,128.30097490987424
20.744772911071777,-1.266912516929471,0.7541053920971473,128.30097490987424
20.75551986694336,-1.266912516929471,0.7541053920971473,128.30097490987424
20.76621675491333,-1.266912516929471,0.7541053920971473,128.30097490987424
20.77782654762268,-1.266912516929471,0.7541053920971473,128.30097490987424
20.78819441795349,-1.266912516929471,0.7541053920971473,128.30097490987424
20.79856014251709,-1.266912516929471,0.7541053920971473,128.30097490987424
20.80892014503479,-1.266912516929471,0.7541053920971473,128.30097490987424
20.82141399383545,-1.2606173062750587,0.7571544829477289,128.30094408749952
20.832178115844727,-1.2606173062750587,0.7571544829477289,128.30094408749952
20.842929363250732,-1.2606173062750587,0.7571544829477289,128.30094408749952
