Time,Roll,Pitch,Yaw
0.0006866455078125,0.0,0.0,0.0
0.011555671691894531,0.0,0.0,0.0
0.022472858428955078,0.0,0.0,0.0
0.03341484069824219,0.0,0.0,0.0
0.045865535736083984,0.0,0.0,130.2288210771266
0.05636000633239746,0.0,0.0,130.2288210771266
0.06685805320739746,0.0,0.0,130.2288210771266
0.07729530334472656,0.0,0.0,130.2288210771266
0.09045243263244629,0.0,0.0,130.2288210771266
0.10131573677062988,0.0,0.0,130.2288210771266
0.11211442947387695,0.0,0.0,130.2288210771266
0.12302398681640625,0.0,0.0,130.2288210771266
0.13384056091308594,0.0,0.0,130.2288210771266
0.14622068405151367,0.0,0.0,130.2288210771266
0.15669536590576172,0.0,0.0,130.2288210771266
0.16709613800048828,0.0,0.0,130.2288210771266
0.17746376991271973,0.0,0.0,130.2288210771266
0.1911618709564209,0.00928820355461279,-0.0034014342086643233,130.22882112733666
0.20197534561157227,0.00928820355461279,-0.0034014342086643233,130.22882112733666
0.21274662017822266,0.00928820355461279,-0.0034014342086643233,130.22882112733666
0.22360944747924805,0.00928820355461279,-0.0034014342086643233,130.22882112733666
0.2344207763671875,0.00928820355461279,-0.0034014342086643233,130.22882112733666
0.2465815544128418,0.012230734639230939,-0.009746679992616395,130.2329185870932
0.2570505142211914,0.012230734639230939,-0.009746679992616395,130.2329185870932
0.2674560546875,0.012230734639230939,-0.009746679992616395,130.2329185870932
0.27782440185546875,0.012230734639230939,-0.009746679992616395,130.2329185870932
0.29088878631591797,0.012230734639230939,-0.009746679992616395,130.2329185870932
0.30170106887817383,0.012230734639230939,-0.009746679992616395,130.2329185870932
0.31247711181640625,0.012230734639230939,-0.009746679992616395,130.2329185870932
0.323375940322876,0.012230734639230939,-0.009746679992616395,130.2329185870932
0.33417320251464844,0.012230734639230939,-0.009746679992616395,130.2329185870932
0.3465759754180908,-1.3139614088247975,0.6549670805105176,130.2248016413754
0.3570535182952881,-1.3139614088247975,0.6549670805105176,130.2248016413754
0.3674612045288086,-1.3139614088247975,0.6549670805105176,130.2248016413754
0.37783050537109375,-1.3139614088247975,0.6549670805105176,130.2248016413754
0.3902244567871094,-1.3746360431358657,0.7192574473186423,130.21673263340574
0.40100550651550293,-1.3746360431358657,0.7192574473186423,130.21673263340574
0.41175031661987305,-1.3746360431358657,0.7192574473186423,130.21673263340574
0.42264366149902344,-1.3746360431358657,0.7192574473186423,130.21673263340574
0.43344783782958984,-1.3746360431358657,0.7192574473186423,130.21673263340574
0.446732759475708,-1.374693660810834,0.7193325853204813,130.2245210044672
0.45722079277038574,-1.374693660810834,0.7193325853204813,130.2245210044672
0.4676663875579834,-1.374693660810834,0.7193325853204813,130.2245210044672
0.4780430793762207,-1.374693660810834,0.7193325853204813,130.2245210044672
0.4904055595397949,-1.3746185444340284,0.719390219584094,130.2286182807829
0.501194953918457,-1.3746185444340284,0.719390219584094,130.2286182807829
0.5119397640228271,-1.3746185444340284,0.719390219584094,130.2286182807829
0.5228323936462402,-1.3746185444340284,0.719390219584094,130.2286182807829
0.533635139465332,-1.3746185444340284,0.719390219584094,130.2286182807829
0.5469093322753906,-1.3653272195644661,0.7159880915938516,130.22861607613322
0.5573737621307373,-1.3653272195644661,0.7159880915938516,130.22861607613322
0.5677790641784668,-1.3653272195644661,0.7159880915938516,130.22861607613322
0.5781469345092773,-1.3653272195644661,0.7159880915938516,130.22861607613322
0.5905513763427734,-1.356035949156102,0.7125859661281598,130.22861397190803
0.601346492767334,-1.356035949156102,0.7125859661281598,130.22861397190803
0.6120936870574951,-1.356035949156102,0.7125859661281598,130.22861397190803
0.6231999397277832,-1.356035949156102,0.7125859661281598,130.22861397190803
0.6340038776397705,-1.356035949156102,0.7125859661281598,130.22861397190803
0.6473968029022217,-1.3496901620650563,0.715528725528625,130.228575573905
0.6579203605651855,-1.3496901620650563,0.715528725528625,130.228575573905
0.6683399677276611,-1.3496901620650563,0.715528725528625,130.228575573905
0.6793212890625,-1.3496901620650563,0.715528725528625,130.228575573905
0.6929190158843994,-1.3526539719937487,0.7217425520022807,130.21665343420696
0.703730583190918,-1.3526539719937487,0.7217425520022807,130.21665343420696
0.7145047187805176,-1.3526539719937487,0.7217425520022807,130.21665343420696
0.725377082824707,-1.3526539719937487,0.7217425520022807,130.21665343420696
0.7358028888702393,-1.3526539719937487,0.7217425520022807,130.21665343420696
0.7479555606842041,-1.3526539719937487,0.7217425520022807,130.21665343420696
0.758439302444458,-1.3526539719937487,0.7217425520022807,130.21665343420696
0.7694180011749268,-1.3526539719937487,0.7217425520022807,130.21665343420696
0.7802038192749023,-1.3526539719937487,0.7217425520022807,130.21665343420696
0.7936475276947021,-1.3399632734266531,0.7276289383554058,130.21657908371148
0.8044421672821045,-1.3399632734266531,0.7276289383554058,130.21657908371148
0.8152115345001221,-1.3399632734266531,0.7276289383554058,130.21657908371148
0.8257677555084229,-1.3399632734266531,0.7276289383554058,130.21657908371148
0.8361480236053467,-1.3399632734266531,0.7276289383554058,130.21657908371148
0.8481950759887695,-1.3399632734266531,0.7276289383554058,130.21657908371148
0.8585720062255859,-1.3399632734266531,0.7276289383554058,130.21657908371148
0.8695294857025146,-1.3399632734266531,0.7276289383554058,130.21657908371148
0.8803045749664307,-1.3399632734266531,0.7276289383554058,130.21657908371148
0.8937697410583496,-1.3399632734266531,0.7276289383554058,130.21657908371148
0.9046850204467773,-1.3399632734266531,0.7276289383554058,130.21657908371148
0.9154214859008789,-1.3399632734266531,0.7276289383554058,130.21657908371148
0.925940990447998,-1.3399632734266531,0.7276289383554058,130.21657908371148
0.9363253116607666,-1.3399632734266531,0.7276289383554058,130.21657908371148
0.9483237266540527,-1.340018758011758,0.727703649574622,130.22436757714826
0.9587230682373047,-1.340018758011758,0.727703649574622,130.22436757714826
0.9691016674041748,-1.340018758011758,0.727703649574622,130.22436757714826
0.9800305366516113,-1.340018758011758,0.727703649574622,130.22436757714826
0.9934720993041992,-1.3336729996923173,0.7306468456763067,130.22433140377697
1.0042603015899658,-1.3336729996923173,0.7306468456763067,130.22433140377697
1.015021562576294,-1.3336729996923173,0.7306468456763067,130.22433140377697
1.025892734527588,-1.3336729996923173,0.7306468456763067,130.22433140377697
1.036365270614624,-1.3336729996923173,0.7306468456763067,130.22433140377697
1.0486013889312744,-1.3336729996923173,0.7306468456763067,130.22433140377697
1.0590851306915283,-1.3336729996923173,0.7306468456763067,130.22433140377697
1.0699191093444824,-1.3336729996923173,0.7306468456763067,130.22433140377697
1.0807838439941406,-1.3336729996923173,0.7306468456763067,130.22433140377697
1.0932741165161133,-1.3336729996923173,0.7306468456763067,130.22433140377697
1.1040868759155273,-1.3336729996923173,0.7306468456763067,130.22433140377697
1.1148617267608643,-1.3336729996923173,0.7306468456763067,130.22433140377697
1.125737190246582,-1.3336729996923173,0.7306468456763067,130.22433140377697
1.136186122894287,-1.3336729996923173,0.7306468456763067,130.22433140377697
1.1479034423828125,-1.3336179417334029,0.7305721344082485,130.21654288628605
1.1583826541900635,-1.3336179417334029,0.7305721344082485,130.21654288628605
1.1687917709350586,-1.3336179417334029,0.7305721344082485,130.21654288628605
1.1791715621948242,-1.3336179417334029,0.7305721344082485,130.21654288628605
1.1915597915649414,-1.3336729996923173,0.7306468456763067,130.22433140377697
1.2023475170135498,-1.3336729996923173,0.7306468456763067,130.22433140377697
1.213118314743042,-1.3336729996923173,0.7306468456763067,130.22433140377697
1.2239863872528076,-1.3336729996923173,0.7306468456763067,130.22433140377697
1.234790325164795,-1.3336729996923173,0.7306468456763067,130.22433140377697
1.2481777667999268,-1.3302731374529837,0.7399349602400731,130.22426059661336
1.2588465213775635,-1.3302731374529837,0.7399349602400731,130.22426059661336
1.2693002223968506,-1.3302731374529837,0.7399349602400731,130.22426059661336
1.2797021865844727,-1.3302731374529837,0.7399349602400731,130.22426059661336
1.29215407371521,-1.3336729996923173,0.7306468456763067,130.22433140377697
1.303025484085083,-1.3336729996923173,0.7306468456763067,130.22433140377697
1.313830852508545,-1.3336729996923173,0.7306468456763067,130.22433140377697
1.324690818786621,-1.3336729996923173,0.7306468456763067,130.22433140377697
1.3355441093444824,-1.3336729996923173,0.7306468456763067,130.22433140377697
1.3479583263397217,-1.3302731374529837,0.7399349602400731,130.22426059661336
1.3584346771240234,-1.3302731374529837,0.7399349602400731,130.22426059661336
1.368842601776123,-1.3302731374529837,0.7399349602400731,130.22426059661336
1.379211187362671,-1.3302731374529837,0.7399349602400731,130.22426059661336
1.3916065692901611,-1.3301980193570484,0.7399896063106198,130.22835791592541
1.4024457931518555,-1.3301980193570484,0.7399896063106198,130.22835791592541
1.4132177829742432,-1.3301980193570484,0.7399896063106198,130.22835791592541
1.4240093231201172,-1.3301980193570484,0.7399896063106198,130.22835791592541
1.4347939491271973,-1.3301980193570484,0.7399896063106198,130.22835791592541
1.4480879306793213,-1.333219050225289,0.7462798858486227,130.22422531117724
1.4585776329040527,-1.333219050225289,0.7462798858486227,130.22422531117724
1.4689877033233643,-1.333219050225289,0.7462798858486227,130.22422531117724
1.4793574810028076,-1.333219050225289,0.7462798858486227,130.22422531117724
1.4910130500793457,-1.333143505303811,0.7463345319976626,130.22832262452243
1.5018033981323242,-1.333143505303811,0.7463345319976626,130.22832262452243
1.5125732421875,-1.333143505303811,0.7463345319976626,130.22832262452243
1.523360252380371,-1.333143505303811,0.7463345319976626,130.22832262452243
1.5341241359710693,-1.333143505303811,0.7463345319976626,130.22832262452243
1.5468957424163818,-1.3267977554573278,0.7492773135121081,130.22828831202793
1.5573217868804932,-1.3267977554573278,0.7492773135121081,130.22828831202793
1.567718267440796,-1.3267977554573278,0.7492773135121081,130.22828831202793
1.5780882835388184,-1.3267977554573278,0.7492773135121081,130.22828831202793
1.588484525680542,-1.3267977554573278,0.7492773135121081,130.22828831202793
1.6000678539276123,-1.3297432625407368,0.7556222526238368,130.2282532963364
1.6108808517456055,-1.3297432625407368,0.7556222526238368,130.2282532963364
1.6217436790466309,-1.3297432625407368,0.7556222526238368,130.2282532963364
1.6325867176055908,-1.3297432625407368,0.7556222526238368,130.2282532963364
1.6467628479003906,-1.3233975166831835,0.7585650404033388,130.22821991122564
1.6572258472442627,-1.3233975166831835,0.7585650404033388,130.22821991122564
1.6676409244537354,-1.3233975166831835,0.7585650404033388,130.22821991122564
1.6780281066894531,-1.3233975166831835,0.7585650404033388,130.22821991122564
1.688490867614746,-1.3233975166831835,0.7585650404033388,130.22821991122564
1.70015549659729,-1.3326887980398257,0.7619672010025876,130.22821828069544
1.7109143733978271,-1.3326887980398257,0.7619672010025876,130.22821828069544
1.721780776977539,-1.3326887980398257,0.7619672010025876,130.22821828069544
1.7325773239135742,-1.3326887980398257,0.7619672010025876,130.22821828069544
1.7467007637023926,-1.332765196864649,0.7619129815818648,130.22412097293903
1.7571396827697754,-1.332765196864649,0.7619129815818648,130.22412097293903
1.767533779144287,-1.332765196864649,0.7619129815818648,130.22412097293903
1.777897834777832,-1.332765196864649,0.7619129815818648,130.22412097293903
1.7883636951446533,-1.332765196864649,0.7619129815818648,130.22412097293903
1.7999835014343262,-1.3326887980398257,0.7619672010025876,130.22821828069544
1.8109676837921143,-1.3326887980398257,0.7619672010025876,130.22821828069544
1.8217921257019043,-1.3326887980398257,0.7619672010025876,130.22821828069544
1.8325777053833008,-1.3326887980398257,0.7619672010025876,130.22821828069544
1.8467612266540527,-1.3326887980398257,0.7619672010025876,130.22821828069544
1.8572969436645508,-1.3326887980398257,0.7619672010025876,130.22821828069544
1.8676817417144775,-1.3326887980398257,0.7619672010025876,130.22821828069544
1.8780455589294434,-1.3326887980398257,0.7619672010025876,130.22821828069544
1.8884258270263672,-1.3326887980398257,0.7619672010025876,130.22821828069544
1.899986982345581,-1.3264194439425991,0.7648562005735969,130.22408785712767
1.910337209701538,-1.3264194439425991,0.7648562005735969,130.22408785712767
1.9211187362670898,-1.3264194439425991,0.7648562005735969,130.22408785712767
1.931879997253418,-1.3264194439425991,0.7648562005735969,130.22408785712767
1.9460206031799316,-1.3264194439425991,0.7648562005735969,130.22408785712767
1.9568336009979248,-1.3264194439425991,0.7648562005735969,130.22408785712767
1.9673418998718262,-1.3264194439425991,0.7648562005735969,130.22408785712767
1.9777131080627441,-1.3264194439425991,0.7648562005735969,130.22408785712767
1.9881820678710938,-1.3264194439425991,0.7648562005735969,130.22408785712767
1.9999988079071045,-1.3263656658242926,0.7647797810239533,130.21629926565058
2.010352611541748,-1.3263656658242926,0.7647797810239533,130.21629926565058
2.021296739578247,-1.3263656658242926,0.7647797810239533,130.21629926565058
2.0321035385131836,-1.3263656658242926,0.7647797810239533,130.21629926565058
2.04630184173584,-1.3356569829587468,0.7681810926897651,130.21629739448912
2.0571541786193848,-1.3356569829587468,0.7681810926897651,130.21629739448912
2.067578077316284,-1.3356569829587468,0.7681810926897651,130.21629739448912
2.077949047088623,-1.3356569829587468,0.7681810926897651,130.21629739448912
2.088405132293701,-1.3356569829587468,0.7681810926897651,130.21629739448912
2.100034713745117,-1.3293116492982757,0.7711243159893723,130.21626453084673
2.1103930473327637,-1.3293116492982757,0.7711243159893723,130.21626453084673
2.121398687362671,-1.3293116492982757,0.7711243159893723,130.21626453084673
2.1321911811828613,-1.3293116492982757,0.7711243159893723,130.21626453084673
2.146360158920288,-1.329365427432288,0.7712011625779454,130.22405312307012
2.1571695804595947,-1.329365427432288,0.7712011625779454,130.22405312307012
2.1677770614624023,-1.329365427432288,0.7712011625779454,130.22405312307012
2.178203821182251,-1.329365427432288,0.7712011625779454,130.22405312307012
2.1886062622070312,-1.329365427432288,0.7712011625779454,130.22405312307012
2.2001869678497314,-1.332234186769706,0.7775999267338145,130.22811569143212
2.2105391025543213,-1.332234186769706,0.7775999267338145,130.22811569143212
2.221541166305542,-1.332234186769706,0.7775999267338145,130.22811569143212
2.2323148250579834,-1.332234186769706,0.7775999267338145,130.22811569143212
2.246457815170288,-1.332234186769706,0.7775999267338145,130.22811569143212
2.2572343349456787,-1.332234186769706,0.7775999267338145,130.22811569143212
2.267890691757202,-1.332234186769706,0.7775999267338145,130.22811569143212
2.2782509326934814,-1.332234186769706,0.7775999267338145,130.22811569143212
2.28865122795105,-1.332234186769706,0.7775999267338145,130.22811569143212
2.3003008365631104,-1.332234186769706,0.7775999267338145,130.22811569143212
2.3106634616851807,-1.332234186769706,0.7775999267338145,130.22811569143212
2.321725368499756,-1.332234186769706,0.7775999267338145,130.22811569143212
2.332505941390991,-1.332234186769706,0.7775999267338145,130.22811569143212
2.344829559326172,-1.332234186769706,0.7775999267338145,130.22811569143212
2.355706214904785,-1.332234186769706,0.7775999267338145,130.22811569143212
2.366504669189453,-1.332234186769706,0.7775999267338145,130.22811569143212
2.3772542476654053,-1.332234186769706,0.7775999267338145,130.22811569143212
2.3880882263183594,-1.332234186769706,0.7775999267338145,130.22811569143212
2.399731159210205,-1.3483378463880389,0.7541361306108726,129.27148773448346
2.4100871086120605,-1.3483378463880389,0.7541361306108726,129.27148773448346
2.4205639362335205,-1.3483378463880389,0.7541361306108726,129.27148773448346
2.4317619800567627,-1.3483378463880389,0.7541361306108726,129.27148773448346
2.4452171325683594,-2.2001014520797,0.6305245641954141,128.42203763853897
2.4560892581939697,-2.2001014520797,0.6305245641954141,128.42203763853897
2.466907024383545,-2.2001014520797,0.6305245641954141,128.42203763853897
2.4777286052703857,-2.2001014520797,0.6305245641954141,128.42203763853897
2.4881374835968018,-2.2001014520797,0.6305245641954141,128.42203763853897
2.4999189376831055,-4.236754367095734,0.654768565171305,127.90161083118421
2.5102930068969727,-4.236754367095734,0.654768565171305,127.90161083118421
2.520691156387329,-4.236754367095734,0.654768565171305,127.90161083118421
2.5310680866241455,-4.236754367095734,0.654768565171305,127.90161083118421
2.5433218479156494,-9.903378868721353,0.6150472949550401,124.68781757020096
2.5541234016418457,-9.903378868721353,0.6150472949550401,124.68781757020096
2.564889430999756,-9.903378868721353,0.6150472949550401,124.68781757020096
2.5756337642669678,-9.903378868721353,0.6150472949550401,124.68781757020096
2.5864479541778564,-9.903378868721353,0.6150472949550401,124.68781757020096
2.599743366241455,-15.40487402822152,1.493677984856221,124.91296957488197
2.610116720199585,-15.40487402822152,1.493677984856221,124.91296957488197
2.6205084323883057,-15.40487402822152,1.493677984856221,124.91296957488197
2.6308815479278564,-15.40487402822152,1.493677984856221,124.91296957488197
2.642462730407715,-15.95829845816062,4.320929970893848,126.70519448159266
2.6532418727874756,-15.95829845816062,4.320929970893848,126.70519448159266
2.6640124320983887,-15.95829845816062,4.320929970893848,126.70519448159266
2.6747288703918457,-15.95829845816062,4.320929970893848,126.70519448159266
2.6854968070983887,-15.95829845816062,4.320929970893848,126.70519448159266
2.6982460021972656,-15.636103427705686,8.668164238345284,129.45687903483508
2.708604574203491,-15.636103427705686,8.668164238345284,129.45687903483508
2.718994140625,-15.636103427705686,8.668164238345284,129.45687903483508
2.7293894290924072,-15.636103427705686,8.668164238345284,129.45687903483508
2.7397449016571045,-15.636103427705686,8.668164238345284,129.45687903483508
2.751279354095459,-15.50729871733484,8.729399467765974,128.92124939439046
2.7621827125549316,-15.50729871733484,8.729399467765974,128.92124939439046
2.7729461193084717,-15.50729871733484,8.729399467765974,128.92124939439046
2.7837016582489014,-15.50729871733484,8.729399467765974,128.92124939439046
2.7971031665802,-16.814569951507274,12.03319959216632,128.42793654722172
2.8078441619873047,-16.814569951507274,12.03319959216632,128.42793654722172
2.8186306953430176,-16.814569951507274,12.03319959216632,128.42793654722172
2.829030752182007,-16.814569951507274,12.03319959216632,128.42793654722172
2.839412212371826,-16.814569951507274,12.03319959216632,128.42793654722172
2.8511855602264404,-15.774093887876695,13.58760861216115,129.27898389894526
2.8615787029266357,-15.774093887876695,13.58760861216115,129.27898389894526
2.87233829498291,-15.774093887876695,13.58760861216115,129.27898389894526
2.8830647468566895,-15.774093887876695,13.58760861216115,129.27898389894526
2.894603729248047,-17.153492409317987,16.281520929162536,128.2138605558642
2.905357837677002,-17.153492409317987,16.281520929162536,128.2138605558642
2.916105031967163,-17.153492409317987,16.281520929162536,128.2138605558642
2.9268810749053955,-17.153492409317987,16.281520929162536,128.2138605558642
2.9375226497650146,-17.153492409317987,16.281520929162536,128.2138605558642
2.949977397918701,-16.545713571333376,18.331253636513605,129.00515142585712
2.9603421688079834,-16.545713571333376,18.331253636513605,129.00515142585712
2.9707119464874268,-16.545713571333376,18.331253636513605,129.00515142585712
2.981070041656494,-16.545713571333376,18.331253636513605,129.00515142585712
2.992628812789917,-16.621969435357936,18.328966438474357,128.6668864443904
3.0033864974975586,-16.621969435357936,18.328966438474357,128.6668864443904
3.0141537189483643,-16.621969435357936,18.328966438474357,128.6668864443904
3.0249266624450684,-16.621969435357936,18.328966438474357,128.6668864443904
3.035720109939575,-16.621969435357936,18.328966438474357,128.6668864443904
3.0491538047790527,-15.835378719769805,17.867305815174724,129.0527543492496
3.059553623199463,-15.835378719769805,17.867305815174724,129.0527543492496
3.0699243545532227,-15.835378719769805,17.867305815174724,129.0527543492496
3.0802812576293945,-15.835378719769805,17.867305815174724,129.0527543492496
3.0906479358673096,-15.835378719769805,17.867305815174724,129.0527543492496
3.1021947860717773,-15.474615274142481,17.394009209994874,129.4286976641645
3.1129391193389893,-15.474615274142481,17.394009209994874,129.4286976641645
3.123722553253174,-15.474615274142481,17.394009209994874,129.4286976641645
3.134476661682129,-15.474615274142481,17.394009209994874,129.4286976641645
3.1478796005249023,-14.175731570776781,14.52705135544974,129.33598199066265
3.1586594581604004,-14.175731570776781,14.52705135544974,129.33598199066265
3.169198989868164,-14.175731570776781,14.52705135544974,129.33598199066265
3.179551124572754,-14.175731570776781,14.52705135544974,129.33598199066265
3.19004487991333,-14.175731570776781,14.52705135544974,129.33598199066265
3.2016797065734863,-12.575635537020725,11.516543537283113,129.55737632969308
3.212066173553467,-12.575635537020725,11.516543537283113,129.55737632969308
3.2229533195495605,-12.575635537020725,11.516543537283113,129.55737632969308
3.233757734298706,-12.575635537020725,11.516543537283113,129.55737632969308
3.247222900390625,-13.842038741515092,11.362755479329511,128.7968047805968
3.258068084716797,-13.842038741515092,11.362755479329511,128.7968047805968
3.2688610553741455,-13.842038741515092,11.362755479329511,128.7968047805968
3.2793657779693604,-13.842038741515092,11.362755479329511,128.7968047805968
3.289797782897949,-13.842038741515092,11.362755479329511,128.7968047805968
3.3018014430999756,-14.73451298066136,9.73487124107113,127.62487796148389
3.3121674060821533,-14.73451298066136,9.73487124107113,127.62487796148389
3.3230347633361816,-14.73451298066136,9.73487124107113,127.62487796148389
3.333822727203369,-14.73451298066136,9.73487124107113,127.62487796148389
3.346282720565796,-14.425754388031127,7.7119370952726785,127.17388512452746
3.357088565826416,-14.425754388031127,7.7119370952726785,127.17388512452746
3.3678770065307617,-14.425754388031127,7.7119370952726785,127.17388512452746
3.378645181655884,-14.425754388031127,7.7119370952726785,127.17388512452746
3.38950514793396,-14.425754388031127,7.7119370952726785,127.17388512452746
3.401156425476074,-15.556887385128801,8.122151098582608,126.51388945057748
3.4115207195281982,-15.556887385128801,8.122151098582608,126.51388945057748
3.4219789505004883,-15.556887385128801,8.122151098582608,126.51388945057748
3.432363271713257,-15.556887385128801,8.122151098582608,126.51388945057748
3.4446825981140137,-13.893000373390683,5.001689743485629,126.39974725841682
3.455505847930908,-13.893000373390683,5.001689743485629,126.39974725841682
3.4662911891937256,-13.893000373390683,5.001689743485629,126.39974725841682
3.4770376682281494,-13.893000373390683,5.001689743485629,126.39974725841682
3.487891435623169,-13.893000373390683,5.001689743485629,126.39974725841682
3.501300811767578,-13.839932491412622,4.1239923811145465,126.00163276574898
3.511704444885254,-13.839932491412622,4.1239923811145465,126.00163276574898
3.522157907485962,-13.839932491412622,4.1239923811145465,126.00163276574898
3.532550573348999,-13.839932491412622,4.1239923811145465,126.00163276574898
3.54490065574646,-13.798050670592827,4.887769777117759,126.52779708210691
3.5557353496551514,-13.798050670592827,4.887769777117759,126.52779708210691
3.5665104389190674,-13.798050670592827,4.887769777117759,126.52779708210691
3.5772571563720703,-13.798050670592827,4.887769777117759,126.52779708210691
3.5881214141845703,-13.798050670592827,4.887769777117759,126.52779708210691
3.601461887359619,-14.071648646978966,5.146745362340008,126.52542023705331
3.612022876739502,-14.071648646978966,5.146745362340008,126.52542023705331
3.6224827766418457,-14.071648646978966,5.146745362340008,126.52542023705331
3.633504867553711,-14.071648646978966,5.146745362340008,126.52542023705331
3.6476762294769287,-15.681873683825073,4.706879625442068,125.91408260258734
3.6585066318511963,-15.681873683825073,4.706879625442068,125.91408260258734
3.6692914962768555,-15.681873683825073,4.706879625442068,125.91408260258734
3.6799609661102295,-15.681873683825073,4.706879625442068,125.91408260258734
3.6903905868530273,-15.681873683825073,4.706879625442068,125.91408260258734
3.702383518218994,-18.198056370418342,7.807538719829949,128.13165935405735
3.7127628326416016,-18.198056370418342,7.807538719829949,128.13165935405735
3.723626136779785,-18.198056370418342,7.807538719829949,128.13165935405735
3.73443865776062,-18.198056370418342,7.807538719829949,128.13165935405735
3.7478861808776855,-22.039095676423376,11.498935668068942,127.77948020629022
3.7587203979492188,-22.039095676423376,11.498935668068942,127.77948020629022
3.769505262374878,-22.039095676423376,11.498935668068942,127.77948020629022
3.7801167964935303,-22.039095676423376,11.498935668068942,127.77948020629022
3.7905538082122803,-22.039095676423376,11.498935668068942,127.77948020629022
3.8025171756744385,-25.285717531202206,13.862782597728701,126.10606723206239
3.8128912448883057,-25.285717531202206,13.862782597728701,126.10606723206239
3.823763847351074,-25.285717531202206,13.862782597728701,126.10606723206239
3.834536075592041,-25.285717531202206,13.862782597728701,126.10606723206239
3.8460896015167236,-27.013854624254957,15.714128602750234,125.97104871095539
3.856851100921631,-27.013854624254957,15.714128602750234,125.97104871095539
3.8676185607910156,-27.013854624254957,15.714128602750234,125.97104871095539
3.87839412689209,-27.013854624254957,15.714128602750234,125.97104871095539
3.8891613483428955,-27.013854624254957,15.714128602750234,125.97104871095539
3.9015908241271973,-28.224768563797152,17.768017025126046,125.58150362233259
3.9119620323181152,-28.224768563797152,17.768017025126046,125.58150362233259
3.922457218170166,-28.224768563797152,17.768017025126046,125.58150362233259
3.9328856468200684,-28.224768563797152,17.768017025126046,125.58150362233259
3.9451866149902344,-30.152884903747417,19.49412003491796,124.49731022117938
3.9560580253601074,-30.152884903747417,19.49412003491796,124.49731022117938
3.9668641090393066,-30.152884903747417,19.49412003491796,124.49731022117938
3.977630853652954,-30.152884903747417,19.49412003491796,124.49731022117938
3.9885196685791016,-30.152884903747417,19.49412003491796,124.49731022117938
4.001957416534424,-29.284023966955964,19.726143614912,124.88295042149764
4.012373208999634,-29.284023966955964,19.726143614912,124.88295042149764
4.02285361289978,-29.284023966955964,19.726143614912,124.88295042149764
4.033267498016357,-29.284023966955964,19.726143614912,124.88295042149764
4.0456178188323975,-27.814394043494776,19.283309013659043,125.11943533080887
4.056484699249268,-27.814394043494776,19.283309013659043,125.11943533080887
4.06728720664978,-27.814394043494776,19.283309013659043,125.11943533080887
4.078028917312622,-27.814394043494776,19.283309013659043,125.11943533080887
4.088943004608154,-27.814394043494776,19.283309013659043,125.11943533080887
4.102311849594116,-24.947468462495035,18.38828643184885,126.08288510921905
4.112727165222168,-24.947468462495035,18.38828643184885,126.08288510921905
4.123253107070923,-24.947468462495035,18.38828643184885,126.08288510921905
4.134246826171875,-24.947468462495035,18.38828643184885,126.08288510921905
4.147676467895508,-22.793545457305186,15.338521869940086,125.53638421189052
4.15818190574646,-22.793545457305186,15.338521869940086,125.53638421189052
4.168972015380859,-22.793545457305186,15.338521869940086,125.53638421189052
4.179742336273193,-22.793545457305186,15.338521869940086,125.53638421189052
4.190627574920654,-22.793545457305186,15.338521869940086,125.53638421189052
4.202314615249634,-18.86613633647151,11.116550151883164,126.28470102918604
4.2127685546875,-18.86613633647151,11.116550151883164,126.28470102918604
4.223429441452026,-18.86613633647151,11.116550151883164,126.28470102918604
4.234407901763916,-18.86613633647151,11.116550151883164,126.28470102918604
4.248569965362549,-18.606608842685436,9.597300877801809,125.49587497451316
4.259460926055908,-18.606608842685436,9.597300877801809,125.49587497451316
4.270265817642212,-18.606608842685436,9.597300877801809,125.49587497451316
4.2808308601379395,-18.606608842685436,9.597300877801809,125.49587497451316
4.291235685348511,-18.606608842685436,9.597300877801809,125.49587497451316
4.303303480148315,-15.482824837161536,1.965321511945707,123.67065579526039
4.313671112060547,-15.482824837161536,1.965321511945707,123.67065579526039
4.324523687362671,-15.482824837161536,1.965321511945707,123.67065579526039
4.335360527038574,-15.482824837161536,1.965321511945707,123.67065579526039
4.347760438919067,-15.196500570375676,0.9070861596668409,122.85412989931243
4.358626365661621,-15.196500570375676,0.9070861596668409,122.85412989931243
4.36942982673645,-15.196500570375676,0.9070861596668409,122.85412989931243
4.380201578140259,-15.196500570375676,0.9070861596668409,122.85412989931243
4.391034841537476,-15.196500570375676,0.9070861596668409,122.85412989931243
4.403244495391846,-13.62460993942987,2.37803076796753,124.45909365282198
4.41360878944397,-13.62460993942987,2.37803076796753,124.45909365282198
4.42469334602356,-13.62460993942987,2.37803076796753,124.45909365282198
4.435498476028442,-13.62460993942987,2.37803076796753,124.45909365282198
4.449694871902466,-4.671969405674787,0.6066712994422475,127.92553207397825
4.460545778274536,-4.671969405674787,0.6066712994422475,127.92553207397825
4.470959424972534,-4.671969405674787,0.6066712994422475,127.92553207397825
4.481328248977661,-4.671969405674787,0.6066712994422475,127.92553207397825
4.491777658462524,-4.671969405674787,0.6066712994422475,127.92553207397825
4.50368332862854,-4.306447597168866,0.6020794493120477,127.8143274809876
4.5147178173065186,-4.306447597168866,0.6020794493120477,127.8143274809876
4.5255513191223145,-4.306447597168866,0.6020794493120477,127.8143274809876
4.53635835647583,-4.306447597168866,0.6020794493120477,127.8143274809876
4.550551176071167,-2.388915450595567,0.5991986587370665,128.2980697099283
4.561270713806152,-2.388915450595567,0.5991986587370665,128.2980697099283
4.571678876876831,-2.388915450595567,0.5991986587370665,128.2980697099283
4.582043886184692,-2.388915450595567,0.5991986587370665,128.2980697099283
4.5924835205078125,-2.388915450595567,0.5991986587370665,128.2980697099283
4.6040873527526855,-2.6324437952093005,0.5875794569256445,127.7965880971258
4.614903211593628,-2.6324437952093005,0.5875794569256445,127.7965880971258
4.625736951828003,-2.6324437952093005,0.5875794569256445,127.7965880971258
4.636542797088623,-2.6324437952093005,0.5875794569256445,127.7965880971258
4.650703430175781,-2.3533493083494212,0.5934853229230652,127.88762316807033
4.661426067352295,-2.3533493083494212,0.5934853229230652,127.88762316807033
4.671818494796753,-2.3533493083494212,0.5934853229230652,127.88762316807033
4.682178497314453,-2.3533493083494212,0.5934853229230652,127.88762316807033
4.692626953125,-2.3533493083494212,0.5934853229230652,127.88762316807033
4.704230070114136,-2.1563171597122985,0.5886731985869963,127.89368666835927
4.715059518814087,-2.1563171597122985,0.5886731985869963,127.89368666835927
4.725890636444092,-2.1563171597122985,0.5886731985869963,127.89368666835927
4.7367002964019775,-2.1563171597122985,0.5886731985869963,127.89368666835927
4.750863552093506,-2.0312285442588847,0.5874471150529694,127.88868172667719
4.761583089828491,-2.0312285442588847,0.5874471150529694,127.88868172667719
4.771979570388794,-2.0312285442588847,0.5874471150529694,127.88868172667719
4.782343626022339,-2.0312285442588847,0.5874471150529694,127.88868172667719
4.792785167694092,-2.0312285442588847,0.5874471150529694,127.88868172667719
4.80451226234436,-2.015581911753213,0.5873066619076555,127.88854584096383
4.815268039703369,-2.015581911753213,0.5873066619076555,127.88854584096383
4.826110601425171,-2.015581911753213,0.5873066619076555,127.88854584096383
4.836916923522949,-2.015581911753213,0.5873066619076555,127.88854584096383
4.851175308227539,-2.015581911753213,0.5873066619076555,127.88854584096383
4.861704111099243,-2.015581911753213,0.5873066619076555,127.88854584096383
4.87210750579834,-2.015581911753213,0.5873066619076555,127.88854584096383
4.882470369338989,-2.015581911753213,0.5873066619076555,127.88854584096383
4.892906904220581,-2.015581911753213,0.5873066619076555,127.88854584096383
4.904501914978027,-2.012371684504274,0.5966606783729882,127.8883916023538
4.915342092514038,-2.012371684504274,0.5966606783729882,127.8883916023538
4.9262120723724365,-2.012371684504274,0.5966606783729882,127.8883916023538
4.937016725540161,-2.012371684504274,0.5966606783729882,127.8883916023538
4.951183319091797,-1.9778687055376671,0.6057338035068964,127.88797815761465
4.961864948272705,-1.9778687055376671,0.6057338035068964,127.88797815761465
4.972273111343384,-1.9778687055376671,0.6057338035068964,127.88797815761465
4.9827001094818115,-1.9778687055376671,0.6057338035068964,127.88797815761465
4.99320650100708,-1.9778687055376671,0.6057338035068964,127.88797815761465
5.004819393157959,-1.9496517385971792,0.6117357440975932,127.88766875016735
5.015665531158447,-1.9496517385971792,0.6117357440975932,127.88766875016735
5.026513338088989,-1.9496517385971792,0.6117357440975932,127.88766875016735
5.037322044372559,-1.9496517385971792,0.6117357440975932,127.88766875016735
5.051490306854248,-1.9214352020956784,0.6177376914013261,127.88736801889792
5.062010049819946,-1.9214352020956784,0.6177376914013261,127.88736801889792
5.072404384613037,-1.9214352020956784,0.6177376914013261,127.88736801889792
5.0827741622924805,-1.9214352020956784,0.6177376914013261,127.88736801889792
5.093165874481201,-1.9214352020956784,0.6177376914013261,127.88736801889792
5.104734182357788,-1.8932190882888023,0.6237396454839789,127.88707596433596
5.11577582359314,-1.8932190882888023,0.6237396454839789,127.88707596433596
5.126556634902954,-1.8932190882888023,0.6237396454839789,127.88707596433596
5.137324810028076,-1.8932190882888023,0.6237396454839789,127.88707596433596
5.1514928340911865,-1.8743636098487013,0.6329532709610215,127.88682309305035
5.162160634994507,-1.8743636098487013,0.6329532709610215,127.88682309305035
5.172532081604004,-1.8743636098487013,0.6329532709610215,127.88682309305035
5.182889699935913,-1.8743636098487013,0.6329532709610215,127.88682309305035
5.193329095840454,-1.8743636098487013,0.6329532709610215,127.88682309305035
5.204914569854736,-1.8617933934719504,0.6390956970245533,127.88665787921482
5.215934991836548,-1.8617933934719504,0.6390956970245533,127.88665787921482
5.226765155792236,-1.8617933934719504,0.6390956970245533,127.88665787921482
5.237571954727173,-1.8617933934719504,0.6390956970245533,127.88665787921482
5.251800298690796,-1.8493073161885718,0.6453230862991389,127.89452616397494
5.262296915054321,-1.8493073161885718,0.6453230862991389,127.89452616397494
5.272702693939209,-1.8493073161885718,0.6453230862991389,127.89452616397494
5.283107042312622,-1.8493073161885718,0.6453230862991389,127.89452616397494
5.29356050491333,-1.8493073161885718,0.6453230862991389,127.89452616397494
5.305150032043457,-1.8336613350587552,0.6451822047137539,127.89441754057623
5.316112995147705,-1.8336613350587552,0.6451822047137539,127.89441754057623
5.32690691947937,-1.8336613350587552,0.6451822047137539,127.89441754057623
5.3376991748809814,-1.8336613350587552,0.6451822047137539,127.89441754057623
5.352017402648926,-1.8179314316037332,0.6451237175112703,127.89816983357608
5.362462759017944,-1.8179314316037332,0.6451237175112703,127.89816983357608
5.3728413581848145,-1.8179314316037332,0.6451237175112703,127.89816983357608
5.383217811584473,-1.8179314316037332,0.6451237175112703,127.89816983357608
5.393617391586304,-1.8179314316037332,0.6451237175112703,127.89816983357608
5.405181169509888,-1.796000820567152,0.648052774515675,127.89798756315709
5.416248321533203,-1.796000820567152,0.648052774515675,127.89798756315709
5.427066087722778,-1.796000820567152,0.648052774515675,127.89798756315709
5.437855958938599,-1.796000820567152,0.648052774515675,127.89798756315709
5.4521801471710205,-1.7771449463985294,0.657265162956576,127.89776074085648
5.462643146514893,-1.7771449463985294,0.657265162956576,127.89776074085648
5.473024129867554,-1.7771449463985294,0.657265162956576,127.89776074085648
5.483397006988525,-1.7771449463985294,0.657265162956576,127.89776074085648
5.493796110153198,-1.7771449463985294,0.657265162956576,127.89776074085648
5.5053746700286865,-1.7459379182759363,0.6569035660387502,127.89370437553742
5.516406536102295,-1.7459379182759363,0.6569035660387502,127.89370437553742
5.527224540710449,-1.7459379182759363,0.6569035660387502,127.89370437553742
5.538012266159058,-1.7459379182759363,0.6569035660387502,127.89370437553742
5.551487684249878,-1.7176401931099483,0.6629815569162012,127.89732633381004
5.562363862991333,-1.7176401931099483,0.6629815569162012,127.89732633381004
5.5727598667144775,-1.7176401931099483,0.6629815569162012,127.89732633381004
5.583134651184082,-1.7176401931099483,0.6629815569162012,127.89732633381004
5.593536853790283,-1.7176401931099483,0.6629815569162012,127.89732633381004
5.605173110961914,-1.6924999386229616,0.6752647822295286,127.89705173345797
5.615548133850098,-1.6924999386229616,0.6752647822295286,127.89705173345797
5.626644134521484,-1.6924999386229616,0.6752647822295286,127.89705173345797
5.637437105178833,-1.6924999386229616,0.6752647822295286,127.89705173345797
5.651686191558838,-1.6642856641630133,0.6812646700430799,127.89683275231708
5.662515878677368,-1.6642856641630133,0.6812646700430799,127.89683275231708
5.672907114028931,-1.6642856641630133,0.6812646700430799,127.89683275231708
5.683282136917114,-1.6642856641630133,0.6812646700430799,127.89683275231708
5.693688631057739,-1.6642856641630133,0.6812646700430799,127.89683275231708
5.705333948135376,-1.648641537662936,0.6811229336006901,127.89674867594178
5.715713024139404,-1.648641537662936,0.6811229336006901,127.89674867594178
5.7261269092559814,-1.648641537662936,0.6811229336006901,127.89674867594178
5.736922025680542,-1.648641537662936,0.6811229336006901,127.89674867594178
5.75110650062561,-1.6298577066367317,0.6904169254505738,127.90459034648703
5.7619240283966064,-1.6298577066367317,0.6904169254505738,127.90459034648703
5.772737741470337,-1.6298577066367317,0.6904169254505738,127.90459034648703
5.783125400543213,-1.6298577066367317,0.6904169254505738,127.90459034648703
5.793530702590942,-1.6298577066367317,0.6904169254505738,127.90459034648703
5.805490493774414,-1.6141318849411364,0.6903447763399184,127.90837163987626
5.815864324569702,-1.6141318849411364,0.6903447763399184,127.90837163987626
5.8268656730651855,-1.6141318849411364,0.6903447763399184,127.90837163987626
5.837656021118164,-1.6141318849411364,0.6903447763399184,127.90837163987626
5.850108861923218,-1.5953572765671982,0.6994872300964429,127.90433231452937
5.860922336578369,-1.5953572765671982,0.6994872300964429,127.90433231452937
5.871725559234619,-1.5953572765671982,0.6994872300964429,127.90433231452937
5.8824851512908936,-1.5953572765671982,0.6994872300964429,127.90433231452937
5.893236398696899,-1.5953572765671982,0.6994872300964429,127.90433231452937
5.904853820800781,-1.5702860963762006,0.6960518170754658,127.89621207566603
5.915221691131592,-1.5702860963762006,0.6960518170754658,127.89621207566603
5.925719738006592,-1.5702860963762006,0.6960518170754658,127.89621207566603
5.936156511306763,-1.5702860963762006,0.6960518170754658,127.89621207566603
5.94861102104187,-1.55149814854257,0.7053445574691221,127.90407395535111
5.959502220153809,-1.55149814854257,0.7053445574691221,127.90407395535111
5.9703192710876465,-1.55149814854257,0.7053445574691221,127.90407395535111
5.981209993362427,-1.55149814854257,0.7053445574691221,127.90407395535111
5.9920713901519775,-1.55149814854257,0.7053445574691221,127.90407395535111
6.004605531692505,-1.523283846216129,0.7113440564800093,127.90389848739899
6.014973878860474,-1.523283846216129,0.7113440564800093,127.90389848739899
6.0254294872283936,-1.523283846216129,0.7113440564800093,127.90389848739899
6.035839557647705,-1.523283846216129,0.7113440564800093,127.90389848739899
6.0475287437438965,-1.498201958278048,0.7080520796504887,127.90768161885492
6.058419704437256,-1.498201958278048,0.7080520796504887,127.90768161885492
6.069221258163452,-1.498201958278048,0.7080520796504887,127.90768161885492
6.079967975616455,-1.498201958278048,0.7080520796504887,127.90768161885492
6.090851783752441,-1.498201958278048,0.7080520796504887,127.90768161885492
6.1036975383758545,-1.4856320204233517,0.7141928926875607,127.90758060232177
6.114115953445435,-1.4856320204233517,0.7141928926875607,127.90758060232177
6.124573707580566,-1.4856320204233517,0.7141928926875607,127.90758060232177
6.134978532791138,-1.4856320204233517,0.7141928926875607,127.90758060232177
6.145327806472778,-1.4856320204233517,0.7141928926875607,127.90758060232177
6.157045125961304,-1.4856320204233517,0.7141928926875607,127.90758060232177
6.167845010757446,-1.4856320204233517,0.7141928926875607,127.90758060232177
6.178586006164551,-1.4856320204233517,0.7141928926875607,127.90758060232177
6.1894447803497314,-1.4856320204233517,0.7141928926875607,127.90758060232177
6.202951431274414,-1.4762736221101938,0.7109794670489902,127.90756913852923
6.213702917098999,-1.4762736221101938,0.7109794670489902,127.90756913852923
6.224187135696411,-1.4762736221101938,0.7109794670489902,127.90756913852923
6.234609603881836,-1.4762736221101938,0.7109794670489902,127.90756913852923
6.244966506958008,-1.4762736221101938,0.7109794670489902,127.90756913852923
6.256700277328491,-1.4792681182331147,0.7173252057186466,127.91139230790644
6.26757025718689,-1.4792681182331147,0.7173252057186466,127.91139230790644
6.278316020965576,-1.4792681182331147,0.7173252057186466,127.91139230790644
6.289168119430542,-1.4792681182331147,0.7173252057186466,127.91139230790644
6.302650213241577,-1.469988694003757,0.7140498744933376,127.90752005167279
6.3134682178497314,-1.469988694003757,0.7140498744933376,127.90752005167279
6.3239991664886475,-1.469988694003757,0.7140498744933376,127.90752005167279
6.334417819976807,-1.469988694003757,0.7140498744933376,127.90752005167279
6.3447699546813965,-1.469988694003757,0.7140498744933376,127.90752005167279
6.356487274169922,-1.4699716228243875,0.714189904247636,127.91941030630339
6.366878032684326,-1.4699716228243875,0.714189904247636,127.91941030630339
6.3776562213897705,-1.4699716228243875,0.714189904247636,127.91941030630339
6.388538360595703,-1.4699716228243875,0.714189904247636,127.91941030630339
6.402078628540039,-1.4699716228243875,0.714189904247636,127.91941030630339
6.412900447845459,-1.4699716228243875,0.714189904247636,127.91941030630339
6.423819065093994,-1.4699716228243875,0.714189904247636,127.91941030630339
6.434237480163574,-1.4699716228243875,0.714189904247636,127.91941030630339
6.444600582122803,-1.4699716228243875,0.714189904247636,127.91941030630339
6.456562042236328,-1.4606133014798977,0.7109756247717675,127.91939944222032
6.467003345489502,-1.4606133014798977,0.7109756247717675,127.91939944222032
6.477938175201416,-1.4606133014798977,0.7109756247717675,127.91939944222032
6.488812685012817,-1.4606133014798977,0.7109756247717675,127.91939944222032
6.502322673797607,-1.4543279799573952,0.7140456052935783,127.91935147271768
6.513113021850586,-1.4543279799573952,0.7140456052935783,127.91935147271768
6.524032115936279,-1.4543279799573952,0.7140456052935783,127.91935147271768
6.534453630447388,-1.4543279799573952,0.7140456052935783,127.91935147271768
6.544833421707153,-1.4543279799573952,0.7140456052935783,127.91935147271768
6.55666971206665,-1.4449697349400759,0.7108313259183834,127.919341168417
6.567070245742798,-1.4449697349400759,0.7108313259183834,127.919341168417
6.5779430866241455,-1.4449697349400759,0.7108313259183834,127.919341168417
6.588741064071655,-1.4449697349400759,0.7108313259183834,127.919341168417
6.601252555847168,-1.4449697349400759,0.7108313259183834,127.919341168417
6.611984968185425,-1.4449697349400759,0.7108313259183834,127.919341168417
6.622849464416504,-1.4449697349400759,0.7108313259183834,127.919341168417
6.633657217025757,-1.4449697349400759,0.7108313259183834,127.919341168417
6.644302606582642,-1.4449697349400759,0.7108313259183834,127.919341168417
6.656042098999023,-1.445047409610108,0.710771130244192,127.91547965171574
6.666417598724365,-1.445047409610108,0.710771130244192,127.91547965171574
6.676742315292358,-1.445047409610108,0.710771130244192,127.91547965171574
6.687121868133545,-1.445047409610108,0.710771130244192,127.91547965171574
6.699456214904785,-1.398039682177998,0.7103984293852807,127.91917621198296
6.71016526222229,-1.398039682177998,0.7103984293852807,127.91917621198296
6.720940113067627,-1.398039682177998,0.7103984293852807,127.91917621198296
6.731734752655029,-1.398039682177998,0.7103984293852807,127.91917621198296
6.742486476898193,-1.398039682177998,0.7103984293852807,127.91917621198296
6.7557761669158936,-1.357255969713098,0.7225340630384931,127.91895836484896
6.7661542892456055,-1.357255969713098,0.7225340630384931,127.91895836484896
6.776478290557861,-1.357255969713098,0.7225340630384931,127.91895836484896
6.786844968795776,-1.357255969713098,0.7225340630384931,127.91895836484896
6.798412561416626,-1.357255969713098,0.7225340630384931,127.91895836484896
6.809166669845581,-1.357255969713098,0.7225340630384931,127.91895836484896
6.8199238777160645,-1.357255969713098,0.7225340630384931,127.91895836484896
6.830703258514404,-1.357255969713098,0.7225340630384931,127.91895836484896
6.841468572616577,-1.357255969713098,0.7225340630384931,127.91895836484896
6.854165315628052,-1.3509708560304778,0.7256040513247896,127.91891851079141
6.86465859413147,-1.3509708560304778,0.7256040513247896,127.91891851079141
6.875026702880859,-1.3509708560304778,0.7256040513247896,127.91891851079141
6.885397434234619,-1.3509708560304778,0.7256040513247896,127.91891851079141
6.895870208740234,-1.3509708560304778,0.7256040513247896,127.91891851079141
6.907545566558838,-1.3509708560304778,0.7256040513247896,127.91891851079141
6.918503761291504,-1.3509708560304778,0.7256040513247896,127.91891851079141
6.929393291473389,-1.3509708560304778,0.7256040513247896,127.91891851079141
6.940202951431274,-1.3509708560304778,0.7256040513247896,127.91891851079141
6.954046010971069,-1.3508948852033855,0.7256586972205151,127.92278078637948
6.964858055114746,-1.3508948852033855,0.7256586972205151,127.92278078637948
6.975321054458618,-1.3508948852033855,0.7256586972205151,127.92278078637948
6.985759735107422,-1.3508948852033855,0.7256586972205151,127.92278078637948
6.99621057510376,-1.3508948852033855,0.7256586972205151,127.92278078637948
7.007822513580322,-1.3508948852033855,0.7256586972205151,127.92278078637948
7.018579006195068,-1.3508948852033855,0.7256586972205151,127.92278078637948
7.029374122619629,-1.3508948852033855,0.7256586972205151,127.92278078637948
7.0401389598846436,-1.3508948852033855,0.7256586972205151,127.92278078637948
7.053599119186401,-1.3478226070895207,0.719374423526587,127.92281437431596
7.0644495487213135,-1.3478226070895207,0.719374423526587,127.92281437431596
7.07497501373291,-1.3478226070895207,0.719374423526587,127.92281437431596
7.085314035415649,-1.3478226070895207,0.719374423526587,127.92281437431596
7.095722198486328,-1.3478226070895207,0.719374423526587,127.92281437431596
7.107384920120239,-1.3478226070895207,0.719374423526587,127.92281437431596
7.117743492126465,-1.3478226070895207,0.719374423526587,127.92281437431596
7.128814458847046,-1.3478226070895207,0.719374423526587,127.92281437431596
7.139592885971069,-1.3478226070895207,0.719374423526587,127.92281437431596
7.153837442398071,-1.3478772377905819,0.7194499884508316,127.9308419393218
7.164897203445435,-1.3478772377905819,0.7194499884508316,127.9308419393218
7.175302028656006,-1.3478772377905819,0.7194499884508316,127.9308419393218
7.185723781585693,-1.3478772377905819,0.7194499884508316,127.9308419393218
7.196187257766724,-1.3478772377905819,0.7194499884508316,127.9308419393218
7.2078166007995605,-1.3415161711966754,0.7225737666701539,127.93466575395698
7.218914270401001,-1.3415161711966754,0.7225737666701539,127.93466575395698
7.229752063751221,-1.3415161711966754,0.7225737666701539,127.93466575395698
7.2405407428741455,-1.3415161711966754,0.7225737666701539,127.93466575395698
7.254013538360596,-1.3415917154591315,0.7225195477323811,127.93080252617109
7.264804363250732,-1.3415917154591315,0.7225195477323811,127.93080252617109
7.27525520324707,-1.3415917154591315,0.7225195477323811,127.93080252617109
7.285593271255493,-1.3415917154591315,0.7225195477323811,127.93080252617109
7.295986652374268,-1.3415917154591315,0.7225195477323811,127.93080252617109
7.3077147006988525,-1.3133250257900542,0.7284379541950705,127.92265619551284
7.31807804107666,-1.3133250257900542,0.7284379541950705,127.92265619551284
7.328975677490234,-1.3133250257900542,0.7284379541950705,127.92265619551284
7.33975076675415,-1.3133250257900542,0.7284379541950705,127.92265619551284
7.352579593658447,-1.31023064342123,0.7222808990297179,127.93457941819493
7.363468408584595,-1.31023064342123,0.7222808990297179,127.93457941819493
7.374264717102051,-1.31023064342123,0.7222808990297179,127.93457941819493
7.385058403015137,-1.31023064342123,0.7222808990297179,127.93457941819493
7.3954713344573975,-1.31023064342123,0.7222808990297179,127.93457941819493
7.407088041305542,-1.3133250257900542,0.7284379541950705,127.92265619551284
7.4174487590789795,-1.3133250257900542,0.7284379541950705,127.92265619551284
7.4279186725616455,-1.3133250257900542,0.7284379541950705,127.92265619551284
7.43831205368042,-1.3133250257900542,0.7284379541950705,127.92265619551284
7.450566530227661,-1.307016945208144,0.7316347422176757,127.93451083220285
7.4614176750183105,-1.307016945208144,0.7316347422176757,127.93451083220285
7.4722230434417725,-1.307016945208144,0.7316347422176757,127.93451083220285
7.48299503326416,-1.307016945208144,0.7316347422176757,127.93451083220285
7.493827819824219,-1.307016945208144,0.7316347422176757,127.93451083220285
7.507209062576294,-1.3070399929778602,0.7315075195739634,127.92261986247675
7.517598390579224,-1.3070399929778602,0.7315075195739634,127.92261986247675
7.528053522109985,-1.3070399929778602,0.7315075195739634,127.92261986247675
7.538455009460449,-1.3070399929778602,0.7315075195739634,127.92261986247675
7.550032138824463,-1.3070399929778602,0.7315075195739634,127.92261986247675
7.560873508453369,-1.3070399929778602,0.7315075195739634,127.92261986247675
7.571686744689941,-1.3070399929778602,0.7315075195739634,127.92261986247675
7.582447528839111,-1.3070399929778602,0.7315075195739634,127.92261986247675
7.593283653259277,-1.3070399929778602,0.7315075195739634,127.92261986247675
7.606063604354858,-1.3101122026968142,0.7377918101911841,127.92258784867042
7.61646580696106,-1.3101122026968142,0.7377918101911841,127.92258784867042
7.626914739608765,-1.3101122026968142,0.7377918101911841,127.92258784867042
7.6373207569122314,-1.3101122026968142,0.7377918101911841,127.92258784867042
7.6476874351501465,-1.3101122026968142,0.7377918101911841,127.92258784867042
7.660071849822998,-1.3101877481749409,0.7377397256809448,127.91872553623048
7.670855760574341,-1.3101877481749409,0.7377397256809448,127.91872553623048
7.68162727355957,-1.3101877481749409,0.7377397256809448,127.91872553623048
7.692461967468262,-1.3101877481749409,0.7377397256809448,127.91872553623048
7.705923557281494,-1.3101122026968142,0.7377918101911841,127.92258784867042
7.716318607330322,-1.3101122026968142,0.7377918101911841,127.92258784867042
7.726764917373657,-1.3101122026968142,0.7377918101911841,127.92258784867042
7.737171411514282,-1.3101122026968142,0.7377918101911841,127.92258784867042
7.747530698776245,-1.3101122026968142,0.7377918101911841,127.92258784867042
7.75922417640686,-1.3132604129178107,0.7440240251004604,127.91869352800974
7.769999265670776,-1.3132604129178107,0.7440240251004604,127.91869352800974
7.780769348144531,-1.3132604129178107,0.7440240251004604,127.91869352800974
7.7916200160980225,-1.3132604129178107,0.7440240251004604,127.91869352800974
7.805107593536377,-1.3132604129178107,0.7440240251004604,127.91869352800974
7.815916538238525,-1.3132604129178107,0.7440240251004604,127.91869352800974
7.826371192932129,-1.3132604129178107,0.7440240251004604,127.91869352800974
7.836792945861816,-1.3132604129178107,0.7440240251004604,127.91869352800974
7.847140312194824,-1.3132604129178107,0.7440240251004604,127.91869352800974
7.858841896057129,-1.3132604129178107,0.7440240251004604,127.91869352800974
7.869271993637085,-1.3132604129178107,0.7440240251004604,127.91869352800974
7.880064249038696,-1.3132604129178107,0.7440240251004604,127.91869352800974
7.890954494476318,-1.3132604129178107,0.7440240251004604,127.91869352800974
7.90441107749939,-1.3069753776863136,0.7470940281550247,127.91865838785768
7.915258169174194,-1.3069753776863136,0.7470940281550247,127.91865838785768
7.926110029220581,-1.3069753776863136,0.7470940281550247,127.91865838785768
7.936513185501099,-1.3069753776863136,0.7470940281550247,127.91865838785768
7.946872711181641,-1.3069753776863136,0.7470940281550247,127.91865838785768
7.958679437637329,-1.3132604129178107,0.7440240251004604,127.91869352800974
7.96906590461731,-1.3132604129178107,0.7440240251004604,127.91869352800974
7.979418516159058,-1.3132604129178107,0.7440240251004604,127.91869352800974
7.990338087081909,-1.3132604129178107,0.7440240251004604,127.91869352800974
8.003862619400024,-1.3069753776863136,0.7470940281550247,127.91865838785768
8.014686346054077,-1.3069753776863136,0.7470940281550247,127.91865838785768
8.025583744049072,-1.3069753776863136,0.7470940281550247,127.91865838785768
8.036405086517334,-1.3069753776863136,0.7470940281550247,127.91865838785768
8.046772480010986,-1.3069753776863136,0.7470940281550247,127.91865838785768
8.058871507644653,-1.3069753776863136,0.7470940281550247,127.91865838785768
8.069274425506592,-1.3069753776863136,0.7470940281550247,127.91865838785768
8.080209016799927,-1.3069753776863136,0.7470940281550247,127.91865838785768
8.09111213684082,-1.3069753776863136,0.7470940281550247,127.91865838785768
8.103840589523315,-1.3069753776863136,0.7470940281550247,127.91865838785768
8.114594459533691,-1.3069753776863136,0.7470940281550247,127.91865838785768
8.125461101531982,-1.3069753776863136,0.7470940281550247,127.91865838785768
8.136287450790405,-1.3069753776863136,0.7470940281550247,127.91865838785768
8.14665412902832,-1.3069753776863136,0.7470940281550247,127.91865838785768
8.158793210983276,-1.3100480638955443,0.7533783409260487,127.91862664200121
8.169224500656128,-1.3100480638955443,0.7533783409260487,127.91862664200121
8.179618120193481,-1.3100480638955443,0.7533783409260487,127.91862664200121
8.190725564956665,-1.3100480638955443,0.7533783409260487,127.91862664200121
8.204212188720703,-1.3100728189992772,0.7532502638092426,127.90673564644952
8.21500301361084,-1.3100728189992772,0.7532502638092426,127.90673564644952
8.225895881652832,-1.3100728189992772,0.7532502638092426,127.90673564644952
8.236690282821655,-1.3100728189992772,0.7532502638092426,127.90673564644952
8.24705696105957,-1.3100728189992772,0.7532502638092426,127.90673564644952
8.259217500686646,-1.3070513502284797,0.7470423704583184,127.91479674398462
8.269620895385742,-1.3070513502284797,0.7470423704583184,127.91479674398462
8.280521631240845,-1.3070513502284797,0.7470423704583184,127.91479674398462
8.291370630264282,-1.3070513502284797,0.7470423704583184,127.91479674398462
8.304790019989014,-1.3069997059727885,0.7469663781452592,127.90676738672126
8.315548658370972,-1.3069997059727885,0.7469663781452592,127.90676738672126
8.326419830322266,-1.3069997059727885,0.7469663781452592,127.90676738672126
8.33702826499939,-1.3069997059727885,0.7469663781452592,127.90676738672126
8.347407102584839,-1.3069997059727885,0.7469663781452592,127.90676738672126
8.35927438735962,-1.3070756785134827,0.7469147204500535,127.90290668454386
8.369648933410645,-1.3070756785134827,0.7469147204500535,127.90290668454386
8.380661487579346,-1.3070756785134827,0.7469147204500535,127.90290668454386
8.391494274139404,-1.3070756785134827,0.7469147204500535,127.90290668454386
8.40491533279419,-1.3037882144681963,0.7563207002608096,127.90670141332055
8.415295839309692,-1.3037882144681963,0.7563207002608096,127.90670141332055
8.42571210861206,-1.3037882144681963,0.7563207002608096,127.90670141332055
8.436499834060669,-1.3037882144681963,0.7563207002608096,127.90670141332055
8.446855545043945,-1.3037882144681963,0.7563207002608096,127.90670141332055
8.458627223968506,-1.3733968428994852,1.7560514515886876,127.48265253558245
8.46900463104248,-1.3733968428994852,1.7560514515886876,127.48265253558245
8.479353427886963,-1.3733968428994852,1.7560514515886876,127.48265253558245
8.489777088165283,-1.3733968428994852,1.7560514515886876,127.48265253558245
8.50208330154419,-3.1622268305913064,0.5890655282984174,125.76302211881205
8.51287317276001,-3.1622268305913064,0.5890655282984174,125.76302211881205
8.523756742477417,-3.1622268305913064,0.5890655282984174,125.76302211881205
8.534549474716187,-3.1622268305913064,0.5890655282984174,125.76302211881205
8.54526400566101,-3.1622268305913064,0.5890655282984174,125.76302211881205
8.556938171386719,-14.310716541846508,3.230457408423849,124.67040241000102
8.567375421524048,-14.310716541846508,3.230457408423849,124.67040241000102
8.577726364135742,-14.310716541846508,3.230457408423849,124.67040241000102
8.588083505630493,-14.310716541846508,3.230457408423849,124.67040241000102
8.598489761352539,-14.310716541846508,3.230457408423849,124.67040241000102
8.610085248947144,-9.420308853533452,4.7036847092125695,126.80485220102445
8.620837211608887,-9.420308853533452,4.7036847092125695,126.80485220102445
8.63162636756897,-9.420308853533452,4.7036847092125695,126.80485220102445
8.642418146133423,-9.420308853533452,4.7036847092125695,126.80485220102445
8.653997421264648,-5.341282396360723,8.537526126272795,128.4670390821939
8.664800643920898,-5.341282396360723,8.537526126272795,128.4670390821939
8.675559282302856,-5.341282396360723,8.537526126272795,128.4670390821939
8.686315059661865,-5.341282396360723,8.537526126272795,128.4670390821939
8.696746110916138,-5.341282396360723,8.537526126272795,128.4670390821939
8.708986282348633,-5.202096585077976,13.409898064250005,126.03373915542073
8.719372272491455,-5.202096585077976,13.409898064250005,126.03373915542073
8.729832887649536,-5.202096585077976,13.409898064250005,126.03373915542073
8.740244388580322,-5.202096585077976,13.409898064250005,126.03373915542073
8.751820087432861,-1.5987013313473788,17.128985755634194,126.71516259855221
8.76269268989563,-1.5987013313473788,17.128985755634194,126.71516259855221
8.773527145385742,-1.5987013313473788,17.128985755634194,126.71516259855221
8.784311056137085,-1.5987013313473788,17.128985755634194,126.71516259855221
8.79518985748291,-1.5987013313473788,17.128985755634194,126.71516259855221
8.807966709136963,-3.5959059655939307,19.474795537565477,124.08329454354623
8.818365812301636,-3.5959059655939307,19.474795537565477,124.08329454354623
8.828853607177734,-3.5959059655939307,19.474795537565477,124.08329454354623
8.839268922805786,-3.5959059655939307,19.474795537565477,124.08329454354623
8.849646091461182,-3.5959059655939307,19.474795537565477,124.08329454354623
8.862034559249878,0.8436758920076813,17.519026728757492,126.10272300049331
8.872821569442749,0.8436758920076813,17.519026728757492,126.10272300049331
8.883565187454224,0.8436758920076813,17.519026728757492,126.10272300049331
8.894429445266724,0.8436758920076813,17.519026728757492,126.10272300049331
8.907944917678833,-0.09710206159760787,17.840512856355648,127.96866542003671
8.918365955352783,-0.09710206159760787,17.840512856355648,127.96866542003671
8.928832054138184,-0.09710206159760787,17.840512856355648,127.96866542003671
8.939242124557495,-0.09710206159760787,17.840512856355648,127.96866542003671
8.950830459594727,-2.6052341091670463,19.458504000398566,127.37093220213315
8.961692094802856,-2.6052341091670463,19.458504000398566,127.37093220213315
8.972491979598999,-2.6052341091670463,19.458504000398566,127.37093220213315
8.983241319656372,-2.6052341091670463,19.458504000398566,127.37093220213315
8.994132280349731,-2.6052341091670463,19.458504000398566,127.37093220213315
9.007586240768433,-0.7338918800550893,17.373895979813778,129.33547260562142
9.018028974533081,-0.7338918800550893,17.373895979813778,129.33547260562142
9.02852177619934,-0.7338918800550893,17.373895979813778,129.33547260562142
9.038939237594604,-0.7338918800550893,17.373895979813778,129.33547260562142
9.04932165145874,-0.7338918800550893,17.373895979813778,129.33547260562142
9.061018228530884,-3.5471930857514518,18.990924509220598,131.39601273162353
9.071815490722656,-3.5471930857514518,18.990924509220598,131.39601273162353
9.082584381103516,-3.5471930857514518,18.990924509220598,131.39601273162353
9.09342360496521,-3.5471930857514518,18.990924509220598,131.39601273162353
9.105024337768555,-11.35159543796594,21.548309947590884,128.08022576976617
9.115760564804077,-11.35159543796594,21.548309947590884,128.08022576976617
9.12664008140564,-11.35159543796594,21.548309947590884,128.08022576976617
9.137434720993042,-11.35159543796594,21.548309947590884,128.08022576976617
9.14803695678711,-11.35159543796594,21.548309947590884,128.08022576976617
9.160285949707031,-18.98321330415825,19.660756424919217,122.19313118159815
9.170687913894653,-18.98321330415825,19.660756424919217,122.19313118159815
9.181615591049194,-18.98321330415825,19.660756424919217,122.19313118159815
9.192480087280273,-18.98321330415825,19.660756424919217,122.19313118159815
9.204082012176514,-14.284854569268786,16.50639869805953,126.5430079073684
9.214817762374878,-14.284854569268786,16.50639869805953,126.5430079073684
9.22574496269226,-14.284854569268786,16.50639869805953,126.5430079073684
9.236552238464355,-14.284854569268786,16.50639869805953,126.5430079073684
9.247324228286743,-14.284854569268786,16.50639869805953,126.5430079073684
9.259758949279785,-21.901727464345182,21.831655610600613,118.8580709939977
9.270140886306763,-21.901727464345182,21.831655610600613,118.8580709939977
9.280492544174194,-21.901727464345182,21.831655610600613,118.8580709939977
9.290912628173828,-21.901727464345182,21.831655610600613,118.8580709939977
9.303206443786621,-23.057204631036395,21.740895781532092,117.64532800308368
9.313968896865845,-23.057204631036395,21.740895781532092,117.64532800308368
9.324784278869629,-23.057204631036395,21.740895781532092,117.64532800308368
9.335572957992554,-23.057204631036395,21.740895781532092,117.64532800308368
9.346292495727539,-23.057204631036395,21.740895781532092,117.64532800308368
9.359603643417358,-20.32138881471386,19.680066066067212,117.56466345105174
9.369995832443237,-20.32138881471386,19.680066066067212,117.56466345105174
9.380349159240723,-20.32138881471386,19.680066066067212,117.56466345105174
9.39077877998352,-20.32138881471386,19.680066066067212,117.56466345105174
9.40309190750122,-19.74430388474077,22.97518624637291,118.36077353121733
9.413854360580444,-19.74430388474077,22.97518624637291,118.36077353121733
9.424678802490234,-19.74430388474077,22.97518624637291,118.36077353121733
9.435458183288574,-19.74430388474077,22.97518624637291,118.36077353121733
9.44617748260498,-19.74430388474077,22.97518624637291,118.36077353121733
9.457811117172241,-12.392311138388527,21.25725305304044,124.42564445814857
9.468526840209961,-12.392311138388527,21.25725305304044,124.42564445814857
9.478880167007446,-12.392311138388527,21.25725305304044,124.42564445814857
9.489274978637695,-12.392311138388527,21.25725305304044,124.42564445814857
9.499775886535645,-12.392311138388527,21.25725305304044,124.42564445814857
9.511545896530151,-4.482436151956104,13.83532488462886,124.11873877116282
9.522376298904419,-4.482436151956104,13.83532488462886,124.11873877116282
9.53326678276062,-4.482436151956104,13.83532488462886,124.11873877116282
9.544080972671509,-4.482436151956104,13.83532488462886,124.11873877116282
9.555753946304321,3.6702108328194516,10.100033152300453,127.7452553462371
9.566570281982422,3.6702108328194516,10.100033152300453,127.7452553462371
9.57735824584961,3.6702108328194516,10.100033152300453,127.7452553462371
9.58830213546753,3.6702108328194516,10.100033152300453,127.7452553462371
9.59880781173706,3.6702108328194516,10.100033152300453,127.7452553462371
9.610908031463623,5.618340323279261,8.271975036280558,129.78970909993527
9.621309518814087,5.618340323279261,8.271975036280558,129.78970909993527
9.632351875305176,5.618340323279261,8.271975036280558,129.78970909993527
9.6431565284729,5.618340323279261,8.271975036280558,129.78970909993527
9.656631708145142,9.822507494814332,1.8826509544967405,132.61532520907892
9.667173385620117,9.822507494814332,1.8826509544967405,132.61532520907892
9.677922487258911,9.822507494814332,1.8826509544967405,132.61532520907892
9.688695669174194,9.822507494814332,1.8826509544967405,132.61532520907892
9.69917917251587,9.822507494814332,1.8826509544967405,132.61532520907892
9.710825204849243,13.778827889185472,-2.6658197892601865,133.3078594758649
9.721213579177856,13.778827889185472,-2.6658197892601865,133.3078594758649
9.731689691543579,13.778827889185472,-2.6658197892601865,133.3078594758649
9.742512464523315,13.778827889185472,-2.6658197892601865,133.3078594758649
9.75631332397461,17.424828996110215,-6.788179908249578,134.69405907952523
9.767194271087646,17.424828996110215,-6.788179908249578,134.69405907952523
9.777955055236816,17.424828996110215,-6.788179908249578,134.69405907952523
9.788773775100708,17.424828996110215,-6.788179908249578,134.69405907952523
9.79927372932434,17.424828996110215,-6.788179908249578,134.69405907952523
9.811391353607178,18.98192252989474,-8.405370601814695,134.67299082376002
9.821807861328125,18.98192252989474,-8.405370601814695,134.67299082376002
9.832696676254272,18.98192252989474,-8.405370601814695,134.67299082376002
9.843495845794678,18.98192252989474,-8.405370601814695,134.67299082376002
9.857032060623169,19.66565215457388,-8.705584529287263,136.32956700259453
9.867852687835693,19.66565215457388,-8.705584529287263,136.32956700259453
9.878608703613281,19.66565215457388,-8.705584529287263,136.32956700259453
9.889164209365845,19.66565215457388,-8.705584529287263,136.32956700259453
9.899584293365479,19.66565215457388,-8.705584529287263,136.32956700259453
9.911580562591553,18.378058826404352,-7.959187873219331,136.88422256823884
9.921939373016357,18.378058826404352,-7.959187873219331,136.88422256823884
9.93282437324524,18.378058826404352,-7.959187873219331,136.88422256823884
9.943583488464355,18.378058826404352,-7.959187873219331,136.88422256823884
9.957004070281982,14.45625100412111,-6.235219941020581,135.39549746464476
9.967827320098877,14.45625100412111,-6.235219941020581,135.39549746464476
9.978543281555176,14.45625100412111,-6.235219941020581,135.39549746464476
9.989311695098877,14.45625100412111,-6.235219941020581,135.39549746464476
9.999744653701782,14.45625100412111,-6.235219941020581,135.39549746464476
10.011332988739014,7.342303356730502,-3.0870868901824515,132.42500389567715
10.021687269210815,7.342303356730502,-3.0870868901824515,132.42500389567715
10.032086610794067,7.342303356730502,-3.0870868901824515,132.42500389567715
10.042973518371582,7.342303356730502,-3.0870868901824515,132.42500389567715
10.05599856376648,-1.673192640502888,-0.5187783119782806,129.48120675380778
10.066789865493774,-1.673192640502888,-0.5187783119782806,129.48120675380778
10.077563047409058,-1.673192640502888,-0.5187783119782806,129.48120675380778
10.088278770446777,-1.673192640502888,-0.5187783119782806,129.48120675380778
10.099067687988281,-1.673192640502888,-0.5187783119782806,129.48120675380778
10.110648393630981,-8.124509783186417,2.84084187595816,129.28433102564637
10.120972156524658,-8.124509783186417,2.84084187595816,129.28433102564637
10.131346940994263,-8.124509783186417,2.84084187595816,129.28433102564637
10.14171552658081,-8.124509783186417,2.84084187595816,129.28433102564637
10.153258323669434,-13.120029782383835,8.401509362558974,127.99358160322173
10.164047718048096,-13.120029782383835,8.401509362558974,127.99358160322173
10.174815893173218,-13.120029782383835,8.401509362558974,127.99358160322173
10.185588598251343,-13.120029782383835,8.401509362558974,127.99358160322173
10.196364879608154,-13.120029782383835,8.401509362558974,127.99358160322173
10.209853172302246,-9.702898845000892,8.513111638271592,130.18326931403968
10.220264911651611,-9.702898845000892,8.513111638271592,130.18326931403968
10.230642318725586,-9.702898845000892,8.513111638271592,130.18326931403968
10.241018772125244,-9.702898845000892,8.513111638271592,130.18326931403968
10.251380681991577,-9.702898845000892,8.513111638271592,130.18326931403968
10.262948513031006,-5.990381173629391,16.917308940420874,130.88639377966618
10.27371621131897,-5.990381173629391,16.917308940420874,130.88639377966618
10.284464597702026,-5.990381173629391,16.917308940420874,130.88639377966618
10.29523515701294,-5.990381173629391,16.917308940420874,130.88639377966618
10.308642864227295,-3.3058718170259866,26.949115371027734,135.05418172131053
10.319452285766602,-3.3058718170259866,26.949115371027734,135.05418172131053
10.329832315444946,-3.3058718170259866,26.949115371027734,135.05418172131053
10.340200662612915,-3.3058718170259866,26.949115371027734,135.05418172131053
10.35057258605957,-3.3058718170259866,26.949115371027734,135.05418172131053
10.36213731765747,-0.5746874869234483,31.688037692421354,138.19622749042975
10.372503995895386,-0.5746874869234483,31.688037692421354,138.19622749042975
10.383461952209473,-0.5746874869234483,31.688037692421354,138.19622749042975
10.39427399635315,-0.5746874869234483,31.688037692421354,138.19622749042975
10.407678604125977,-2.0495355992936504,33.02146738973932,135.70082521442424
10.418477535247803,-2.0495355992936504,33.02146738973932,135.70082521442424
10.429233312606812,-2.0495355992936504,33.02146738973932,135.70082521442424
10.43993330001831,-2.0495355992936504,33.02146738973932,135.70082521442424
10.450292587280273,-2.0495355992936504,33.02146738973932,135.70082521442424
10.462356328964233,-3.099074274843778,32.59060810871572,135.12178355021555
10.472721576690674,-3.099074274843778,32.59060810871572,135.12178355021555
10.483073949813843,-3.099074274843778,32.59060810871572,135.12178355021555
10.493839740753174,-3.099074274843778,32.59060810871572,135.12178355021555
10.50821852684021,-2.201993754071508,26.239158744824046,135.4382416530184
10.519009113311768,-2.201993754071508,26.239158744824046,135.4382416530184
10.529805898666382,-2.201993754071508,26.239158744824046,135.4382416530184
10.540185451507568,-2.201993754071508,26.239158744824046,135.4382416530184
10.550561904907227,-2.201993754071508,26.239158744824046,135.4382416530184
10.562144994735718,-1.2500087941338358,11.53617496701543,131.6546385140799
10.572506189346313,-1.2500087941338358,11.53617496701543,131.6546385140799
10.582853078842163,-1.2500087941338358,11.53617496701543,131.6546385140799
10.59375,-1.2500087941338358,11.53617496701543,131.6546385140799
10.607579231262207,1.5858060838706025,-2.506201723245487,128.90232663350994
10.61834454536438,1.5858060838706025,-2.506201723245487,128.90232663350994
10.62911868095398,1.5858060838706025,-2.506201723245487,128.90232663350994
10.6399085521698,1.5858060838706025,-2.506201723245487,128.90232663350994
10.650261878967285,1.5858060838706025,-2.506201723245487,128.90232663350994
10.661882638931274,0.7769437961647734,-4.47943027421357,130.54701471661537
10.67224669456482,0.7769437961647734,-4.47943027421357,130.54701471661537
10.682605504989624,0.7769437961647734,-4.47943027421357,130.54701471661537
10.692974090576172,0.7769437961647734,-4.47943027421357,130.54701471661537
10.704671621322632,1.3751083990042299,-8.915839633854938,128.46901578664543
10.715416193008423,1.3751083990042299,-8.915839633854938,128.46901578664543
10.726198196411133,1.3751083990042299,-8.915839633854938,128.46901578664543
10.736990928649902,1.3751083990042299,-8.915839633854938,128.46901578664543
10.747740507125854,1.3751083990042299,-8.915839633854938,128.46901578664543
10.760465621948242,-0.08015467129202779,-7.0323430656282735,128.9889670369768
10.770833253860474,-0.08015467129202779,-7.0323430656282735,128.9889670369768
10.781184434890747,-0.08015467129202779,-7.0323430656282735,128.9889670369768
10.79158878326416,-0.08015467129202779,-7.0323430656282735,128.9889670369768
10.801957607269287,-0.08015467129202779,-7.0323430656282735,128.9889670369768
10.813462495803833,-1.7588892887235636,0.5395323000922633,132.4294390338921
10.824374675750732,-1.7588892887235636,0.5395323000922633,132.4294390338921
10.835207223892212,-1.7588892887235636,0.5395323000922633,132.4294390338921
10.84595513343811,-1.7588892887235636,0.5395323000922633,132.4294390338921
10.857579469680786,-4.678743241877636,11.572033972985187,130.0931353408521
10.868348360061646,-4.678743241877636,11.572033972985187,130.0931353408521
10.879104375839233,-4.678743241877636,11.572033972985187,130.0931353408521
10.889855861663818,-4.678743241877636,11.572033972985187,130.0931353408521
10.900657653808594,-4.678743241877636,11.572033972985187,130.0931353408521
10.912290811538696,-4.921108467445486,18.49274012293751,131.21425402649726
10.922622680664062,-4.921108467445486,18.49274012293751,131.21425402649726
10.933050155639648,-4.921108467445486,18.49274012293751,131.21425402649726
10.943451881408691,-4.921108467445486,18.49274012293751,131.21425402649726
10.955022811889648,-5.502286249268805,24.075276487892253,131.3851387262005
10.965778827667236,-5.502286249268805,24.075276487892253,131.3851387262005
10.976544618606567,-5.502286249268805,24.075276487892253,131.3851387262005
10.987287759780884,-5.502286249268805,24.075276487892253,131.3851387262005
10.998032331466675,-5.502286249268805,24.075276487892253,131.3851387262005
11.011537790298462,-6.663870034624315,26.602956478106613,129.95412200242757
11.021857738494873,-6.663870034624315,26.602956478106613,129.95412200242757
11.032227277755737,-6.663870034624315,26.602956478106613,129.95412200242757
11.042590379714966,-6.663870034624315,26.602956478106613,129.95412200242757
11.05295205116272,-6.663870034624315,26.602956478106613,129.95412200242757
11.065343618392944,-1.52005962439906,23.442391723400448,133.1069733819673
11.075945377349854,-1.52005962439906,23.442391723400448,133.1069733819673
11.086715459823608,-1.52005962439906,23.442391723400448,133.1069733819673
11.09758448600769,-1.52005962439906,23.442391723400448,133.1069733819673
11.11110234260559,4.684040479026399,14.980455312699045,132.50367951874614
11.121615171432495,4.684040479026399,14.980455312699045,132.50367951874614
11.132137298583984,4.684040479026399,14.980455312699045,132.50367951874614
11.142549991607666,4.684040479026399,14.980455312699045,132.50367951874614
11.152935028076172,4.684040479026399,14.980455312699045,132.50367951874614
11.165278434753418,11.98424881213849,6.5510203002871705,134.90173000242729
11.176042318344116,11.98424881213849,6.5510203002871705,134.90173000242729
11.186816930770874,11.98424881213849,6.5510203002871705,134.90173000242729
11.197631120681763,11.98424881213849,6.5510203002871705,134.90173000242729
11.211129188537598,17.200246478895846,4.697133442039173,143.7332576807396
11.221538543701172,17.200246478895846,4.697133442039173,143.7332576807396
11.232004880905151,17.200246478895846,4.697133442039173,143.7332576807396
11.24241042137146,17.200246478895846,4.697133442039173,143.7332576807396
11.25278639793396,17.200246478895846,4.697133442039173,143.7332576807396
11.26442289352417,19.82658874073337,2.067497829639871,141.246604447679
11.2751944065094,19.82658874073337,2.067497829639871,141.246604447679
11.285958766937256,19.82658874073337,2.067497829639871,141.246604447679
11.296745777130127,19.82658874073337,2.067497829639871,141.246604447679
11.308325052261353,22.73474964644332,-1.0664611483277568,143.81167076367566
11.31910228729248,22.73474964644332,-1.0664611483277568,143.81167076367566
11.32988977432251,22.73474964644332,-1.0664611483277568,143.81167076367566
11.340686321258545,22.73474964644332,-1.0664611483277568,143.81167076367566
11.351288795471191,22.73474964644332,-1.0664611483277568,143.81167076367566
11.36295461654663,21.30327845380097,-0.5707934093378915,144.76529997262264
11.373332262039185,21.30327845380097,-0.5707934093378915,144.76529997262264
11.383728265762329,21.30327845380097,-0.5707934093378915,144.76529997262264
11.394938468933105,21.30327845380097,-0.5707934093378915,144.76529997262264
11.408001899719238,15.422114421878476,1.32454971348882,142.97637174065588
11.418767213821411,15.422114421878476,1.32454971348882,142.97637174065588
11.429628372192383,15.422114421878476,1.32454971348882,142.97637174065588
11.440407514572144,15.422114421878476,1.32454971348882,142.97637174065588
11.451185703277588,15.422114421878476,1.32454971348882,142.97637174065588
11.463061571121216,0.7793749263438571,4.603048658250538,137.54672384002166
11.473438262939453,0.7793749263438571,4.603048658250538,137.54672384002166
11.48378872871399,0.7793749263438571,4.603048658250538,137.54672384002166
11.494211196899414,0.7793749263438571,4.603048658250538,137.54672384002166
11.505787134170532,-9.719613764754955,7.1396065715845225,134.77407168623657
11.516546487808228,-9.719613764754955,7.1396065715845225,134.77407168623657
11.527462244033813,-9.719613764754955,7.1396065715845225,134.77407168623657
11.538277864456177,-9.719613764754955,7.1396065715845225,134.77407168623657
11.549052000045776,-9.719613764754955,7.1396065715845225,134.77407168623657
11.56153655052185,-10.70445134523267,1.0499745286196216,122.77942133781441
11.571981430053711,-10.70445134523267,1.0499745286196216,122.77942133781441
11.582374334335327,-10.70445134523267,1.0499745286196216,122.77942133781441
11.592873811721802,-10.70445134523267,1.0499745286196216,122.77942133781441
11.60328483581543,-10.70445134523267,1.0499745286196216,122.77942133781441
11.61491060256958,-9.890731533371621,2.9140842717423863,124.57970497246842
11.625761270523071,-9.890731533371621,2.9140842717423863,124.57970497246842
11.636542320251465,-9.890731533371621,2.9140842717423863,124.57970497246842
11.647259950637817,-9.890731533371621,2.9140842717423863,124.57970497246842
11.661489009857178,-11.256652488465072,7.127400026886274,128.34090610533656
11.671899318695068,-11.256652488465072,7.127400026886274,128.34090610533656
11.682252883911133,-11.256652488465072,7.127400026886274,128.34090610533656
11.692674160003662,-11.256652488465072,7.127400026886274,128.34090610533656
11.703058242797852,-11.256652488465072,7.127400026886274,128.34090610533656
11.714645147323608,-10.820939511603433,5.370282592184711,123.44480780249502
11.725453615188599,-10.820939511603433,5.370282592184711,123.44480780249502
11.73627233505249,-10.820939511603433,5.370282592184711,123.44480780249502
11.746989488601685,-10.820939511603433,5.370282592184711,123.44480780249502
11.761148929595947,-10.611468735657816,3.992864987474732,119.80446448779391
11.771934986114502,-10.611468735657816,3.992864987474732,119.80446448779391
11.782291173934937,-10.611468735657816,3.992864987474732,119.80446448779391
11.792714595794678,-10.611468735657816,3.992864987474732,119.80446448779391
11.803101539611816,-10.611468735657816,3.992864987474732,119.80446448779391
11.814691066741943,-10.59493216403974,3.731882992306523,121.73773956248786
11.82557988166809,-10.59493216403974,3.731882992306523,121.73773956248786
11.836368799209595,-10.59493216403974,3.731882992306523,121.73773956248786
11.847079753875732,-10.59493216403974,3.731882992306523,121.73773956248786
11.859843492507935,-13.940253407458625,4.806262215869833,120.47975254068926
11.870632886886597,-13.940253407458625,4.806262215869833,120.47975254068926
11.881500720977783,-13.940253407458625,4.806262215869833,120.47975254068926
11.89219617843628,-13.940253407458625,4.806262215869833,120.47975254068926
11.902619361877441,-13.940253407458625,4.806262215869833,120.47975254068926
11.914554357528687,-2.975134639077161,4.103241313709639,124.31319764260692
11.924976110458374,-2.975134639077161,4.103241313709639,124.31319764260692
11.935843706130981,-2.975134639077161,4.103241313709639,124.31319764260692
11.946601629257202,-2.975134639077161,4.103241313709639,124.31319764260692
11.958388566970825,-2.931248697283378,8.693285726349554,121.85253777105221
11.969204425811768,-2.931248697283378,8.693285726349554,121.85253777105221
11.9799222946167,-2.931248697283378,8.693285726349554,121.85253777105221
11.990721225738525,-2.931248697283378,8.693285726349554,121.85253777105221
12.001526117324829,-2.931248697283378,8.693285726349554,121.85253777105221
12.013857126235962,-4.70581509366929,6.374580404636792,120.04678143939812
12.024263620376587,-4.70581509366929,6.374580404636792,120.04678143939812
12.034687995910645,-4.70581509366929,6.374580404636792,120.04678143939812
12.045060157775879,-4.70581509366929,6.374580404636792,120.04678143939812
12.056598663330078,-1.244717393142129,0.7862908711532334,123.78121022160478
12.067378997802734,-1.244717393142129,0.7862908711532334,123.78121022160478
12.07775092124939,-1.244717393142129,0.7862908711532334,123.78121022160478
12.088498592376709,-1.244717393142129,0.7862908711532334,123.78121022160478
12.099263191223145,-1.244717393142129,0.7862908711532334,123.78121022160478
12.112742185592651,-1.4556840657513557,0.8476915521287643,124.63823465020445
12.123112916946411,-1.4556840657513557,0.8476915521287643,124.63823465020445
12.133500337600708,-1.4556840657513557,0.8476915521287643,124.63823465020445
12.14389419555664,-1.4556840657513557,0.8476915521287643,124.63823465020445
12.15425968170166,-1.4556840657513557,0.8476915521287643,124.63823465020445
12.166528224945068,-1.7906055439769988,0.7720507443996573,124.41679602003559
12.177292108535767,-1.7906055439769988,0.7720507443996573,124.41679602003559
12.18803095817566,-1.7906055439769988,0.7720507443996573,124.41679602003559
12.198808431625366,-1.7906055439769988,0.7720507443996573,124.41679602003559
12.212204456329346,-1.7504312566734923,0.7849528820735666,124.3857094279732
12.222580194473267,-1.7504312566734923,0.7849528820735666,124.3857094279732
12.232957601547241,-1.7504312566734923,0.7849528820735666,124.3857094279732
12.243331909179688,-1.7504312566734923,0.7849528820735666,124.3857094279732
12.253691911697388,-1.7504312566734923,0.7849528820735666,124.3857094279732
12.26525330543518,-1.7096923477898158,0.7827038318342843,124.38550185049746
12.276225328445435,-1.7096923477898158,0.7827038318342843,124.38550185049746
12.286964178085327,-1.7096923477898158,0.7827038318342843,124.38550185049746
12.297895669937134,-1.7096923477898158,0.7827038318342843,124.38550185049746
12.310596942901611,-1.6877935762709573,0.7862131704355455,124.37698186475058
12.321398258209229,-1.6877935762709573,0.7862131704355455,124.37698186475058
12.332202911376953,-1.6877935762709573,0.7862131704355455,124.37698186475058
12.342773199081421,-1.6877935762709573,0.7862131704355455,124.37698186475058
12.353139638900757,-1.6877935762709573,0.7862131704355455,124.37698186475058
12.365175008773804,-1.66605504691283,0.7897459929922179,124.37334299970519
12.375542163848877,-1.66605504691283,0.7897459929922179,124.37334299970519
12.38638949394226,-1.66605504691283,0.7897459929922179,124.37334299970519
12.397136688232422,-1.66605504691283,0.7897459929922179,124.37334299970519
12.411325693130493,-1.640959892166014,0.7871613754464385,124.37323941135885
12.421904563903809,-1.640959892166014,0.7871613754464385,124.37323941135885
12.432680368423462,-1.640959892166014,0.7871613754464385,124.37323941135885
12.443049907684326,-1.640959892166014,0.7871613754464385,124.37323941135885
12.453421115875244,-1.640959892166014,0.7871613754464385,124.37323941135885
12.465337038040161,-1.612919670161187,0.7941787823296842,124.38490877081288
12.475714445114136,-1.612919670161187,0.7941787823296842,124.38490877081288
12.486087083816528,-1.612919670161187,0.7941787823296842,124.38490877081288
12.496832370758057,-1.612919670161187,0.7941787823296842,124.38490877081288
12.509506702423096,-1.5849284140445408,0.8008896664301216,124.37286192137114
12.520267486572266,-1.5849284140445408,0.8008896664301216,124.37286192137114
12.531041860580444,-1.5849284140445408,0.8008896664301216,124.37286192137114
12.54180908203125,-1.5849284140445408,0.8008896664301216,124.37286192137114
12.552558898925781,-1.5849284140445408,0.8008896664301216,124.37286192137114
12.564680099487305,-1.569401591428635,0.8010168911343392,124.35743568141626
12.575048208236694,-1.569401591428635,0.8010168911343392,124.35743568141626
12.585404396057129,-1.569401591428635,0.8010168911343392,124.35743568141626
12.595778226852417,-1.569401591428635,0.8010168911343392,124.35743568141626
12.607336521148682,-1.5691662322939406,0.7851701878649631,124.34220575282309
12.618076801300049,-1.5691662322939406,0.7851701878649631,124.34220575282309
12.628847122192383,-1.5691662322939406,0.7851701878649631,124.34220575282309
12.639623165130615,-1.5691662322939406,0.7851701878649631,124.34220575282309
12.650398015975952,-1.5691662322939406,0.7851701878649631,124.34220575282309
12.663126945495605,-1.562630640328871,0.7727995719350215,124.3422760831611
12.673573017120361,-1.562630640328871,0.7727995719350215,124.3422760831611
12.683949947357178,-1.562630640328871,0.7727995719350215,124.3422760831611
12.694312572479248,-1.562630640328871,0.7727995719350215,124.3422760831611
12.704737186431885,-1.562630640328871,0.7727995719350215,124.3422760831611
12.716429710388184,-1.5593628936045625,0.7666142775162755,124.34231124842486
12.727217674255371,-1.5593628936045625,0.7666142775162755,124.34231124842486
12.737975120544434,-1.5593628936045625,0.7666142775162755,124.34231124842486
12.748718976974487,-1.5593628936045625,0.7666142775162755,124.34231124842486
12.76219391822815,-1.546726052859482,0.7574460721177537,124.33883766638283
12.773030281066895,-1.546726052859482,0.7574460721177537,124.33883766638283
12.783432006835938,-1.546726052859482,0.7574460721177537,124.33883766638283
12.79390025138855,-1.546726052859482,0.7574460721177537,124.33883766638283
12.804326295852661,-1.546726052859482,0.7574460721177537,124.33883766638283
12.815968036651611,-1.5278403144727155,0.7514597461101452,124.32693714833677
12.82642936706543,-1.5278403144727155,0.7514597461101452,124.32693714833677
12.837297201156616,-1.5278403144727155,0.7514597461101452,124.32693714833677
12.848039627075195,-1.5278403144727155,0.7514597461101452,124.32693714833677
12.861559629440308,-1.518492703257248,0.7483350938279804,124.31156871947246
12.872344017028809,-1.518492703257248,0.7483350938279804,124.31156871947246
12.883095264434814,-1.518492703257248,0.7483350938279804,124.31156871947246
12.89358377456665,-1.518492703257248,0.7483350938279804,124.31156871947246
12.903935432434082,-1.518492703257248,0.7483350938279804,124.31156871947246
12.916093349456787,-1.477816565547037,0.7461940743190785,124.3197865722263
12.926984071731567,-1.477816565547037,0.7461940743190785,124.3197865722263
12.937737703323364,-1.477816565547037,0.7461940743190785,124.3197865722263
12.948461055755615,-1.477816565547037,0.7461940743190785,124.3197865722263
12.961911916732788,-1.4527210927021699,0.7436222907469107,124.31970379406191
12.972710371017456,-1.4527210927021699,0.7436222907469107,124.31970379406191
12.98347544670105,-1.4527210927021699,0.7436222907469107,124.31970379406191
12.993868112564087,-1.4527210927021699,0.7436222907469107,124.31970379406191
13.004234552383423,-1.4527210927021699,0.7436222907469107,124.31970379406191
13.016244649887085,-1.449370974833504,0.7374946723376727,124.32322313441121
13.026629209518433,-1.449370974833504,0.7374946723376727,124.32322313441121
13.037495136260986,-1.449370974833504,0.7374946723376727,124.32322313441121
13.048027276992798,-1.449370974833504,0.7374946723376727,124.32322313441121
13.062191724777222,-1.45236880301067,0.7279866983763633,124.31981764854424
13.07298755645752,-1.45236880301067,0.7279866983763633,124.31981764854424
13.08377742767334,-1.45236880301067,0.7279866983763633,124.31981764854424
13.094146728515625,-1.45236880301067,0.7279866983763633,124.31981764854424
13.104512453079224,-1.45236880301067,0.7279866983763633,124.31981764854424
13.116402626037598,-1.45236880301067,0.7279866983763633,124.31981764854424
13.127736568450928,-1.45236880301067,0.7279866983763633,124.31981764854424
13.138631582260132,-1.45236880301067,0.7279866983763633,124.31981764854424
13.149421215057373,-1.45236880301067,0.7279866983763633,124.31981764854424
13.163803100585938,-1.45236880301067,0.7279866983763633,124.31981764854424
13.174278020858765,-1.45236880301067,0.7279866983763633,124.31981764854424
13.184680938720703,-1.45236880301067,0.7279866983763633,124.31981764854424
13.195180416107178,-1.45236880301067,0.7279866983763633,124.31981764854424
13.205602884292603,-1.45236880301067,0.7279866983763633,124.31981764854424
13.217253684997559,-1.45236880301067,0.7279866983763633,124.31981764854424
13.228148698806763,-1.45236880301067,0.7279866983763633,124.31981764854424
13.238985300064087,-1.45236880301067,0.7279866983763633,124.31981764854424
13.24975848197937,-1.45236880301067,0.7279866983763633,124.31981764854424
13.2640380859375,-1.4461024036845909,0.7313098548695792,124.32325539174158
13.274471998214722,-1.4461024036845909,0.7313098548695792,124.32325539174158
13.284852743148804,-1.4461024036845909,0.7313098548695792,124.32325539174158
13.295336246490479,-1.4461024036845909,0.7313098548695792,124.32325539174158
13.305742740631104,-1.4461024036845909,0.7313098548695792,124.32325539174158
13.317491054534912,-1.4428338630874153,0.7251250459233168,124.32328764912515
13.328433513641357,-1.4428338630874153,0.7251250459233168,124.32328764912515
13.339257955551147,-1.4428338630874153,0.7251250459233168,124.32328764912515
13.350028038024902,-1.4428338630874153,0.7251250459233168,124.32328764912515
13.362883806228638,-1.4428338630874153,0.7251250459233168,124.32328764912515
13.37370252609253,-1.4428338630874153,0.7251250459233168,124.32328764912515
13.384320735931396,-1.4428338630874153,0.7251250459233168,124.32328764912515
13.394757509231567,-1.4428338630874153,0.7251250459233168,124.32328764912515
13.405145406723022,-1.4428338630874153,0.7251250459233168,124.32328764912515
13.416878938674927,-1.446183066165365,0.7312526473757661,124.31976829716787
13.427772283554077,-1.446183066165365,0.7312526473757661,124.31976829716787
13.438598155975342,-1.446183066165365,0.7312526473757661,124.31976829716787
13.449361562728882,-1.446183066165365,0.7312526473757661,124.31976829716787
13.463677406311035,-1.446183066165365,0.7312526473757661,124.31976829716787
13.474460124969482,-1.446183066165365,0.7312526473757661,124.31976829716787
13.484835386276245,-1.446183066165365,0.7312526473757661,124.31976829716787
13.49529242515564,-1.446183066165365,0.7312526473757661,124.31976829716787
13.5056893825531,-1.446183066165365,0.7312526473757661,124.31976829716787
13.517381191253662,-1.4429140987879745,0.7250678385079913,124.31980054880064
13.528273582458496,-1.4429140987879745,0.7250678385079913,124.31980054880064
13.53908371925354,-1.4429140987879745,0.7250678385079913,124.31980054880064
13.55016279220581,-1.4429140987879745,0.7250678385079913,124.31980054880064
13.564534187316895,-1.4428338630874153,0.7251250459233168,124.32328764912515
13.574971437454224,-1.4428338630874153,0.7251250459233168,124.32328764912515
13.585346937179565,-1.4428338630874153,0.7251250459233168,124.32328764912515
13.59582257270813,-1.4428338630874153,0.7251250459233168,124.32328764912515
13.60624623298645,-1.4428338630874153,0.7251250459233168,124.32328764912515
13.61793851852417,-1.4428338630874153,0.7251250459233168,124.32328764912515
13.628842830657959,-1.4428338630874153,0.7251250459233168,124.32328764912515
13.639670848846436,-1.4428338630874153,0.7251250459233168,124.32328764912515
13.650432348251343,-1.4428338630874153,0.7251250459233168,124.32328764912515
13.664741516113281,-1.4333796405407058,0.7222057609792374,124.32327078233905
13.675181865692139,-1.4333796405407058,0.7222057609792374,124.32327078233905
13.685564994812012,-1.4333796405407058,0.7222057609792374,124.32327078233905
13.696110010147095,-1.4333796405407058,0.7222057609792374,124.32327078233905
13.706503629684448,-1.4333796405407058,0.7222057609792374,124.32327078233905
13.718173027038574,-1.4271939406301482,0.7254712788777691,124.32322236306642
13.72902512550354,-1.4271939406301482,0.7254712788777691,124.32322236306642
13.739845275878906,-1.4271939406301482,0.7254712788777691,124.32322236306642
13.750588655471802,-1.4271939406301482,0.7254712788777691,124.32322236306642
13.764916896820068,-1.4238460901498189,0.719342831411737,124.32674187983889
13.775364398956299,-1.4238460901498189,0.719342831411737,124.32674187983889
13.785746097564697,-1.4238460901498189,0.719342831411737,124.32674187983889
13.796221017837524,-1.4238460901498189,0.719342831411737,124.32674187983889
13.806629180908203,-1.4238460901498189,0.719342831411737,124.32674187983889
13.818315982818604,-1.4300885469760105,0.7161571519788841,124.33516436907631
13.829221963882446,-1.4300885469760105,0.7161571519788841,124.33516436907631
13.840034246444702,-1.4300885469760105,0.7161571519788841,124.33516436907631
13.850773572921753,-1.4300885469760105,0.7161571519788841,124.33516436907631
13.86383867263794,-1.4268205300425831,0.7099719366867063,124.33519639307947
13.874724626541138,-1.4268205300425831,0.7099719366867063,124.33519639307947
13.885130167007446,-1.4268205300425831,0.7099719366867063,124.33519639307947
13.895618200302124,-1.4268205300425831,0.7099719366867063,124.33519639307947
13.906050443649292,-1.4268205300425831,0.7099719366867063,124.33519639307947
13.917744398117065,-1.4206344153203596,0.7132370189306503,124.33514752302061
13.928650856018066,-1.4206344153203596,0.7132370189306503,124.33514752302061
13.939460039138794,-1.4206344153203596,0.7132370189306503,124.33514752302061
13.95023488998413,-1.4206344153203596,0.7132370189306503,124.33514752302061
13.964526176452637,-1.4173664343369354,0.7070518075538421,124.3351793063255
13.975187540054321,-1.4173664343369354,0.7070518075538421,124.3351793063255
13.985567569732666,-1.4173664343369354,0.7070518075538421,124.3351793063255
13.99605107307434,-1.4173664343369354,0.7070518075538421,124.3351793063255
14.006458044052124,-1.4173664343369354,0.7070518075538421,124.3351793063255
14.018178939819336,-1.4172879052130092,0.7071081609056682,124.33866807862654
14.029096364974976,-1.4172879052130092,0.7071081609056682,124.33866807862654
14.0399169921875,-1.4172879052130092,0.7071081609056682,124.33866807862654
14.050289869308472,-1.4172879052130092,0.7071081609056682,124.33866807862654
14.063839435577393,-1.4202845860508748,0.6976015308529059,124.33526044124305
14.074674129486084,-1.4202845860508748,0.6976015308529059,124.33526044124305
14.085342407226562,-1.4202845860508748,0.6976015308529059,124.33526044124305
14.095755577087402,-1.4202845860508748,0.6976015308529059,124.33526044124305
14.106136560440063,-1.4202845860508748,0.6976015308529059,124.33526044124305
14.117906093597412,-1.4202845860508748,0.6976015308529059,124.33526044124305
14.12838339805603,-1.4202845860508748,0.6976015308529059,124.33526044124305
14.139242887496948,-1.4202845860508748,0.6976015308529059,124.33526044124305
14.150042533874512,-1.4202845860508748,0.6976015308529059,124.33526044124305
14.16434621810913,-1.4170166587427704,0.6914163401670573,124.33529246540346
14.175135135650635,-1.4170166587427704,0.6914163401670573,124.33529246540346
14.185518026351929,-1.4170166587427704,0.6914163401670573,124.33529246540346
14.196375370025635,-1.4170166587427704,0.6914163401670573,124.33529246540346
14.20681357383728,-1.4170166587427704,0.6914163401670573,124.33529246540346
14.218480587005615,-1.4169389834432131,0.6914731202491039,124.33878124566621
14.229490280151367,-1.4169389834432131,0.6914731202491039,124.33878124566621
14.240320444107056,-1.4169389834432131,0.6914731202491039,124.33878124566621
14.251095056533813,-1.4169389834432131,0.6914731202491039,124.33878124566621
14.265378713607788,-1.4170166587427704,0.6914163401670573,124.33529246540346
14.275816202163696,-1.4170166587427704,0.6914163401670573,124.33529246540346
14.286192655563354,-1.4170166587427704,0.6914163401670573,124.33529246540346
14.296663284301758,-1.4170166587427704,0.6914163401670573,124.33529246540346
14.307076454162598,-1.4170166587427704,0.6914163401670573,124.33529246540346
14.318779706954956,-1.407562669826237,0.6884962225760284,124.33527465654994
14.329665660858154,-1.407562669826237,0.6884962225760284,124.33527465654994
14.340471267700195,-1.407562669826237,0.6884962225760284,124.33527465654994
14.351208448410034,-1.407562669826237,0.6884962225760284,124.33527465654994
14.364711284637451,-1.4013765910883278,0.6917612898489081,124.33522552828306
14.375523328781128,-1.4013765910883278,0.6917612898489081,124.33522552828306
14.38589334487915,-1.4013765910883278,0.6917612898489081,124.33522552828306
14.396284341812134,-1.4013765910883278,0.6917612898489081,124.33522552828306
14.406667947769165,-1.4013765910883278,0.6917612898489081,124.33522552828306
14.41830039024353,-1.3984584049315238,0.7012115547905444,124.33514580286837
14.429386854171753,-1.3984584049315238,0.7012115547905444,124.33514580286837
14.44017219543457,-1.3984584049315238,0.7012115547905444,124.33514580286837
14.450914144515991,-1.3984584049315238,0.7012115547905444,124.33514580286837
14.465286493301392,-1.3674781644798923,0.7013481688068114,124.28897969303293
14.475939512252808,-1.3674781644798923,0.7013481688068114,124.28897969303293
14.48632550239563,-1.3674781644798923,0.7013481688068114,124.28897969303293
14.496770858764648,-1.3674781644798923,0.7013481688068114,124.28897969303293
14.507158279418945,-1.3674781644798923,0.7013481688068114,124.28897969303293
14.518847465515137,-1.3238294020331896,0.7085861558775165,124.28877656052683
14.529740333557129,-1.3238294020331896,0.7085861558775165,124.28877656052683
14.540504932403564,-1.3238294020331896,0.7085861558775165,124.28877656052683
14.55087423324585,-1.3238294020331896,0.7085861558775165,124.28877656052683
14.564348220825195,-1.314374501895835,0.7056698698900333,124.28876369184889
14.575143098831177,-1.314374501895835,0.7056698698900333,124.28876369184889
14.585908651351929,-1.314374501895835,0.7056698698900333,124.28876369184889
14.596333503723145,-1.314374501895835,0.7056698698900333,124.28876369184889
14.606703758239746,-1.314374501895835,0.7056698698900333,124.28876369184889
14.618634700775146,-1.3081898791479107,0.7089375106152025,124.28872266865883
14.629040002822876,-1.3081898791479107,0.7089375106152025,124.28872266865883
14.639899492263794,-1.3081898791479107,0.7089375106152025,124.28872266865883
14.650636911392212,-1.3081898791479107,0.7089375106152025,124.28872266865883
14.66478681564331,-1.3081898791479107,0.7089375106152025,124.28872266865883
14.675592422485352,-1.3081898791479107,0.7089375106152025,124.28872266865883
14.686250686645508,-1.3081898791479107,0.7089375106152025,124.28872266865883
14.696661949157715,-1.3081898791479107,0.7089375106152025,124.28872266865883
14.707027435302734,-1.3081898791479107,0.7089375106152025,124.28872266865883
14.718778610229492,-1.3081898791479107,0.7089375106152025,124.28872266865883
14.729178667068481,-1.3081898791479107,0.7089375106152025,124.28872266865883
14.739544153213501,-1.3081898791479107,0.7089375106152025,124.28872266865883
14.750282287597656,-1.3081898791479107,0.7089375106152025,124.28872266865883
14.763739824295044,-1.3081143340899106,0.708987887116837,124.29220660152276
14.774508476257324,-1.3081143340899106,0.708987887116837,124.29220660152276
14.785252571105957,-1.3081143340899106,0.708987887116837,124.29220660152276
14.796059608459473,-1.3081143340899106,0.708987887116837,124.29220660152276
14.806434631347656,-1.3081143340899106,0.708987887116837,124.29220660152276
14.81810998916626,-1.3048445345196091,0.7028039621654582,124.29223498543966
14.828513145446777,-1.3048445345196091,0.7028039621654582,124.29223498543966
14.838886737823486,-1.3048445345196091,0.7028039621654582,124.29223498543966
14.84921145439148,-1.3048445345196091,0.7028039621654582,124.29223498543966
14.861522436141968,-1.3049196527672957,0.7027535857308111,124.28875104751418
14.872321844100952,-1.3049196527672957,0.7027535857308111,124.28875104751418
14.88303804397583,-1.3049196527672957,0.7027535857308111,124.28875104751418
14.893804550170898,-1.3049196527672957,0.7027535857308111,124.28875104751418
14.904577493667603,-1.3049196527672957,0.7027535857308111,124.28875104751418
14.916598320007324,-1.2987350467146264,0.7060212244069398,124.28871048909907
14.927011489868164,-1.2987350467146264,0.7060212244069398,124.28871048909907
14.93740177154541,-1.2987350467146264,0.7060212244069398,124.28871048909907
14.947739601135254,-1.2987350467146264,0.7060212244069398,124.28871048909907
14.958059310913086,-1.2987350467146264,0.7060212244069398,124.28871048909907
14.969623565673828,-1.2987350467146264,0.7060212244069398,124.28871048909907
14.980375051498413,-1.2987350467146264,0.7060212244069398,124.28871048909907
14.99109673500061,-1.2987350467146264,0.7060212244069398,124.28871048909907
15.001864433288574,-1.2987350467146264,0.7060212244069398,124.28871048909907
15.014553546905518,-1.3019297218627774,0.7122551032638008,124.29216628721531
15.02530026435852,-1.3019297218627774,0.7122551032638008,124.29216628721531
15.03604006767273,-1.3019297218627774,0.7122551032638008,124.29216628721531
15.046768426895142,-1.3019297218627774,0.7122551032638008,124.29216628721531
15.057121753692627,-1.3019297218627774,0.7122551032638008,124.29216628721531
15.069195985794067,-1.3019297218627774,0.7122551032638008,124.29216628721531
15.079561233520508,-1.3019297218627774,0.7122551032638008,124.29216628721531
15.090398788452148,-1.3019297218627774,0.7122551032638008,124.29216628721531
15.101162433624268,-1.3019297218627774,0.7122551032638008,124.29216628721531
15.113869667053223,-1.3113841618843511,0.7151718203275439,124.2921782176471
15.12457799911499,-1.3113841618843511,0.7151718203275439,124.2921782176471
15.135341882705688,-1.3113841618843511,0.7151718203275439,124.2921782176471
15.14570426940918,-1.3113841618843511,0.7151718203275439,124.2921782176471
15.156516075134277,-1.3113841618843511,0.7151718203275439,124.2921782176471
15.168550252914429,-1.3175687908340286,0.7119046021134016,124.29221899672123
15.178959608078003,-1.3175687908340286,0.7119046021134016,124.29221899672123
15.189356327056885,-1.3175687908340286,0.7119046021134016,124.29221899672123
15.19983983039856,-1.3175687908340286,0.7119046021134016,124.29221899672123
15.211477756500244,-1.3113841618843511,0.7151718203275439,124.2921782176471
15.222255945205688,-1.3113841618843511,0.7151718203275439,124.2921782176471
15.233124256134033,-1.3113841618843511,0.7151718203275439,124.2921782176471
15.243961811065674,-1.3113841618843511,0.7151718203275439,124.2921782176471
15.254759788513184,-1.3113841618843511,0.7151718203275439,124.2921782176471
15.267587423324585,-1.3175687908340286,0.7119046021134016,124.29221899672123
15.278043746948242,-1.3175687908340286,0.7119046021134016,124.29221899672123
15.288430213928223,-1.3175687908340286,0.7119046021134016,124.29221899672123
15.29889988899231,-1.3175687908340286,0.7119046021134016,124.29221899672123
15.309321880340576,-1.3175687908340286,0.7119046021134016,124.29221899672123
15.321678161621094,-1.317543609226364,0.7120313972889715,124.30408039661003
15.332547664642334,-1.317543609226364,0.7120313972889715,124.30408039661003
15.343384981155396,-1.317543609226364,0.7120313972889715,124.30408039661003
15.35418152809143,-1.317543609226364,0.7120313972889715,124.30408039661003
15.366721868515015,-1.3175687908340286,0.7119046021134016,124.29221899672123
15.377270460128784,-1.3175687908340286,0.7119046021134016,124.29221899672123
15.387767553329468,-1.3175687908340286,0.7119046021134016,124.29221899672123
15.398271799087524,-1.3175687908340286,0.7119046021134016,124.29221899672123
15.408687591552734,-1.3175687908340286,0.7119046021134016,124.29221899672123
15.420384645462036,-1.3175687908340286,0.7119046021134016,124.29221899672123
15.431417465209961,-1.3175687908340286,0.7119046021134016,124.29221899672123
15.44222092628479,-1.3175687908340286,0.7119046021134016,124.29221899672123
15.452989101409912,-1.3175687908340286,0.7119046021134016,124.29221899672123
15.466530561447144,-1.323753430649164,0.70863738621428,124.2922604810683
15.47736382484436,-1.323753430649164,0.70863738621428,124.2922604810683
15.487730026245117,-1.323753430649164,0.70863738621428,124.2922604810683
15.498208045959473,-1.323753430649164,0.70863738621428,124.2922604810683
15.508613586425781,-1.323753430649164,0.70863738621428,124.2922604810683
15.520281314849854,-1.323753430649164,0.70863738621428,124.2922604810683
15.531201839447021,-1.323753430649164,0.70863738621428,124.2922604810683
15.542007684707642,-1.323753430649164,0.70863738621428,124.2922604810683
15.552551507949829,-1.323753430649164,0.70863738621428,124.2922604810683
15.566759586334229,-1.323753430649164,0.70863738621428,124.2922604810683
15.577573776245117,-1.323753430649164,0.70863738621428,124.2922604810683
15.587911367416382,-1.323753430649164,0.70863738621428,124.2922604810683
15.598385095596313,-1.323753430649164,0.70863738621428,124.2922604810683
15.608787059783936,-1.323753430649164,0.70863738621428,124.2922604810683
15.620429754257202,-1.3175687908340286,0.7119046021134016,124.29221899672123
15.631337404251099,-1.3175687908340286,0.7119046021134016,124.29221899672123
15.642133474349976,-1.3175687908340286,0.7119046021134016,124.29221899672123
15.65290093421936,-1.3175687908340286,0.7119046021134016,124.29221899672123
15.667177200317383,-1.3270232987927109,0.7148213189549272,124.29223161621246
15.67771315574646,-1.3270232987927109,0.7148213189549272,124.29223161621246
15.68808126449585,-1.3270232987927109,0.7148213189549272,124.29223161621246
15.69858169555664,-1.3270232987927109,0.7148213189549272,124.29223161621246
15.70899772644043,-1.3270232987927109,0.7148213189549272,124.29223161621246
15.720662593841553,-1.3270232987927109,0.7148213189549272,124.29223161621246
15.731558561325073,-1.3270232987927109,0.7148213189549272,124.29223161621246
15.74234938621521,-1.3270232987927109,0.7148213189549272,124.29223161621246
15.753114938735962,-1.3270232987927109,0.7148213189549272,124.29223161621246
15.767387390136719,-1.3270232987927109,0.7148213189549272,124.29223161621246
15.777863502502441,-1.3270232987927109,0.7148213189549272,124.29223161621246
15.788229942321777,-1.3270232987927109,0.7148213189549272,124.29223161621246
15.798705577850342,-1.3270232987927109,0.7148213189549272,124.29223161621246
15.80918025970459,-1.3270232987927109,0.7148213189549272,124.29223161621246
15.82088828086853,-1.3364778582963195,0.7177380376489755,124.29224445999377
15.83176064491272,-1.3364778582963195,0.7177380376489755,124.29224445999377
15.842567205429077,-1.3364778582963195,0.7177380376489755,124.29224445999377
15.853333950042725,-1.3364778582963195,0.7177380376489755,124.29224445999377
15.866841316223145,-1.3364526768492122,0.7178665406669507,124.30410579029258
15.87767505645752,-1.3364526768492122,0.7178665406669507,124.30410579029258
15.888049602508545,-1.3364526768492122,0.7178665406669507,124.30410579029258
15.89851689338684,-1.3364526768492122,0.7178665406669507,124.30410579029258
15.908911228179932,-1.3364526768492122,0.7178665406669507,124.30410579029258
15.920581102371216,-1.3426377775908975,0.714599747455467,124.30414817553137
15.931053400039673,-1.3426377775908975,0.714599747455467,124.30414817553137
15.941861867904663,-1.3426377775908975,0.714599747455467,124.30414817553137
15.952632665634155,-1.3426377775908975,0.714599747455467,124.30414817553137
15.966045141220093,-1.3426377775908975,0.714599747455467,124.30414817553137
15.976832628250122,-1.3426377775908975,0.714599747455467,124.30414817553137
15.98757266998291,-1.3426377775908975,0.714599747455467,124.30414817553137
15.998213768005371,-1.3426377775908975,0.714599747455467,124.30414817553137
16.00859785079956,-1.3426377775908975,0.714599747455467,124.30414817553137
16.020704746246338,-1.3426377775908975,0.714599747455467,124.30414817553137
16.03111720085144,-1.3426377775908975,0.714599747455467,124.30414817553137
16.04192566871643,-1.3426377775908975,0.714599747455467,124.30414817553137
16.05266785621643,-1.3426377775908975,0.714599747455467,124.30414817553137
16.06613516807556,-1.3426377775908975,0.714599747455467,124.30414817553137
16.076932668685913,-1.3426377775908975,0.714599747455467,124.30414817553137
16.08769655227661,-1.3426377775908975,0.714599747455467,124.30414817553137
16.09836506843567,-1.3426377775908975,0.714599747455467,124.30414817553137
16.108744382858276,-1.3426377775908975,0.714599747455467,124.30414817553137
16.120859622955322,-1.3426377775908975,0.714599747455467,124.30414817553137
16.131279945373535,-1.3426377775908975,0.714599747455467,124.30414817553137
16.142054080963135,-1.3426377775908975,0.714599747455467,124.30414817553137
16.15282440185547,-1.3426377775908975,0.714599747455467,124.30414817553137
16.166266918182373,-1.3426377775908975,0.714599747455467,124.30414817553137
16.177056074142456,-1.3426377775908975,0.714599747455467,124.30414817553137
16.187825918197632,-1.3426377775908975,0.714599747455467,124.30414817553137
16.19850182533264,-1.3426377775908975,0.714599747455467,124.30414817553137
16.208871364593506,-1.3426377775908975,0.714599747455467,124.30414817553137
16.221022844314575,-1.3426377775908975,0.714599747455467,124.30414817553137
16.231430053710938,-1.3426377775908975,0.714599747455467,124.30414817553137
16.24179744720459,-1.3426377775908975,0.714599747455467,124.30414817553137
16.252552270889282,-1.3426377775908975,0.714599747455467,124.30414817553137
16.26601791381836,-1.3426377775908975,0.714599747455467,124.30414817553137
16.276785135269165,-1.3426377775908975,0.714599747455467,124.30414817553137
16.28753089904785,-1.3426377775908975,0.714599747455467,124.30414817553137
16.298341751098633,-1.3426377775908975,0.714599747455467,124.30414817553137
16.308717727661133,-1.3426377775908975,0.714599747455467,124.30414817553137
16.320956230163574,-1.3426377775908975,0.714599747455467,124.30414817553137
16.33146572113037,-1.3426377775908975,0.714599747455467,124.30414817553137
16.34238052368164,-1.3426377775908975,0.714599747455467,124.30414817553137
16.35314130783081,-1.3426377775908975,0.714599747455467,124.30414817553137
16.366636276245117,-1.3459072883093155,0.7207841151444172,124.30411882317134
16.377434253692627,-1.3459072883093155,0.7207841151444172,124.30411882317134
16.388204097747803,-1.3459072883093155,0.7207841151444172,124.30411882317134
16.399077892303467,-1.3459072883093155,0.7207841151444172,124.30411882317134
16.40948247909546,-1.3459072883093155,0.7207841151444172,124.30411882317134
16.421319723129272,-1.3459072883093155,0.7207841151444172,124.30411882317134
16.43177103996277,-1.3459072883093155,0.7207841151444172,124.30411882317134
16.442553997039795,-1.3459072883093155,0.7207841151444172,124.30411882317134
16.453327178955078,-1.3459072883093155,0.7207841151444172,124.30411882317134
16.467525720596313,-1.3459072883093155,0.7207841151444172,124.30411882317134
16.478319883346558,-1.3459072883093155,0.7207841151444172,124.30411882317134
16.488926887512207,-1.3459072883093155,0.7207841151444172,124.30411882317134
16.49934720993042,-1.3459072883093155,0.7207841151444172,124.30411882317134
16.509739637374878,-1.3459072883093155,0.7207841151444172,124.30411882317134
16.52134680747986,-1.3458552183646268,0.7207068425156691,124.29574204716158
16.531779050827026,-1.3458552183646268,0.7207068425156691,124.29574204716158
16.542675971984863,-1.3458552183646268,0.7207068425156691,124.29574204716158
16.553444623947144,-1.3458552183646268,0.7207068425156691,124.29574204716158
16.567012310028076,-1.3459072883093155,0.7207841151444172,124.30411882317134
16.57790994644165,-1.3459072883093155,0.7207841151444172,124.30411882317134
